1.788011, 0.005002996, -0.03329582, 0.01321448, 54.67524, 4.017926, 338.3279
1.803449, 0.005363623, -0.03613887, 0.01547526, 55.23583, 3.567637, 338.0128
1.820117, 0.005562026, -0.03866611, 0.01762222, 55.8119, 3.238153, 337.8203
1.836757, 0.005668563, -0.04050007, 0.01932148, 56.09541, 3.261986, 337.9116
1.853392, 0.005760813, -0.04165758, 0.0205568, 55.98026, 3.538181, 338.1818
1.870107, 0.006349153, -0.04328838, 0.02203755, 55.65507, 3.949482, 338.4151
1.88679, 0.006635753, -0.0446406, 0.02350371, 55.47906, 3.880835, 338.376
1.903394, 0.006792727, -0.04586582, 0.02508923, 55.44074, 3.8059, 338.3671
1.920136, 0.006887745, -0.04679194, 0.02666373, 55.37682, 3.96705, 338.5753
1.936748, 0.006985694, -0.04755323, 0.02823097, 55.2703, 4.240438, 338.8587
1.953408, 0.007139138, -0.04839424, 0.02991764, 55.22124, 4.41532, 339.034
1.970166, 0.007429653, -0.04989459, 0.03190111, 55.19623, 4.329252, 339.0161
1.986721, 0.007568348, -0.05119525, 0.03404818, 55.33942, 4.113222, 338.9137
2.003373, 0.007576108, -0.0522439, 0.03620583, 55.43853, 3.827113, 338.7965
2.020137, 0.007483152, -0.05299897, 0.03821367, 55.45786, 3.572618, 338.7116
2.036702, 0.00732718, -0.05360335, 0.04005002, 55.53014, 3.330263, 338.6139
2.053427, 0.007136998, -0.05408929, 0.04167202, 55.703, 3.140749, 338.5258
2.070072, 0.006968742, -0.0536075, 0.04254583, 55.83073, 3.165316, 338.6453
2.086771, 0.006719238, -0.05341371, 0.04342539, 56.07912, 3.110943, 338.6608
2.103514, 0.006466379, -0.05313685, 0.04404829, 56.24656, 3.101732, 338.6951
2.12016, 0.00625593, -0.05268616, 0.04436634, 56.26513, 3.107294, 338.7093
2.136729, 0.006062276, -0.05210793, 0.04447817, 56.18002, 3.121649, 338.7273
2.153444, 0.005889891, -0.05134354, 0.04431979, 56.06164, 3.288027, 338.8817
2.170107, 0.005817618, -0.05038013, 0.04377671, 55.96852, 3.290923, 338.9241
2.186759, 0.005756657, -0.04975322, 0.04343556, 55.89692, 3.328219, 338.9582
2.203474, 0.0057451, -0.04928496, 0.04309989, 55.83128, 3.411807, 338.9955
2.220123, 0.005772924, -0.04896607, 0.04277272, 55.76809, 3.450928, 338.98
2.236774, 0.00581671, -0.04879665, 0.0424812, 55.71797, 3.402477, 338.894
2.253448, 0.005901527, -0.04873532, 0.04211437, 55.70251, 3.542838, 338.9454
2.270107, 0.006014682, -0.04875201, 0.041599, 55.71034, 3.488137, 338.8461
2.286781, 0.005988733, -0.04876895, 0.04116802, 55.7405, 3.458019, 338.7817
2.303436, 0.005851531, -0.04873448, 0.04071338, 55.75459, 3.437268, 338.7508
2.320135, 0.005666658, -0.04863427, 0.04017428, 55.73796, 3.450718, 338.7581
2.336749, 0.005484407, -0.04849404, 0.03954753, 55.71275, 3.512686, 338.7984
2.353436, 0.005320884, -0.04832118, 0.03882086, 55.69954, 3.724659, 338.9848
2.370078, 0.005198877, -0.04809859, 0.03794975, 55.65464, 3.795702, 339.035
2.386765, 0.005078061, -0.04781372, 0.03713522, 55.58126, 3.859504, 339.0707
2.403457, 0.004965022, -0.04744836, 0.03633496, 55.47672, 3.914094, 339.1041
2.420135, 0.004866443, -0.04704668, 0.03555271, 55.37997, 3.963429, 339.1386
2.436756, 0.004806967, -0.04663213, 0.03477587, 55.30896, 4.030853, 339.1815
2.453422, 0.004794033, -0.04620528, 0.03396009, 55.25883, 4.169508, 339.2554
2.470119, 0.004817437, -0.04574246, 0.03306869, 55.19291, 4.210618, 339.2288
2.486794, 0.004841469, -0.04519263, 0.0321834, 55.09434, 4.265647, 339.2104
2.503456, 0.004824605, -0.04451745, 0.03128321, 54.95741, 4.389897, 339.267
2.52013, 0.004791364, -0.0438096, 0.03039118, 54.82244, 4.527322, 339.337
2.53675, 0.004762804, -0.04313666, 0.02953673, 54.72578, 4.644481, 339.3864
2.553427, 0.004776014, -0.04247613, 0.02870132, 54.64825, 4.714864, 339.4373
2.570095, 0.004839458, -0.0417777, 0.02784723, 54.57565, 4.7939, 339.4502
2.586782, 0.004757656, -0.0410049, 0.02699076, 54.48057, 4.910221, 339.5144
2.603454, 0.004564634, -0.04014434, 0.02610226, 54.36126, 5.071098, 339.6372
2.620138, 0.004302613, -0.03927176, 0.02519264, 54.25729, 5.257375, 339.7914
2.636789, 0.004014356, -0.0384356, 0.02426282, 54.16764, 5.426681, 339.9273
2.653474, 0.003789469, -0.03760273, 0.02322791, 54.08996, 5.54356, 340.0357
2.670142, 0.003677269, -0.03670529, 0.02202692, 54.01378, 5.714684, 340.1231
2.686788, 0.003467798, -0.03586619, 0.02094104, 53.9259, 5.931358, 340.266
2.703437, 0.003214007, -0.0350672, 0.01992525, 53.85321, 6.165521, 340.4387
2.720166, 0.00296263, -0.03433615, 0.01897077, 53.81294, 6.363659, 340.5867
2.73677, 0.002739972, -0.03364573, 0.01805478, 53.80653, 6.540956, 340.7165
2.753498, 0.002603333, -0.03283421, 0.01703459, 53.7909, 6.651999, 340.8214
2.77023, 0.002598704, -0.03182822, 0.01582657, 53.74675, 6.79201, 340.8685
2.78703, 0.002580262, -0.03096605, 0.01470762, 53.66138, 6.871226, 340.851
2.803402, 0.002522097, -0.03013706, 0.01364991, 53.58239, 6.910313, 340.8141
2.820086, 0.002382349, -0.02932029, 0.01269061, 53.5544, 6.884192, 340.7704
2.836771, 0.00216685, -0.02850581, 0.01178186, 53.58248, 6.798314, 340.7093
2.853412, 0.00194614, -0.02780134, 0.01092873, 53.64751, 6.576603, 340.5476
2.870078, 0.001760544, -0.02719023, 0.01010523, 53.64303, 6.451455, 340.4094
2.88688, 0.001422103, -0.02612214, 0.00891675, 53.5766, 6.349059, 340.2891
2.903512, 0.0009292956, -0.02477519, 0.007566749, 53.46261, 6.264747, 340.2177
2.920152, 0.0002926979, -0.0232517, 0.006159842, 53.32606, 6.169763, 340.1862
2.936794, -0.000465842, -0.02164949, 0.004761752, 53.20874, 6.019544, 340.1641
2.953444, -0.00128573, -0.01992725, 0.003260825, 53.15124, 5.814561, 340.087
2.970183, -0.002108244, -0.0180169, 0.001539379, 53.10189, 5.637523, 340.0415
2.986791, -0.00295611, -0.01612044, -0.0001637164, 53.02643, 5.519994, 340.0432
3.003423, -0.003799444, -0.01413645, -0.001982417, 52.90497, 5.484966, 340.0983
3.020238, -0.004617267, -0.01210266, -0.003923965, 52.76112, 5.510751, 340.182
3.036767, -0.005409793, -0.01008817, -0.005937428, 52.64459, 5.556787, 340.2704
3.053443, -0.006121338, -0.008091841, -0.007967623, 52.59386, 5.565078, 340.3288
3.07019, -0.006681839, -0.006032814, -0.01002889, 52.54902, 5.547957, 340.3553
3.086762, -0.007290615, -0.003951668, -0.01225812, 52.4413, 5.567841, 340.3931
3.103453, -0.007883774, -0.001822474, -0.01459918, 52.28208, 5.613332, 340.4407
3.120083, -0.00844615, 0.000309865, -0.01696986, 52.13169, 5.674529, 340.5017
3.136807, -0.008975641, 0.002420174, -0.01932072, 51.99795, 5.704023, 340.5493
3.15344, -0.009464798, 0.004547709, -0.0217025, 51.86365, 5.716556, 340.5628
3.170095, -0.009919684, 0.006727857, -0.02414627, 51.70887, 5.735995, 340.5609
3.186789, -0.01036956, 0.008884834, -0.02661069, 51.54793, 5.777896, 340.5768
3.203534, -0.0108169, 0.01108374, -0.02910842, 51.33589, 5.828761, 340.6039
3.220283, -0.01129114, 0.0132696, -0.03154963, 51.10485, 5.818311, 340.61
3.236773, -0.01179403, 0.01537827, -0.03388268, 50.93112, 5.792606, 340.6259
3.253435, -0.01228527, 0.01741807, -0.03618403, 50.85323, 5.84078, 340.6782
3.270106, -0.01270988, 0.01942738, -0.03856988, 50.84146, 5.900336, 340.6869
3.286796, -0.01307341, 0.02136654, -0.04097263, 50.81959, 6.015288, 340.6797
3.303471, -0.01342822, 0.02335586, -0.04342729, 50.76609, 6.219134, 340.7213
3.320342, -0.0138484, 0.02542148, -0.04582825, 50.68873, 6.455547, 340.8389
3.336829, -0.01435376, 0.02749697, -0.04810479, 50.58326, 6.59202, 340.943
3.353437, -0.01490459, 0.0295331, -0.0502852, 50.44377, 6.590972, 340.9832
3.370208, -0.01542399, 0.03151271, -0.05245493, 50.33193, 6.500461, 340.9794
3.386904, -0.01595095, 0.03356158, -0.05463156, 50.24362, 6.550932, 341.0227
3.403466, -0.01641082, 0.03572236, -0.05697452, 50.12244, 6.79904, 341.1294
3.420138, -0.01683428, 0.03794823, -0.05939313, 49.97203, 7.115246, 341.2617
3.436831, -0.01727752, 0.0401619, -0.0617362, 49.8311, 7.348845, 341.3687
3.453461, -0.01778786, 0.04237222, -0.06398996, 49.67307, 7.475976, 341.454
3.470204, -0.01835048, 0.04462834, -0.06624027, 49.46338, 7.57868, 341.5551
3.486776, -0.01887846, 0.04696415, -0.06859671, 49.21012, 7.783822, 341.7103
3.503459, -0.01931926, 0.04934301, -0.07103356, 48.97889, 8.047211, 341.8823
3.52013, -0.01977649, 0.05163179, -0.07335382, 48.78091, 8.336905, 342.051
3.53682, -0.02024172, 0.05383371, -0.07556982, 48.60198, 8.609393, 342.1939
3.553513, -0.02074339, 0.05597885, -0.07766919, 48.42057, 8.839704, 342.3271
3.570166, -0.02131549, 0.05808121, -0.07962237, 48.22989, 9.019847, 342.4761
3.586827, -0.02187521, 0.06017753, -0.08141998, 48.01786, 9.200086, 342.6621
3.603479, -0.02229865, 0.06228239, -0.08312877, 47.78563, 9.333411, 342.8108
3.620148, -0.02278615, 0.06422178, -0.08481358, 47.57055, 9.517336, 342.9509
3.636787, -0.02325801, 0.06600283, -0.08642636, 47.40787, 9.712102, 343.0662
3.653494, -0.02371537, 0.06765502, -0.08796294, 47.26249, 9.848449, 343.1323
3.67027, -0.0241742, 0.06921858, -0.08945148, 47.10549, 9.921385, 343.1603
3.686812, -0.02449809, 0.07069233, -0.09077532, 46.9108, 9.98708, 343.2003
3.703599, -0.02459779, 0.07204904, -0.0918337, 46.71391, 9.982757, 343.2107
3.720155, -0.02498969, 0.07342803, -0.09312997, 46.50367, 9.978775, 343.2332
3.736831, -0.02547374, 0.07476647, -0.09450785, 46.29553, 10.0176, 343.2761
3.753616, -0.02596511, 0.07602107, -0.09590991, 46.10239, 10.09747, 343.3219
3.77016, -0.0264436, 0.07716653, -0.09728508, 45.93966, 10.20552, 343.3705
3.7868, -0.0269052, 0.07820306, -0.09860694, 45.80526, 10.33378, 343.4276
3.80349, -0.02692236, 0.07877672, -0.09930135, 45.66319, 10.42863, 343.4421
3.820144, -0.02717267, 0.07945242, -0.1002881, 45.5106, 10.48313, 343.4326
3.836815, -0.02748383, 0.08007006, -0.1012791, 45.38322, 10.53935, 343.4289
3.85364, -0.02781032, 0.08058187, -0.1021628, 45.29569, 10.60489, 343.4445
3.870189, -0.02811172, 0.08095615, -0.1029199, 45.24993, 10.65652, 343.4467
3.886828, -0.02836525, 0.08121353, -0.103567, 45.23548, 10.7024, 343.436
3.903643, -0.02840927, 0.08118195, -0.1037137, 45.24093, 10.68791, 343.4149
3.920138, -0.02855509, 0.08119791, -0.1039853, 45.28601, 10.68491, 343.3759
3.936834, -0.02873588, 0.08125265, -0.1042763, 45.31208, 10.72047, 343.3715
3.953547, -0.02890551, 0.08130927, -0.1045378, 45.31751, 10.75719, 343.3637
3.970258, -0.02903946, 0.08131748, -0.1047299, 45.33413, 10.74986, 343.3145
3.98688, -0.02915355, 0.08130987, -0.1048845, 45.38312, 10.75455, 343.2599
4.003584, -0.0290621, 0.08088785, -0.1043526, 45.42989, 10.79681, 343.2445
4.020165, -0.02914157, 0.08089469, -0.1043183, 45.45316, 10.91983, 343.2867
4.037015, -0.02925699, 0.08106976, -0.1044544, 45.43067, 11.03611, 343.3384
4.053557, -0.0293333, 0.08127306, -0.104633, 45.38892, 11.10067, 343.3498
4.070348, -0.02935753, 0.08145633, -0.1048015, 45.36628, 11.13248, 343.3322
4.086982, -0.02933939, 0.08166144, -0.1049907, 45.32669, 11.1759, 343.3126
4.103527, -0.02934472, 0.08219427, -0.1054943, 45.25183, 11.21337, 343.2966
4.120216, -0.02931495, 0.08250768, -0.1057265, 45.17857, 11.27084, 343.2934
4.137027, -0.02925016, 0.08270452, -0.1057888, 45.10976, 11.28563, 343.2839
4.153662, -0.02914453, 0.08281845, -0.105716, 45.04662, 11.26851, 343.2765
4.170138, -0.02898867, 0.0828137, -0.105496, 45.00626, 11.19372, 343.2468
4.186925, -0.02878167, 0.08267383, -0.1051468, 45.00969, 11.08447, 343.1991
4.203646, -0.028658, 0.08283016, -0.1053677, 45.01397, 10.94819, 343.1689
4.220204, -0.02849503, 0.08267958, -0.1050572, 45.00628, 10.77789, 343.1469
4.236932, -0.02834208, 0.08238713, -0.104488, 44.95233, 10.49319, 343.1183
4.253533, -0.02816072, 0.08196414, -0.103774, 44.911, 10.15251, 343.0883
4.270268, -0.02786165, 0.08138725, -0.1030382, 44.9623, 9.913251, 343.0832
4.286915, -0.02739397, 0.08065413, -0.1023598, 45.09649, 9.778268, 343.0664
4.303568, -0.02673583, 0.08010995, -0.1022411, 45.23935, 9.66218, 343.0097
4.320267, -0.0259973, 0.07932176, -0.1018965, 45.37894, 9.548016, 342.8976
4.336874, -0.02522846, 0.07845955, -0.1015007, 45.50034, 9.426198, 342.7802
4.353595, -0.02447974, 0.07757155, -0.1010658, 45.60614, 9.238485, 342.6494
4.370248, -0.02376739, 0.07669643, -0.1006281, 45.68311, 8.980073, 342.5058
4.386921, -0.02305379, 0.07590462, -0.1002889, 45.67727, 8.69166, 342.3524
4.403502, -0.02231806, 0.07512312, -0.1006349, 45.56085, 8.415222, 342.1467
4.420335, -0.02149744, 0.07440326, -0.1007317, 45.5223, 8.241815, 341.9322
4.436833, -0.02068764, 0.07373241, -0.1007076, 45.60962, 8.214105, 341.7793
4.453656, -0.01998122, 0.07314914, -0.1005849, 45.78798, 8.264948, 341.6919
4.470289, -0.01946839, 0.07272396, -0.1003863, 45.94778, 8.287476, 341.6551
4.48701, -0.01915005, 0.07251532, -0.1001893, 45.99924, 8.283634, 341.6675
4.503662, -0.01903623, 0.07150351, -0.1003305, 45.88395, 8.277759, 341.7001
4.520205, -0.01894605, 0.07118041, -0.1002844, 45.81661, 8.316657, 341.7324
4.536931, -0.0189095, 0.07103255, -0.100073, 45.80284, 8.383342, 341.7746
4.553575, -0.01894701, 0.07091103, -0.09969282, 45.82507, 8.428932, 341.8221
4.570246, -0.01904864, 0.07078576, -0.09917982, 45.84649, 8.428573, 341.8632
4.586879, -0.01918481, 0.07063684, -0.09859148, 45.87745, 8.429846, 341.911
4.60361, -0.01908318, 0.0698235, -0.09822968, 45.87714, 8.429089, 341.9889
4.620177, -0.01911898, 0.06938223, -0.0977164, 45.97712, 8.495021, 342.0649
4.636981, -0.01914963, 0.06902014, -0.09719456, 46.07464, 8.545139, 342.1098
4.6537, -0.01911995, 0.06864598, -0.09672606, 46.16362, 8.579669, 342.1199
4.670252, -0.01900526, 0.06822315, -0.0963351, 46.26297, 8.61136, 342.0892
4.686933, -0.01882776, 0.06774465, -0.09604179, 46.37996, 8.64366, 342.0161
4.703626, -0.0188827, 0.06661228, -0.09528761, 46.42759, 8.658878, 341.9243
4.720167, -0.01879486, 0.0659627, -0.0950689, 46.4521, 8.704045, 341.8173
4.736948, -0.01867665, 0.06550314, -0.09508795, 46.43246, 8.751869, 341.705
4.753641, -0.01857306, 0.06512544, -0.09520444, 46.41542, 8.825941, 341.6053
4.770232, -0.01850531, 0.06477908, -0.09535979, 46.40967, 8.903157, 341.5029
4.787033, -0.01848667, 0.06447139, -0.09555577, 46.38339, 8.979839, 341.3951
4.803544, -0.0185161, 0.06379108, -0.09577233, 46.30331, 9.037501, 341.3053
4.820256, -0.01863752, 0.06344253, -0.09595713, 46.24832, 9.14671, 341.2694
4.836891, -0.01881103, 0.06317705, -0.09605806, 46.21671, 9.217691, 341.2363
4.853549, -0.01901075, 0.0629235, -0.0961073, 46.2023, 9.273966, 341.1888
4.870217, -0.01924951, 0.06268297, -0.0961201, 46.19501, 9.335099, 341.1377
4.886866, -0.01956948, 0.06242288, -0.09620132, 46.18604, 9.360596, 341.1155
4.903538, -0.01997811, 0.06213846, -0.09644799, 46.18998, 9.452066, 341.1552
4.920209, -0.02041304, 0.06190488, -0.09638639, 46.19268, 9.504298, 341.2045
4.936868, -0.02078918, 0.06164583, -0.09621572, 46.22398, 9.541204, 341.2295
4.953715, -0.0210993, 0.06136313, -0.09602522, 46.29881, 9.599263, 341.2407
4.970258, -0.02163475, 0.0609565, -0.0957595, 46.45735, 9.843622, 341.3381
4.986917, -0.02157825, 0.06027737, -0.09559054, 46.52339, 9.978248, 341.41
5.003537, -0.02168521, 0.06005307, -0.09554495, 46.55366, 10.13001, 341.4631
5.020332, -0.02184703, 0.0600123, -0.09551945, 46.56247, 10.24322, 341.4912
5.038652, -0.02205452, 0.06010379, -0.09548572, 46.54555, 10.37227, 341.5443
5.055734, -0.02229788, 0.06028723, -0.09540729, 46.51975, 10.51271, 341.6251
5.070282, -0.02254741, 0.06049842, -0.09527285, 46.51262, 10.63567, 341.697
5.086935, -0.02253297, 0.06020854, -0.09508018, 46.54613, 10.72574, 341.7444
5.103819, -0.0227068, 0.06033735, -0.09496151, 46.50301, 10.84976, 341.7939
5.120235, -0.02298, 0.06062258, -0.0948578, 46.41814, 10.97499, 341.8543
5.137089, -0.02330837, 0.06093815, -0.09471729, 46.31892, 11.10659, 341.9329
5.154396, -0.02363672, 0.06119103, -0.09449931, 46.23716, 11.21845, 342.0041
5.170331, -0.02392451, 0.06134275, -0.09420502, 46.18979, 11.316, 342.0626
5.186967, -0.02391073, 0.06120376, -0.09410122, 46.21675, 11.38268, 342.0818
5.203584, -0.02395768, 0.0611278, -0.09385385, 46.19481, 11.50139, 342.1267
5.220331, -0.02395338, 0.06099143, -0.09352833, 46.20129, 11.61643, 342.1633
5.237589, -0.0238862, 0.06076363, -0.09311511, 46.24631, 11.70183, 342.1862
5.254549, -0.02377677, 0.06047505, -0.09263276, 46.32143, 11.78842, 342.2266
5.270325, -0.02363173, 0.06014482, -0.09210575, 46.42246, 11.88163, 342.2875
5.287259, -0.02338087, 0.05985498, -0.09161198, 46.60791, 11.93307, 342.3252
5.30429, -0.02312576, 0.05950201, -0.09110019, 46.7534, 12.04451, 342.3867
5.320494, -0.02284869, 0.05915713, -0.09062925, 46.89017, 12.1441, 342.4388
5.337131, -0.02254937, 0.05884508, -0.09023765, 47.00407, 12.22424, 342.4679
5.353729, -0.02225043, 0.05858933, -0.08993728, 47.10069, 12.29084, 342.4803
5.371123, -0.02197631, 0.05849223, -0.08977237, 47.24538, 12.34271, 342.4654
5.388609, -0.02177406, 0.05859682, -0.08975315, 47.30319, 12.45526, 342.4858
5.403591, -0.02167466, 0.05871515, -0.08980912, 47.30844, 12.55774, 342.5146
5.420299, -0.0216478, 0.05890301, -0.08996105, 47.2485, 12.62975, 342.5301
5.436973, -0.02166089, 0.05913779, -0.09016827, 47.14372, 12.67517, 342.5273
5.454861, -0.02169007, 0.059371, -0.09036599, 47.04586, 12.71668, 342.5174
5.470417, -0.02170048, 0.05975615, -0.09074406, 47.01237, 12.74441, 342.5005
5.486979, -0.02167448, 0.06039324, -0.09148423, 46.94889, 12.79328, 342.4909
5.503547, -0.02165624, 0.06070321, -0.09179382, 46.8925, 12.82731, 342.4856
5.520278, -0.02160412, 0.06087164, -0.09193125, 46.83797, 12.84915, 342.4807
5.537011, -0.02147666, 0.06093105, -0.09195744, 46.81533, 12.87083, 342.4768
5.554125, -0.02127287, 0.060871, -0.09188645, 46.85802, 12.88672, 342.4687
5.570207, -0.02101348, 0.06079111, -0.09179261, 46.95628, 12.93424, 342.4988
5.58719, -0.02073142, 0.06076595, -0.09174126, 47.01532, 12.99789, 342.5167
5.603602, -0.02043545, 0.06064495, -0.09172264, 47.06282, 13.04043, 342.5266
5.620309, -0.02013573, 0.06047672, -0.09174717, 47.1281, 13.09611, 342.5445
5.637037, -0.01983631, 0.06030739, -0.0918501, 47.19692, 13.18805, 342.5774
5.655172, -0.01954111, 0.06015201, -0.0920362, 47.24669, 13.28697, 342.603
5.670309, -0.01926371, 0.06008247, -0.09221508, 47.32137, 13.36531, 342.6365
5.686988, -0.0189992, 0.06009402, -0.09225318, 47.33862, 13.46415, 342.6524
5.703889, -0.0187758, 0.05998508, -0.09236371, 47.37516, 13.53274, 342.67
5.720256, -0.01857858, 0.05984313, -0.09249385, 47.41302, 13.58267, 342.6761
5.73702, -0.01840159, 0.05969786, -0.09263659, 47.44384, 13.61731, 342.6615
5.753636, -0.01826492, 0.0595783, -0.09277719, 47.46671, 13.65365, 342.6477
5.770283, -0.01815641, 0.05947807, -0.09279121, 47.52363, 13.7054, 342.6769
5.787086, -0.01803499, 0.05940083, -0.09261116, 47.52298, 13.74928, 342.6866
5.803658, -0.01801327, 0.05934124, -0.09257938, 47.51897, 13.75919, 342.6779
5.820314, -0.01803292, 0.05928151, -0.09255903, 47.52172, 13.74818, 342.6631
5.837201, -0.01806811, 0.05922219, -0.09252404, 47.52555, 13.73057, 342.6419
5.854605, -0.01811803, 0.05917663, -0.09246896, 47.53355, 13.73692, 342.6377
5.871069, -0.01815799, 0.05919483, -0.09235463, 47.56188, 13.78489, 342.6912
5.886965, -0.01814176, 0.05929594, -0.09214343, 47.5562, 13.78648, 342.6958
5.903606, -0.01817621, 0.0592928, -0.09191926, 47.57413, 13.76983, 342.7113
5.920331, -0.01821307, 0.05925393, -0.09170236, 47.60823, 13.76314, 342.7367
5.936974, -0.01823658, 0.05920353, -0.09152602, 47.64103, 13.75942, 342.748
5.954155, -0.01826836, 0.059163, -0.09139148, 47.6747, 13.77905, 342.7711
5.970367, -0.01823591, 0.05909754, -0.09118526, 47.72429, 13.83863, 342.8313
5.987212, -0.01806601, 0.05894588, -0.09078952, 47.70583, 13.85292, 342.8383
6.003864, -0.01804436, 0.05887313, -0.09060649, 47.68512, 13.84833, 342.8413
6.020401, -0.01807848, 0.05880643, -0.0904731, 47.676, 13.85197, 342.8522
6.036931, -0.01812704, 0.05870761, -0.09033324, 47.67815, 13.83984, 342.8482
6.053619, -0.01816902, 0.05856769, -0.09017781, 47.68809, 13.82119, 342.834
6.070298, -0.01827596, 0.05848221, -0.08999987, 47.71894, 13.81534, 342.8485
6.087406, -0.01848983, 0.05851986, -0.08979061, 47.73745, 13.79285, 342.8262
6.103717, -0.01847898, 0.05830594, -0.08957247, 47.78262, 13.75926, 342.7881
6.120356, -0.0183673, 0.05798752, -0.08935731, 47.86114, 13.73699, 342.7551
6.137665, -0.01819356, 0.0576396, -0.08918796, 47.94541, 13.72994, 342.722
6.154679, -0.01798959, 0.05730019, -0.08908458, 48.02002, 13.73791, 342.6915
6.170589, -0.01784432, 0.05707129, -0.08906025, 48.07656, 13.79229, 342.7146
6.189009, -0.01781067, 0.05701169, -0.08908816, 48.09744, 13.85274, 342.7258
6.204527, -0.01763193, 0.05681047, -0.0891003, 48.13102, 13.90895, 342.7365
6.220428, -0.01739756, 0.05652209, -0.08907729, 48.19088, 13.94542, 342.7365
6.237012, -0.01714826, 0.05616948, -0.08902662, 48.28989, 13.97751, 342.7303
6.253752, -0.01691665, 0.05578833, -0.0889752, 48.40363, 14.01575, 342.7298
6.27036, -0.01680508, 0.05558083, -0.08905273, 48.50718, 14.06564, 342.7541
6.287004, -0.01691896, 0.05571769, -0.08934881, 48.57972, 14.06707, 342.721
6.303697, -0.01689526, 0.0554257, -0.08938327, 48.66154, 14.00834, 342.643
6.320361, -0.01688499, 0.05502248, -0.0893203, 48.74421, 13.94662, 342.5678
6.337, -0.01694303, 0.05463316, -0.08922686, 48.81245, 13.90572, 342.5217
6.354616, -0.01707498, 0.0542774, -0.08910652, 48.87427, 13.8651, 342.4944
6.370265, -0.01737155, 0.05410038, -0.088878, 48.92849, 13.82857, 342.5144
6.387002, -0.01791029, 0.05422286, -0.08845252, 48.97654, 13.77376, 342.5239
6.403708, -0.01825974, 0.05406185, -0.08818217, 49.04171, 13.70125, 342.5134
6.420336, -0.01853815, 0.0538311, -0.08800519, 49.11452, 13.64744, 342.5015
6.437042, -0.01879388, 0.05362174, -0.08790082, 49.18245, 13.6222, 342.501
6.456141, -0.01905505, 0.05346537, -0.0878538, 49.22609, 13.59354, 342.4966
6.470401, -0.0192849, 0.05342246, -0.08778641, 49.25365, 13.56007, 342.5087
6.487, -0.01940599, 0.0535451, -0.0876111, 49.25516, 13.56288, 342.543
6.503623, -0.01968491, 0.053581, -0.0875582, 49.24586, 13.54092, 342.5634
6.521785, -0.02000737, 0.05357241, -0.08753982, 49.22566, 13.49128, 342.5573
6.536996, -0.02032682, 0.05350683, -0.08751129, 49.22948, 13.43374, 342.5343
6.553665, -0.02064, 0.0533985, -0.08745147, 49.27042, 13.38251, 342.5071
6.570344, -0.02082828, 0.05329619, -0.08721106, 49.33723, 13.32133, 342.4915
6.587003, -0.02072965, 0.0532456, -0.0866591, 49.37701, 13.25239, 342.481
6.603663, -0.02096907, 0.05319186, -0.08640277, 49.37276, 13.19774, 342.4907
6.62034, -0.02130486, 0.05308095, -0.08620735, 49.36411, 13.12762, 342.4864
6.636998, -0.02165589, 0.05285614, -0.08595403, 49.4044, 13.03079, 342.4588
6.655364, -0.02200609, 0.05253867, -0.08564153, 49.49734, 12.9277, 342.42
6.67035, -0.0222886, 0.05204254, -0.08509839, 49.58024, 12.86063, 342.4088
6.687073, -0.02243116, 0.05122321, -0.08408973, 49.61615, 12.79188, 342.402
6.703653, -0.02270032, 0.05073904, -0.08354197, 49.65489, 12.71698, 342.3892
6.720646, -0.02297934, 0.05030541, -0.0831342, 49.73269, 12.64395, 342.361
6.737092, -0.02323967, 0.04988465, -0.08279688, 49.83366, 12.587, 342.3297
6.753802, -0.02348231, 0.04952848, -0.08253893, 49.91474, 12.57385, 342.3264
6.770565, -0.02371319, 0.04925456, -0.08221957, 49.96867, 12.58609, 342.3536
6.787066, -0.02391931, 0.04904421, -0.08168191, 50.01975, 12.59022, 342.373
6.80372, -0.02406994, 0.04878298, -0.08137651, 50.09533, 12.5964, 342.3896
6.820693, -0.02417589, 0.04852559, -0.08117177, 50.18513, 12.62324, 342.4116
6.837018, -0.02424601, 0.04831993, -0.08103961, 50.2584, 12.67576, 342.4459
6.853729, -0.02428388, 0.0481685, -0.08094598, 50.30595, 12.7274, 342.4818
6.870329, -0.02434945, 0.04787241, -0.08056575, 50.34402, 12.78821, 342.5213
6.887039, -0.02453549, 0.04721331, -0.07952023, 50.3809, 12.83886, 342.5639
6.903708, -0.02459179, 0.04690948, -0.07906768, 50.44123, 12.88183, 342.5938
6.920465, -0.02462504, 0.04674352, -0.07883123, 50.51314, 12.93534, 342.6274
6.937063, -0.02468026, 0.0466726, -0.07871607, 50.56369, 13.00552, 342.6718
6.953711, -0.02476492, 0.04668143, -0.07868203, 50.57261, 13.07521, 342.7202
6.970376, -0.02485826, 0.04659607, -0.07848069, 50.56419, 13.1179, 342.7413
6.987039, -0.02495734, 0.04626454, -0.07786315, 50.56108, 13.14528, 342.7534
7.003691, -0.02512306, 0.04614802, -0.07763703, 50.57175, 13.16891, 342.7708
7.020359, -0.02533854, 0.04611743, -0.07753325, 50.57035, 13.18487, 342.7904
7.037025, -0.0255804, 0.04613479, -0.07744136, 50.54645, 13.19625, 342.8227
7.053679, -0.02579928, 0.04613179, -0.07729392, 50.52484, 13.16776, 342.8299
7.070361, -0.02592402, 0.04605197, -0.07692965, 50.54214, 13.08703, 342.7862
7.087048, -0.02590639, 0.04591166, -0.0762126, 50.60644, 13.00249, 342.7394
7.103696, -0.0259937, 0.04584482, -0.07580794, 50.66551, 12.95713, 342.7232
7.120327, -0.02613169, 0.04586938, -0.07555564, 50.67789, 12.91581, 342.7227
7.137146, -0.02626267, 0.04593549, -0.07538211, 50.66215, 12.8373, 342.6985
7.153749, -0.02635301, 0.04599618, -0.07527242, 50.66814, 12.75149, 342.6544
7.170326, -0.02643158, 0.04611202, -0.07520575, 50.68801, 12.68016, 342.5955
7.187055, -0.0265482, 0.04635545, -0.07512285, 50.68065, 12.64903, 342.5388
7.204174, -0.02665152, 0.04661366, -0.07527394, 50.61956, 12.62744, 342.4978
7.220448, -0.02678475, 0.04692535, -0.07551088, 50.52839, 12.61832, 342.4919
7.237175, -0.02692673, 0.04724586, -0.07575697, 50.44094, 12.6041, 342.5009
7.254237, -0.02704229, 0.04753874, -0.07599287, 50.38345, 12.58991, 342.5116
7.270391, -0.02716956, 0.04780619, -0.07610878, 50.34599, 12.58363, 342.5055
7.287037, -0.02739711, 0.04805362, -0.07596324, 50.33046, 12.61259, 342.5223
7.303667, -0.0275376, 0.04833605, -0.07608366, 50.31127, 12.64146, 342.5543
7.320409, -0.02767537, 0.04865825, -0.07631006, 50.27644, 12.67063, 342.6011
7.337039, -0.02782412, 0.04900837, -0.07660386, 50.22952, 12.70205, 342.6512
7.353741, -0.0279787, 0.04937281, -0.07695559, 50.17908, 12.75213, 342.7056
7.370372, -0.02808966, 0.04959516, -0.07715816, 50.12044, 12.7634, 342.7215
7.387058, -0.02811851, 0.04952879, -0.07701164, 50.07687, 12.79181, 342.7408
7.403683, -0.02828811, 0.04973057, -0.0772052, 50.04016, 12.8114, 342.761
7.420355, -0.02853875, 0.05004042, -0.07752481, 49.99049, 12.82265, 342.7764
7.437166, -0.02885032, 0.05041016, -0.07790234, 49.9166, 12.82932, 342.7867
7.453709, -0.02921227, 0.05079471, -0.07828029, 49.83469, 12.80857, 342.7787
7.470973, -0.02951297, 0.05103353, -0.07826957, 49.74211, 12.76447, 342.757
7.487041, -0.02962882, 0.05099918, -0.07752707, 49.66941, 12.71982, 342.7426
7.503766, -0.02993576, 0.05124664, -0.07744422, 49.6074, 12.69107, 342.7457
7.520419, -0.03029604, 0.05159032, -0.07755727, 49.56203, 12.67881, 342.7671
7.537941, -0.03066026, 0.0519843, -0.07774442, 49.51423, 12.68391, 342.8032
7.555718, -0.03099836, 0.05241155, -0.077979, 49.45185, 12.69499, 342.8423
7.571313, -0.03117761, 0.05273366, -0.07801062, 49.35782, 12.70756, 342.8699
7.588284, -0.03108993, 0.05283732, -0.07760107, 49.29324, 12.70911, 342.8806
7.60481, -0.03117023, 0.05316685, -0.07766234, 49.24331, 12.75813, 342.929
7.62134, -0.03129165, 0.05357297, -0.07787722, 49.20048, 12.8172, 342.9948
7.637924, -0.03139619, 0.05399868, -0.07816654, 49.14737, 12.85477, 343.042
7.654757, -0.03145422, 0.05443577, -0.07852297, 49.0738, 12.89717, 343.0751
7.6715, -0.03149616, 0.05489105, -0.07879125, 48.97958, 12.95761, 343.1016
7.688187, -0.03156893, 0.05535792, -0.07878298, 48.91196, 13.01285, 343.1363
7.704834, -0.03153337, 0.05571068, -0.07894933, 48.84392, 13.04052, 343.1534
7.722173, -0.03140004, 0.05595162, -0.07913912, 48.7875, 13.03963, 343.1408
7.738546, -0.03116566, 0.05608436, -0.07930957, 48.76644, 13.04675, 343.1143
7.755625, -0.03084928, 0.05616147, -0.07944864, 48.76761, 13.09916, 343.1095
7.771547, -0.03043994, 0.05627493, -0.07937647, 48.76225, 13.17306, 343.1099
7.788086, -0.02992488, 0.05646325, -0.07889262, 48.79535, 13.18116, 343.0953
7.804747, -0.02946758, 0.05640325, -0.07857834, 48.87725, 13.17471, 343.0787
7.821651, -0.0290619, 0.05628357, -0.0783373, 48.98341, 13.21176, 343.1006
7.838128, -0.02870405, 0.05618856, -0.07819128, 49.07749, 13.28731, 343.1481
7.856602, -0.02838824, 0.05613814, -0.07814314, 49.15269, 13.3614, 343.1996
7.871411, -0.02808548, 0.05596671, -0.07804637, 49.21616, 13.45332, 343.2684
7.888218, -0.02776639, 0.05551424, -0.07776164, 49.24992, 13.58114, 343.3663
7.904827, -0.02751352, 0.05548715, -0.07792795, 49.23993, 13.71704, 343.4331
7.921979, -0.02730926, 0.05562271, -0.07827172, 49.23616, 13.86511, 343.4869
7.937942, -0.02718126, 0.05587301, -0.07869981, 49.21901, 14.01805, 343.5406
7.96417, -0.02715498, 0.05622531, -0.07917315, 49.17278, 14.15677, 343.5851
7.971225, -0.02718921, 0.05645569, -0.07943034, 49.09495, 14.26194, 343.6189
7.988795, -0.02726073, 0.05637084, -0.07921219, 49.00365, 14.32702, 343.6469
8.00491, -0.02766134, 0.05675954, -0.07926768, 48.89045, 14.36396, 343.6798
8.022236, -0.02830294, 0.05732489, -0.07927845, 48.78543, 14.37586, 343.7274
8.038084, -0.02914932, 0.05796774, -0.0791387, 48.69485, 14.36742, 343.8065
8.055098, -0.03015252, 0.05864889, -0.07884865, 48.59639, 14.33964, 343.9037
8.071294, -0.03116444, 0.05948569, -0.07852335, 48.48854, 14.28289, 343.9872
8.088388, -0.03204002, 0.06060011, -0.07823145, 48.39951, 14.20097, 344.0731
8.104848, -0.03320457, 0.06133706, -0.07753413, 48.31858, 14.06952, 344.1721
8.121873, -0.03444876, 0.06187734, -0.07663324, 48.22258, 13.89313, 344.2507
8.138159, -0.035655, 0.06225402, -0.07560915, 48.13034, 13.69591, 344.2987
8.154783, -0.03677333, 0.06243343, -0.07447502, 48.103, 13.49076, 344.3177
8.171529, -0.0377291, 0.062389, -0.07319546, 48.14946, 13.2884, 344.3247
8.188331, -0.03845099, 0.06211748, -0.07177936, 48.25834, 13.12052, 344.3078
8.205182, -0.03916153, 0.06182633, -0.07058746, 48.38269, 12.97707, 344.2728
8.221545, -0.03983204, 0.06152762, -0.0695314, 48.49465, 12.84525, 344.2374
8.237953, -0.04047335, 0.06124746, -0.06856285, 48.57708, 12.70696, 344.2119
8.255191, -0.04108155, 0.06097637, -0.0676533, 48.65658, 12.58022, 344.2151
8.271987, -0.0415826, 0.0605953, -0.06668218, 48.77973, 12.4558, 344.2542
8.288376, -0.04190609, 0.06004201, -0.06560226, 48.91798, 12.42058, 344.3361
8.304656, -0.04223765, 0.05971118, -0.06495178, 49.05054, 12.43696, 344.4203
8.321548, -0.04251559, 0.0594974, -0.06459052, 49.16704, 12.52735, 344.5184
8.338103, -0.04274807, 0.05937149, -0.06442147, 49.24436, 12.64666, 344.6171
8.355003, -0.04296018, 0.05928903, -0.06433894, 49.28329, 12.74157, 344.7042
8.371456, -0.04319184, 0.05916727, -0.06415545, 49.33757, 12.7355, 344.7546
8.388392, -0.04347044, 0.05898686, -0.06379369, 49.38316, 12.7545, 344.8108
8.404764, -0.04363116, 0.05884675, -0.06371699, 49.41457, 12.78907, 344.8379
8.421835, -0.04370771, 0.05874308, -0.06379627, 49.40881, 12.85123, 344.83
8.438087, -0.04375513, 0.05865735, -0.06388782, 49.38885, 12.934, 344.8125
8.455767, -0.04381014, 0.05854778, -0.06389043, 49.36913, 13.00168, 344.772
8.471744, -0.04396044, 0.05833502, -0.06364403, 49.3806, 12.98043, 344.6976
8.488207, -0.04427379, 0.05802371, -0.06308261, 49.43286, 12.97027, 344.6496
8.505347, -0.04454644, 0.057814, -0.06254097, 49.50879, 13.02868, 344.6534
8.522173, -0.04481589, 0.05766544, -0.0619555, 49.59701, 13.15322, 344.693
8.538619, -0.04511512, 0.05753021, -0.06125582, 49.71889, 13.29425, 344.745
8.555489, -0.04550551, 0.05739247, -0.06040819, 49.88124, 13.41228, 344.8051
8.571424, -0.04598949, 0.05712843, -0.05929145, 50.05988, 13.50987, 344.895
8.588734, -0.04650521, 0.0566076, -0.0578554, 50.20761, 13.68462, 345.044
8.604976, -0.04716022, 0.05646393, -0.05682729, 50.31279, 13.90401, 345.2129
8.621978, -0.04787553, 0.05645227, -0.05595472, 50.37477, 14.07952, 345.357
8.638442, -0.04862266, 0.05646325, -0.05514912, 50.41304, 14.17837, 345.4492
8.654997, -0.04939581, 0.05648348, -0.05441969, 50.44633, 14.29675, 345.5483
8.671353, -0.05023642, 0.05643483, -0.05362269, 50.46489, 14.50979, 345.7198
8.688219, -0.05116367, 0.05617606, -0.05259064, 50.47518, 14.78613, 345.9195
8.704976, -0.05196013, 0.05605425, -0.05183601, 50.47547, 14.98336, 346.0732
8.721953, -0.05266785, 0.05589361, -0.0511164, 50.49104, 15.08223, 346.169
8.738408, -0.05329398, 0.05566904, -0.0503873, 50.53091, 15.14865, 346.2436
8.755492, -0.05383375, 0.05538652, -0.04967154, 50.60651, 15.25895, 346.3263
8.771479, -0.05422001, 0.05508354, -0.04911788, 50.71502, 15.40987, 346.4191
8.788193, -0.05439788, 0.05482181, -0.04883794, 50.83856, 15.55876, 346.5099
8.804778, -0.0547003, 0.05448689, -0.04829311, 50.95557, 15.64898, 346.5811
8.821319, -0.05502343, 0.05416983, -0.04770988, 51.0374, 15.69405, 346.6372
8.838129, -0.05531324, 0.05390895, -0.0471883, 51.09158, 15.7525, 346.6953
8.854803, -0.05555213, 0.0536917, -0.04673208, 51.14894, 15.85243, 346.7688
8.871597, -0.05574399, 0.05350858, -0.04624659, 51.2352, 15.98187, 346.8528
8.887985, -0.0558815, 0.05338458, -0.04563995, 51.31728, 16.07453, 346.9366
8.90544, -0.05606738, 0.05331352, -0.04519022, 51.37278, 16.17613, 347.0216
8.921427, -0.05627934, 0.05330682, -0.04481718, 51.41788, 16.28984, 347.1164
8.938319, -0.05652393, 0.05335254, -0.04447954, 51.46471, 16.405, 347.2168
8.960392, -0.05681555, 0.0534459, -0.04417108, 51.50525, 16.52194, 347.3288
8.971282, -0.05718704, 0.05354375, -0.04389924, 51.52868, 16.6231, 347.4272
8.988454, -0.05767708, 0.05357938, -0.0436544, 51.53296, 16.68749, 347.5046
9.005106, -0.05814675, 0.05369182, -0.04339253, 51.5284, 16.72061, 347.5682
9.022099, -0.05864791, 0.05384315, -0.04310875, 51.5269, 16.76938, 347.6597
9.038592, -0.05918277, 0.05398916, -0.04279563, 51.5349, 16.80188, 347.7523
9.055875, -0.05973022, 0.05411421, -0.04248578, 51.54203, 16.80564, 347.8151
9.07183, -0.06026582, 0.05420074, -0.04221292, 51.54646, 16.81451, 347.8636
9.088192, -0.06078808, 0.0542073, -0.04196559, 51.55144, 16.83675, 347.9233
9.104612, -0.06136537, 0.05429927, -0.04169333, 51.56316, 16.84759, 347.998
9.121856, -0.0619582, 0.0544261, -0.04143573, 51.56297, 16.82771, 348.0605
9.138018, -0.06253403, 0.05458157, -0.04123025, 51.53628, 16.79018, 348.1069
9.155742, -0.06307657, 0.05474783, -0.04108126, 51.49751, 16.75, 348.14
9.171718, -0.06365195, 0.05495549, -0.04106067, 51.47644, 16.72239, 348.1768
9.188913, -0.06432539, 0.05525323, -0.04125517, 51.44894, 16.72105, 348.2232
9.205061, -0.06480959, 0.05546124, -0.04131344, 51.40837, 16.6997, 348.2557
9.221743, -0.06519355, 0.05563851, -0.04135116, 51.36135, 16.66821, 348.2761
9.238883, -0.06549696, 0.05580196, -0.04140839, 51.32141, 16.66379, 348.3057
9.255829, -0.0657241, 0.05594767, -0.04149342, 51.28856, 16.67072, 348.3284
9.271841, -0.06587487, 0.05599112, -0.04147058, 51.26738, 16.66104, 348.3398
9.288206, -0.06595784, 0.05585542, -0.0411764, 51.24473, 16.66279, 348.353
9.30514, -0.06604362, 0.05591306, -0.04115037, 51.22274, 16.6618, 348.3726
9.321847, -0.06610696, 0.05604069, -0.04123297, 51.20113, 16.66995, 348.3959
9.33801, -0.06614112, 0.05620453, -0.04138754, 51.16449, 16.68905, 348.4145
9.355005, -0.06615417, 0.05637708, -0.04158007, 51.11655, 16.71312, 348.426
9.371386, -0.06613433, 0.05649531, -0.04170334, 51.07814, 16.71495, 348.4198
9.38869, -0.06605241, 0.05651376, -0.04164468, 51.04693, 16.70982, 348.4016
9.405282, -0.06599423, 0.05657502, -0.04171474, 51.0201, 16.70705, 348.3896
9.421456, -0.06592883, 0.05662781, -0.04181346, 51.00315, 16.70606, 348.3754
9.438892, -0.06585591, 0.05665756, -0.04190256, 50.9998, 16.70183, 348.3579
9.455, -0.0657826, 0.05667986, -0.04198094, 50.99279, 16.68798, 348.3329
9.471398, -0.0658231, 0.05673764, -0.0420339, 50.99204, 16.65679, 348.2999
9.488407, -0.06608952, 0.05686569, -0.04203428, 50.9998, 16.65009, 348.2792
9.504581, -0.06611754, 0.05688268, -0.04205335, 51.0327, 16.68767, 348.2873
9.521246, -0.06605009, 0.05688454, -0.04211213, 51.06949, 16.7727, 348.3228
9.53799, -0.06594312, 0.05690295, -0.04219937, 51.09073, 16.84265, 348.3495
9.555153, -0.06583314, 0.05694461, -0.04229776, 51.08735, 16.86898, 348.3601
9.571513, -0.06572881, 0.05700975, -0.04241892, 51.0685, 16.89231, 348.3746
9.588418, -0.06580433, 0.05683605, -0.04222837, 51.05975, 16.97001, 348.4258
9.605042, -0.06575089, 0.05679401, -0.04225806, 51.06487, 17.04952, 348.4739
9.621931, -0.06565024, 0.05677502, -0.0423265, 51.07267, 17.08544, 348.4989
9.639159, -0.06551465, 0.05676705, -0.0424078, 51.05923, 17.09083, 348.5051
9.655845, -0.06532351, 0.05673677, -0.04251168, 51.04347, 17.10017, 348.4937
9.67187, -0.06506626, 0.05665101, -0.04262838, 51.05397, 17.13041, 348.4655
9.688974, -0.06511603, 0.0569044, -0.04280936, 51.08396, 17.13672, 348.4012
9.705428, -0.06496669, 0.05690309, -0.04290273, 51.11222, 17.12767, 348.3532
9.723006, -0.06478569, 0.0568513, -0.04297447, 51.12518, 17.13087, 348.3354
9.739274, -0.06459656, 0.05677329, -0.0430486, 51.13877, 17.13408, 348.3198
9.756145, -0.06439955, 0.05668172, -0.04313841, 51.1557, 17.14081, 348.2978
9.772968, -0.06421885, 0.05659783, -0.04323284, 51.17218, 17.14948, 348.2821
9.789554, -0.06392612, 0.05634151, -0.04321493, 51.17295, 17.15316, 348.2704
9.805418, -0.06372695, 0.05620544, -0.04324498, 51.18488, 17.15047, 348.2527
9.822318, -0.06355897, 0.05610227, -0.04327834, 51.2071, 17.14498, 348.2315
9.839121, -0.06339818, 0.05602414, -0.04331283, 51.23142, 17.14734, 348.2156
9.856807, -0.06323365, 0.05597084, -0.04335098, 51.24057, 17.14017, 348.1897
9.872739, -0.063067, 0.05593196, -0.0433757, 51.2435, 17.11629, 348.153
9.888925, -0.06281133, 0.05557723, -0.04322685, 51.24414, 17.10201, 348.1313
9.905414, -0.06262302, 0.05545758, -0.04317448, 51.25432, 17.10065, 348.1211
9.923065, -0.06246821, 0.05542419, -0.04314698, 51.26163, 17.09852, 348.1185
9.939453, -0.06233691, 0.05540914, -0.04312453, 51.27441, 17.0805, 348.1115
9.967868, -0.06221658, 0.05540998, -0.04313318, 51.2821, 17.07671, 348.1101
9.971566, -0.06210032, 0.05541608, -0.04318836, 51.29457, 17.11497, 348.1233
9.988072, -0.06206005, 0.05518362, -0.04311074, 51.30936, 17.16519, 348.1439
10.00473, -0.0620038, 0.05507473, -0.0431195, 51.32221, 17.1944, 348.156
10.02292, -0.06194396, 0.05496109, -0.04314108, 51.34404, 17.18329, 348.1403
10.03839, -0.06186502, 0.05481032, -0.0431824, 51.37691, 17.15802, 348.0997
10.05534, -0.06176985, 0.05462734, -0.0432568, 51.42233, 17.14525, 348.0535
10.07158, -0.06162129, 0.05439833, -0.0433985, 51.4524, 17.18008, 348.0455
10.08825, -0.06133597, 0.05402094, -0.04360681, 51.46675, 17.19468, 348.0225
10.10529, -0.06114426, 0.05371934, -0.04378736, 51.50757, 17.18502, 347.9649
10.1229, -0.06098527, 0.05345343, -0.0439932, 51.54878, 17.19533, 347.9023
10.13882, -0.06085058, 0.05322797, -0.04423366, 51.56749, 17.22905, 347.8487
10.15879, -0.06072635, 0.05301489, -0.04447277, 51.57034, 17.24402, 347.7861
10.17251, -0.06061594, 0.05279527, -0.04466672, 51.58055, 17.25292, 347.7447
10.18929, -0.06065737, 0.05287274, -0.04507208, 51.60208, 17.24803, 347.6951
10.20566, -0.06056705, 0.05269419, -0.04529634, 51.62529, 17.23152, 347.6337
10.22268, -0.06040926, 0.05239858, -0.04545217, 51.67243, 17.21789, 347.5602
10.23875, -0.06024523, 0.05206615, -0.04556915, 51.74961, 17.23058, 347.5083
10.25614, -0.06013008, 0.05176611, -0.04568757, 51.80989, 17.2444, 347.4768
10.27238, -0.06006755, 0.05153384, -0.04583594, 51.81547, 17.23589, 347.4583
10.28888, -0.05995636, 0.05123651, -0.04609031, 51.79725, 17.22945, 347.4514
10.30561, -0.05978924, 0.05096717, -0.04629979, 51.80952, 17.22336, 347.4306
10.32279, -0.05954096, 0.05069542, -0.04650546, 51.8407, 17.19818, 347.3775
10.33864, -0.05924297, 0.05047023, -0.04673149, 51.87946, 17.22183, 347.3442
10.3571, -0.05894617, 0.05031114, -0.04695195, 51.90463, 17.27437, 347.3376
10.37223, -0.05868648, 0.05018929, -0.04710166, 51.92271, 17.30128, 347.3434
10.38966, -0.05865482, 0.05021573, -0.04697029, 51.9544, 17.30357, 347.3626
10.40539, -0.05848994, 0.05012424, -0.04692387, 51.99637, 17.29416, 347.381
10.42295, -0.05823313, 0.0499697, -0.04693842, 52.03682, 17.26879, 347.371
10.43928, -0.0579114, 0.04976284, -0.04699868, 52.0779, 17.222, 347.3262
10.457, -0.05754773, 0.04952309, -0.04709982, 52.12657, 17.18061, 347.2679
10.47247, -0.05718041, 0.04926465, -0.04722721, 52.19735, 17.1487, 347.2136
10.48918, -0.05680427, 0.04896927, -0.04717925, 52.27099, 17.12156, 347.1685
10.50601, -0.0564748, 0.04878198, -0.0473478, 52.30656, 17.112, 347.1405
10.52254, -0.05614518, 0.04865902, -0.04763452, 52.31212, 17.10704, 347.1107
10.53891, -0.05577868, 0.04854334, -0.04796758, 52.30858, 17.08861, 347.06
10.55527, -0.05537067, 0.04841017, -0.04828832, 52.31087, 17.05318, 346.9847
10.5715, -0.05491419, 0.04825772, -0.04845986, 52.30494, 17.02504, 346.8992
10.58797, -0.05442286, 0.04804782, -0.04826661, 52.30968, 17.01136, 346.8277
10.60491, -0.05405978, 0.04785071, -0.0480821, 52.34284, 16.97495, 346.779
10.62157, -0.05383878, 0.04774049, -0.04782593, 52.3264, 16.93286, 346.7918
10.63871, -0.05378928, 0.04794822, -0.04767649, 52.08748, 16.96872, 346.9301
10.6567, -0.05386252, 0.04845998, -0.04772322, 51.54305, 17.00693, 347.092
10.67202, -0.05392146, 0.04890364, -0.04778796, 50.84625, 16.80992, 347.0773
10.68898, -0.05388582, 0.04894863, -0.0476698, 50.29526, 16.38037, 346.8956
10.7059, -0.05401568, 0.04891233, -0.04729246, 49.88787, 15.89018, 346.6973
10.72264, -0.05438459, 0.04907389, -0.04696063, 49.40818, 15.38596, 346.5646
10.73899, -0.05504128, 0.0496578, -0.04698086, 48.67167, 14.99746, 346.5793
10.75638, -0.05594565, 0.05060818, -0.04740954, 47.62071, 14.5558, 346.6017
10.7732, -0.0569934, 0.05175548, -0.04815062, 46.36852, 14.0738, 346.6313
10.78976, -0.05765527, 0.05268199, -0.04904651, 45.13094, 13.60796, 346.6424
10.8064, -0.05837749, 0.05346558, -0.04995612, 44.08693, 13.21842, 346.6194
10.82238, -0.05894791, 0.05398524, -0.05088202, 43.36412, 13.06938, 346.6369
10.83895, -0.05933501, 0.05435992, -0.0519976, 42.94748, 13.49144, 346.9016
10.85683, -0.05953059, 0.054606, -0.05343445, 42.79607, 14.41479, 347.3548
10.87244, -0.0595951, 0.05494313, -0.05551111, 42.67723, 15.86051, 348.0128
10.88889, -0.05906681, 0.05500834, -0.05843617, 42.4352, 17.70187, 348.8015
10.90636, -0.05862723, 0.05519006, -0.06163178, 42.18235, 19.39881, 349.4365
10.92266, -0.05804157, 0.05510077, -0.06477161, 42.08823, 20.72438, 349.8344
10.93899, -0.05729472, 0.05465307, -0.06781413, 42.2953, 22.00673, 350.2055
10.96763, -0.0564831, 0.05390681, -0.07072781, 42.77975, 23.44897, 350.7489
10.97149, -0.05558594, 0.0527325, -0.0734545, 43.42837, 24.86297, 351.4189
10.98793, -0.0545105, 0.05103355, -0.07603194, 44.0569, 26.04493, 352.0598
11.00518, -0.05370416, 0.04956729, -0.0785498, 44.39977, 26.98288, 352.6339
11.02393, -0.05321448, 0.04839089, -0.08105907, 44.26273, 27.56559, 353.0928
11.04325, -0.05305333, 0.04734842, -0.08334251, 43.72891, 27.69614, 353.4066
11.05628, -0.0530265, 0.04617066, -0.08522069, 43.05635, 27.57356, 353.6543
11.0727, -0.05288095, 0.0445662, -0.0866188, 42.52273, 27.47283, 353.9167
11.08846, -0.05258276, 0.04206514, -0.08723997, 42.31222, 27.54059, 354.2913
11.10484, -0.05191712, 0.03905415, -0.08748133, 42.4752, 27.87293, 354.7937
11.12168, -0.05072544, 0.0352507, -0.08731928, 43.08845, 28.27784, 355.205
11.13838, -0.04901807, 0.03069357, -0.08689991, 44.08766, 28.70099, 355.4068
11.15491, -0.04714917, 0.0256634, -0.0862044, 45.32676, 29.11482, 355.555
11.17158, -0.04549103, 0.02046266, -0.0853444, 46.61469, 29.52496, 355.83
11.18907, -0.04415514, 0.01514612, -0.08451878, 47.87798, 29.90928, 356.1797
11.20533, -0.04267099, 0.009595357, -0.08348216, 49.24122, 29.95612, 356.2797
11.22223, -0.04105913, 0.003940855, -0.08251544, 50.67156, 29.71466, 356.0417
11.23889, -0.03947189, -0.00147715, -0.08179624, 52.03846, 29.45328, 355.6537
11.25629, -0.03806777, -0.006436075, -0.0813145, 53.26105, 29.27462, 355.2676
11.27268, -0.03698883, -0.01096517, -0.08083792, 54.3288, 29.19314, 354.9933
11.2892, -0.03629892, -0.015171, -0.08012018, 55.24509, 29.14058, 354.7886
11.30607, -0.03579327, -0.01845969, -0.07995182, 55.88771, 28.96901, 354.5109
11.32259, -0.03545509, -0.0209505, -0.0801331, 56.23311, 28.76312, 354.1886
11.33915, -0.03520745, -0.02284031, -0.08044754, 56.41698, 28.56079, 353.8481
11.35652, -0.03506612, -0.0242773, -0.08062782, 56.57174, 28.36373, 353.5725
11.37283, -0.03526995, -0.02518233, -0.08056267, 56.63948, 28.17539, 353.4344
11.38995, -0.03602841, -0.02550352, -0.08030301, 56.49889, 27.92267, 353.2701
11.40686, -0.03642022, -0.02537507, -0.0801008, 56.15101, 27.52426, 352.9893
11.42258, -0.03664599, -0.02495307, -0.07976964, 55.7187, 27.06229, 352.6708
11.43936, -0.03678665, -0.02431676, -0.07921495, 55.26894, 26.60213, 352.4001
11.45625, -0.03686796, -0.02353016, -0.07846264, 54.82415, 26.12922, 352.163
11.47255, -0.03699059, -0.02282503, -0.07743273, 54.44243, 25.67396, 351.9624
11.48937, -0.03732398, -0.02240399, -0.07600556, 54.1142, 25.32787, 351.8332
11.5056, -0.03735482, -0.02167351, -0.07489409, 53.84427, 25.05265, 351.7426
11.52268, -0.03723842, -0.02086556, -0.07390945, 53.63696, 24.89009, 351.7202
11.53877, -0.03700173, -0.02009647, -0.07299805, 53.49227, 24.8212, 351.7415
11.55631, -0.03662749, -0.01949354, -0.07212722, 53.42253, 24.70689, 351.6738
11.57286, -0.03615794, -0.01903939, -0.07127086, 53.39311, 24.53962, 351.5343
11.58975, -0.03602857, -0.01880268, -0.07057561, 53.38119, 24.36973, 351.4039
11.60618, -0.03564712, -0.01857794, -0.06976926, 53.41119, 24.23309, 351.2928
11.62259, -0.0352154, -0.01838792, -0.06891081, 53.46764, 24.10244, 351.208
11.63821, -0.03481137, -0.01820118, -0.06805089, 53.519, 23.95203, 351.1314
11.65491, -0.03445715, -0.01797984, -0.06727071, 53.54381, 23.79103, 351.0423
11.6715, -0.03413637, -0.01779373, -0.06666255, 53.53424, 23.63245, 350.9318
11.68806, -0.03387292, -0.01776957, -0.06625453, 53.47886, 23.52044, 350.8159
11.70535, -0.03372773, -0.01746603, -0.06597468, 53.39719, 23.41685, 350.6864
11.72199, -0.03370665, -0.01705416, -0.06577618, 53.31956, 23.33075, 350.5776
11.73826, -0.03381362, -0.01658827, -0.06565257, 53.25767, 23.28162, 350.5049
11.75496, -0.03406772, -0.01605563, -0.06561244, 53.1884, 23.29043, 350.4842
11.77172, -0.03444837, -0.01526919, -0.06567923, 53.0852, 23.38753, 350.5377
11.78836, -0.03490879, -0.01396284, -0.0657956, 52.93607, 23.51203, 350.6259
11.80515, -0.0355421, -0.01308225, -0.06580381, 52.739, 23.58236, 350.7068
11.82204, -0.03622319, -0.0124623, -0.06566557, 52.54222, 23.58263, 350.7596
11.83874, -0.03687773, -0.01208117, -0.06533861, 52.41413, 23.5561, 350.8126
11.85563, -0.03746496, -0.01191177, -0.06484443, 52.38107, 23.56311, 350.8916
11.87226, -0.03794936, -0.01205855, -0.06423907, 52.39101, 23.61402, 351.0046
11.88823, -0.0382721, -0.01277172, -0.06356765, 52.43352, 23.64909, 351.1269
11.90535, -0.03866117, -0.01314001, -0.06279419, 52.49213, 23.66685, 351.2634
11.92212, -0.03904744, -0.01341936, -0.06197162, 52.57506, 23.6753, 351.4127
11.93866, -0.03941333, -0.01366684, -0.06115904, 52.68262, 23.71877, 351.5925
11.9603, -0.03975659, -0.01387867, -0.06039952, 52.80367, 23.80253, 351.7949
11.97174, -0.0400157, -0.01411871, -0.05972729, 52.91648, 23.92348, 352.015
11.98823, -0.04010863, -0.01448774, -0.05915228, 53.02253, 24.05863, 352.2369
12.00485, -0.0403868, -0.01455376, -0.05866676, 53.0955, 24.16502, 352.4373
12.0217, -0.04076368, -0.01445912, -0.05829195, 53.12345, 24.22581, 352.6057
12.0382, -0.04119907, -0.01428218, -0.058029, 53.11935, 24.22867, 352.7234
12.05482, -0.04165135, -0.01407135, -0.05788244, 53.11533, 24.21204, 352.7963
12.07148, -0.04208133, -0.01379987, -0.05799472, 53.10859, 24.19594, 352.8313
12.08819, -0.04245165, -0.01340455, -0.05859406, 53.07902, 24.16552, 352.8047
12.10547, -0.04284792, -0.0129784, -0.05894812, 53.00899, 24.11098, 352.7272
12.12204, -0.04330698, -0.01250697, -0.05917412, 52.91214, 24.01086, 352.6245
12.13858, -0.04383567, -0.01202856, -0.05927449, 52.81713, 23.85107, 352.4988
12.15561, -0.04440677, -0.01159402, -0.05927463, 52.75333, 23.6465, 352.3426
12.17238, -0.04494952, -0.01130524, -0.05952391, 52.7373, 23.43987, 352.1604
12.18862, -0.04536131, -0.01126499, -0.06048916, 52.74419, 23.22099, 351.9295
12.2053, -0.04591906, -0.01109562, -0.06078117, 52.775, 23.01409, 351.692
12.22217, -0.04660114, -0.01082602, -0.06088283, 52.78953, 22.94154, 351.5867
12.2389, -0.04733817, -0.01051444, -0.06092891, 52.79507, 22.97195, 351.5943
12.25572, -0.04801021, -0.01023355, -0.06095751, 52.80725, 23.01879, 351.6203
12.27201, -0.04849068, -0.00988423, -0.0607602, 52.8348, 23.00672, 351.6035
12.28913, -0.04870205, -0.009217026, -0.0600338, 52.83614, 22.90945, 351.5296
12.3061, -0.04897624, -0.008836972, -0.05984274, 52.82255, 22.80379, 351.4507
12.32155, -0.04922759, -0.008485448, -0.05990992, 52.79263, 22.79677, 351.439
12.3382, -0.04941898, -0.008125716, -0.06011786, 52.78476, 22.89086, 351.4924
12.35512, -0.04956088, -0.007774821, -0.06039914, 52.81913, 23.02545, 351.5702
12.37167, -0.04947522, -0.007617512, -0.06046064, 52.90205, 23.17943, 351.6667
12.3886, -0.04884835, -0.007991984, -0.05984423, 52.97073, 23.37181, 351.7989
12.40547, -0.04880454, -0.007813131, -0.06004606, 52.976, 23.55555, 351.9132
12.42162, -0.04896539, -0.007417928, -0.06059038, 52.90187, 23.68776, 351.9804
12.43871, -0.04918468, -0.006971005, -0.06125085, 52.78586, 23.73476, 351.9822
12.45553, -0.04939938, -0.006539701, -0.0619247, 52.68075, 23.74146, 351.9503
12.47156, -0.04968079, -0.006118088, -0.06234961, 52.6228, 23.76924, 351.9287
12.48822, -0.05020228, -0.00576789, -0.06207661, 52.58609, 23.80596, 351.899
12.50507, -0.05047676, -0.005469765, -0.0623322, 52.54743, 23.7946, 351.8043
12.52166, -0.05071924, -0.005173964, -0.06274944, 52.48595, 23.76838, 351.6955
12.53815, -0.05099632, -0.004841871, -0.06320494, 52.39454, 23.78932, 351.6449
12.55517, -0.05124443, -0.004524375, -0.06363452, 52.29971, 23.82674, 351.6308
12.5717, -0.05128353, -0.004299155, -0.06390037, 52.25089, 23.78538, 351.5649
12.58827, -0.05092792, -0.004169144, -0.06387559, 52.22491, 23.68916, 351.4242
12.60489, -0.05050324, -0.00414386, -0.0641912, 52.21889, 23.59378, 351.2223
12.62169, -0.0499452, -0.004149847, -0.06466943, 52.2268, 23.5432, 351.0161
12.63885, -0.04930596, -0.004131147, -0.06521443, 52.22594, 23.53654, 350.8435
12.65582, -0.04865023, -0.004050683, -0.06575651, 52.19572, 23.55481, 350.7301
12.6716, -0.04817147, -0.003828509, -0.06623893, 52.12995, 23.55037, 350.6432
12.6882, -0.04813372, -0.003371738, -0.06663937, 52.05397, 23.57582, 350.5834
12.70563, -0.04759537, -0.00317273, -0.06714991, 52.01115, 23.62025, 350.5005
12.72196, -0.04685674, -0.003097713, -0.06768391, 51.99748, 23.65073, 350.3741
12.73885, -0.04606362, -0.00305958, -0.06820965, 51.99596, 23.67266, 350.2316
12.75589, -0.04530648, -0.002996236, -0.06869891, 51.98858, 23.68852, 350.1116
12.77239, -0.04465218, -0.002828675, -0.06909341, 51.96908, 23.6681, 349.9994
12.78879, -0.04416937, -0.002499631, -0.06932618, 51.91096, 23.64836, 349.8903
12.80549, -0.04357436, -0.002347402, -0.06971101, 51.86464, 23.59414, 349.7375
12.82158, -0.04296749, -0.002272766, -0.07011698, 51.85372, 23.54278, 349.5815
12.83888, -0.04241176, -0.002200336, -0.07050133, 51.86624, 23.49904, 349.4432
12.85662, -0.04194333, -0.002071512, -0.07087581, 51.87321, 23.46275, 349.3378
12.87176, -0.0415891, -0.001774213, -0.07139012, 51.84679, 23.43184, 349.2607
12.88878, -0.04132567, -0.001243947, -0.07225871, 51.77039, 23.3839, 349.173
12.90507, -0.04095815, -0.001002293, -0.07278582, 51.73397, 23.2531, 349.0516
12.92186, -0.04053964, -0.0009401937, -0.07313947, 51.76324, 23.02925, 348.8977
12.93854, -0.04008897, -0.00096965, -0.07341142, 51.84539, 22.75433, 348.7526
12.95491, -0.03960431, -0.001054089, -0.07364418, 51.95409, 22.39977, 348.6033
12.97524, -0.03900592, -0.001128285, -0.07388018, 52.0746, 21.96066, 348.4352
12.98885, -0.03817147, -0.001054518, -0.07420972, 52.17199, 21.51898, 348.3005
13.00587, -0.03740366, -0.001071688, -0.07470163, 52.23099, 21.08489, 348.1529
13.02232, -0.03659248, -0.001141075, -0.07533607, 52.25356, 20.62925, 347.9605
13.03829, -0.03572623, -0.001300337, -0.07602569, 52.27238, 20.10832, 347.7122
13.05502, -0.03482697, -0.001556005, -0.07666484, 52.3111, 19.50156, 347.4522
13.0717, -0.03378309, -0.001925272, -0.07719371, 52.38061, 18.80785, 347.1827
13.08901, -0.03235904, -0.002438857, -0.07765691, 52.45051, 18.12643, 346.8818
13.10499, -0.03108, -0.002981978, -0.07834364, 52.54435, 17.44236, 346.5678
13.12173, -0.02987941, -0.003572125, -0.07901052, 52.68138, 16.64922, 346.2349
13.13836, -0.02876805, -0.004146435, -0.07961542, 52.79533, 15.6745, 345.8547
13.15501, -0.0277122, -0.004601724, -0.08026595, 52.83821, 14.62136, 345.4752
13.17173, -0.02646321, -0.004972439, -0.08100893, 52.83902, 13.64993, 345.1613
13.18894, -0.02463406, -0.005407766, -0.08175823, 52.81577, 12.78956, 344.8964
13.20533, -0.02329646, -0.005560378, -0.08281757, 52.8069, 12.02079, 344.7095
13.2218, -0.02214883, -0.005572632, -0.08396374, 52.85638, 11.28539, 344.5843
13.23877, -0.0210864, -0.005433746, -0.08517892, 52.94857, 10.62323, 344.5517
13.2562, -0.02005773, -0.005085929, -0.08652234, 53.02735, 10.10082, 344.6578
13.27191, -0.0190821, -0.004420321, -0.08822392, 53.05956, 9.750979, 344.8918
13.28825, -0.01821875, -0.003324158, -0.09056461, 53.02514, 9.480931, 345.1566
13.30521, -0.01705603, -0.002485341, -0.09263917, 52.94482, 9.19136, 345.3441
13.32211, -0.01569825, -0.001700707, -0.09462778, 52.81248, 8.83322, 345.438
13.33837, -0.01420046, -0.0008551092, -0.09654866, 52.64849, 8.494757, 345.528
13.35597, -0.01259912, 6.388966E-05, -0.09833278, 52.50076, 8.173031, 345.6466
13.37268, -0.01071056, 0.001123487, -0.1002178, 52.39806, 7.811303, 345.7592
13.3886, -0.008196099, 0.002495611, -0.1027495, 52.29547, 7.483601, 345.9081
13.40583, -0.006077213, 0.003794607, -0.1043752, 52.21147, 7.131198, 346.0757
13.42167, -0.004095325, 0.005139588, -0.1055988, 52.17633, 6.777862, 346.3036
13.43845, -0.002100969, 0.006560979, -0.1067254, 52.19996, 6.562348, 346.633
13.45576, 2.007559E-05, 0.008070654, -0.1079225, 52.26421, 6.5255, 347.0352
13.47172, 0.002285482, 0.009706267, -0.109074, 52.35468, 6.498922, 347.4095
13.48883, 0.004609864, 0.01156609, -0.1099325, 52.46984, 6.375469, 347.7635
13.50557, 0.006740112, 0.01338309, -0.1107983, 52.6153, 6.143569, 348.142
13.52167, 0.008769067, 0.01534274, -0.1117582, 52.72379, 6.001279, 348.6516
13.53818, 0.01083996, 0.01750673, -0.1129221, 52.73139, 6.003496, 349.2691
13.5549, 0.01301332, 0.01976475, -0.1142387, 52.6522, 5.971772, 349.8274
13.57262, 0.01518846, 0.02205633, -0.1154687, 52.53035, 5.835796, 350.3089
13.5888, 0.01725546, 0.0244157, -0.1164192, 52.5224, 5.657055, 350.8098
13.60545, 0.01946092, 0.02666863, -0.1176087, 52.60004, 5.565671, 351.3829
13.62234, 0.02180295, 0.02896816, -0.1190661, 52.62609, 5.595036, 351.9899
13.639, 0.02422834, 0.03134312, -0.1207182, 52.52126, 5.617817, 352.5742
13.65534, 0.02667809, 0.03375571, -0.1223967, 52.30653, 5.537723, 353.1441
13.67208, 0.02923321, 0.0360934, -0.1238891, 52.0331, 5.345047, 353.6612
13.68845, 0.03204717, 0.0382598, -0.1250086, 51.84235, 5.116519, 354.1144
13.70505, 0.03506345, 0.04033929, -0.1264225, 51.74156, 4.95922, 354.5589
13.72159, 0.03828074, 0.04232062, -0.1279469, 51.70178, 4.927696, 355.0258
13.73844, 0.04164075, 0.04418443, -0.1294915, 51.68763, 4.913037, 355.4637
13.75519, 0.04508228, 0.04591516, -0.1309956, 51.67591, 4.71762, 355.7729
13.77174, 0.04863024, 0.04769685, -0.1324627, 51.64796, 4.439977, 356.0146
13.78828, 0.05234855, 0.04983155, -0.1338739, 51.63397, 4.186989, 356.2296
13.80487, 0.05612201, 0.05170258, -0.1354423, 51.54375, 3.924609, 356.428
13.82204, 0.05985134, 0.05360026, -0.1370868, 51.31357, 3.664437, 356.6751
13.83935, 0.06350201, 0.05557723, -0.1387247, 50.93503, 3.389773, 356.9869
13.85527, 0.06715161, 0.05746852, -0.1402329, 50.55145, 3.089241, 357.3061
13.87183, 0.07105029, 0.05920092, -0.1414208, 50.3163, 2.769051, 357.5657
13.88848, 0.07551041, 0.06090498, -0.1421386, 50.28489, 2.456091, 357.7318
13.9051, 0.0796563, 0.06214626, -0.1428232, 50.35714, 2.054767, 357.8005
13.92218, 0.08365389, 0.06325926, -0.1434815, 50.42957, 1.675006, 357.8793
13.93889, 0.08752088, 0.06438172, -0.1441225, 50.44688, 1.325611, 357.9775
13.96465, 0.09115943, 0.06556679, -0.1446902, 50.38394, 0.9146515, 358.0808
13.97144, 0.09441873, 0.06669995, -0.144829, 50.27203, 0.4819019, 358.2576
13.98833, 0.0972374, 0.06746611, -0.144012, 50.21855, 0.1109338, 358.4801
14.00573, 0.1001338, 0.06837682, -0.143886, 50.236, 359.7285, 358.6591
14.02254, 0.1029551, 0.06937663, -0.1440181, 50.23934, 359.3492, 358.825
14.03892, 0.1056671, 0.07052588, -0.1442978, 50.15306, 359.066, 359.039
14.05529, 0.108294, 0.07173795, -0.1446606, 50.0239, 358.9454, 359.3068
14.07168, 0.1104139, 0.07276087, -0.1444966, 49.9136, 358.8211, 359.5999
14.08876, 0.1115113, 0.07327972, -0.1429885, 49.82952, 358.5919, 359.8295
14.10647, 0.1132089, 0.07403755, -0.1425021, 49.79046, 358.3636, 0.04502403
14.12194, 0.1150973, 0.07481751, -0.1423661, 49.80124, 358.2456, 0.2591659
14.13899, 0.1170291, 0.07559732, -0.1424071, 49.77429, 358.1676, 0.4296815
14.15619, 0.1189886, 0.07634895, -0.1425706, 49.69305, 358.0709, 0.519255
14.17185, 0.1207445, 0.0768204, -0.1424824, 49.61947, 357.9186, 0.4648055
14.18849, 0.1217523, 0.07668817, -0.1415213, 49.6111, 357.8334, 0.3591569
14.20536, 0.1232035, 0.07680912, -0.1413298, 49.65178, 357.6901, 0.1937138
14.2227, 0.1246198, 0.07706971, -0.1414272, 49.63387, 357.5093, 0.03928867
14.23956, 0.1258278, 0.07745255, -0.1416537, 49.53389, 357.309, 359.9622
14.25525, 0.1268945, 0.07787773, -0.1419744, 49.38239, 357.1367, 359.9128
14.27172, 0.1277553, 0.07803036, -0.141963, 49.26483, 356.9783, 359.8557
14.28891, 0.1282107, 0.07751316, -0.1409967, 49.2201, 356.903, 359.8396
14.30601, 0.128698, 0.07740732, -0.1408249, 49.22726, 356.8482, 359.8743
14.32244, 0.1291591, 0.07742494, -0.1409672, 49.2249, 356.8331, 359.9413
14.33877, 0.1296614, 0.07749563, -0.1412869, 49.16346, 356.8105, 359.97
14.35573, 0.1302356, 0.07757229, -0.1416633, 49.05553, 356.7545, 359.9235
14.3721, 0.1306897, 0.07751226, -0.141748, 48.98861, 356.6675, 359.841
14.38844, 0.1307925, 0.07716379, -0.1411596, 49.01841, 356.6167, 359.7768
14.40635, 0.1310184, 0.07687623, -0.1408873, 49.09602, 356.509, 359.7054
14.42253, 0.131235, 0.07663788, -0.1407098, 49.16268, 356.3551, 359.6335
14.43886, 0.1314431, 0.07647637, -0.1406032, 49.18927, 356.2026, 359.5661
14.45565, 0.1316067, 0.07640084, -0.1405395, 49.17342, 356.0639, 359.5189
14.47257, 0.1315496, 0.07635892, -0.1403169, 49.1396, 355.8882, 359.4837
14.4893, 0.1311512, 0.07626616, -0.1397052, 49.10354, 355.7342, 359.4308
14.50519, 0.1309695, 0.07625466, -0.1394239, 49.0772, 355.6051, 359.4332
14.52203, 0.1308965, 0.07626399, -0.1392959, 49.05669, 355.5262, 359.4467
14.53908, 0.1309082, 0.07626251, -0.1392727, 49.03325, 355.4927, 359.4196
14.55522, 0.1308816, 0.07622881, -0.1392783, 49.01719, 355.4797, 359.3778
14.57292, 0.1307336, 0.07613554, -0.139142, 49.01715, 355.4197, 359.3109
14.58912, 0.1304709, 0.07601, -0.1386543, 49.0234, 355.3648, 359.2534
14.60571, 0.1300638, 0.07590035, -0.1383822, 48.99051, 355.283, 359.1656
14.62227, 0.129506, 0.07581924, -0.1381265, 48.90172, 355.1676, 359.0439
14.63844, 0.1287846, 0.07571886, -0.1377763, 48.78238, 355.0227, 358.8721
14.65588, 0.1278871, 0.07553917, -0.1372339, 48.68986, 354.852, 358.6265
14.67278, 0.1266707, 0.07534508, -0.1364487, 48.65899, 354.5781, 358.2649
14.68862, 0.1250122, 0.07531659, -0.1354714, 48.73743, 354.3187, 357.8676
14.70573, 0.1233076, 0.07505141, -0.134099, 49.00829, 354.2151, 357.5042
14.72188, 0.1214704, 0.07472419, -0.132526, 49.43262, 354.2497, 357.1277
14.73915, 0.119335, 0.07449394, -0.1309046, 49.88019, 354.2745, 356.7168
14.75527, 0.1167633, 0.07453156, -0.1293528, 50.22814, 354.2225, 356.3221
14.77211, 0.1137836, 0.0749853, -0.1279515, 50.41424, 354.1555, 355.9954
14.78938, 0.1102384, 0.07586464, -0.1263324, 50.47444, 354.1143, 355.7408
14.80506, 0.10654, 0.07712913, -0.1249825, 50.46286, 354.1259, 355.5265
14.8221, 0.1025921, 0.07875855, -0.1237198, 50.43325, 354.3066, 355.4347
14.8383, 0.09845546, 0.08073519, -0.1225326, 50.37703, 354.7335, 355.4806
14.85526, 0.09416045, 0.08298989, -0.1214123, 50.2621, 355.2567, 355.56
14.87162, 0.08973863, 0.08545817, -0.1203377, 50.08842, 355.776, 355.5953
14.90574, 0.08514328, 0.08808492, -0.1192479, 49.89149, 356.3452, 355.664
14.92226, 0.08053527, 0.09066975, -0.118002, 49.73494, 356.939, 355.6953
14.93907, 0.0758474, 0.09314018, -0.1164803, 49.62162, 357.2851, 355.553
14.96531, 0.07087786, 0.09545487, -0.1145199, 49.63007, 357.3751, 355.3867
14.97133, 0.06575665, 0.09759118, -0.1122231, 49.8304, 357.53, 355.3127
14.98838, 0.06084958, 0.09964418, -0.109913, 50.18091, 358.0586, 355.3056
