1.788011, 0.01388139, -0.262257, 0.2043512, 2.362108, 38.53027, 355.4956, 0.1, 0.1 
1.803449, 0.01400929, -0.2608726, 0.2033502, 2.26309, 38.45521, 355.366, 0.1, 0.1 
1.820117, 0.01438949, -0.2597836, 0.2033212, 1.807443, 38.49406, 355.3409, 0.1, 0.1 
1.836757, 0.01443942, -0.2597383, 0.2040169, 1.494197, 38.50821, 355.3498, 0.1, 0.1 
1.853392, 0.01518863, -0.2609445, 0.2048318, 1.359596, 38.67716, 355.3414, 0.1, 0.1 
1.870107, 0.01489704, -0.2610888, 0.2044038, 1.457945, 38.58204, 355.18, 0.1, 0.1 
1.88679, 0.01493041, -0.260978, 0.2040426, 1.53765, 38.53102, 355.1193, 0.1, 0.1 
1.903394, 0.01511945, -0.2608717, 0.2040983, 1.552067, 38.54538, 355.1863, 0.1, 0.1 
1.920136, 0.01514952, -0.261075, 0.2042848, 1.552844, 38.59204, 355.3301, 0.1, 0.1 
1.936748, 0.01498981, -0.2611686, 0.2041655, 1.648554, 38.56831, 355.34, 0.1, 0.1 
1.953408, 0.01464519, -0.2614112, 0.204285, 1.686225, 38.48196, 355.1991, 0.1, 0.1 
1.970166, 0.01439681, -0.2615512, 0.2040402, 1.719626, 38.40653, 355.0269, 0.1, 0.1 
1.986721, 0.01440352, -0.2615387, 0.2040508, 1.805289, 38.32072, 355.0554, 0.1, 0.1 
2.003373, 0.01450017, -0.2614796, 0.2038964, 1.850845, 38.34394, 355.1816, 0.1, 0.1 
2.020137, 0.01443578, -0.2611251, 0.2032733, 1.90465, 38.38034, 355.1368, 0.1, 0.1 
2.036702, 0.01446795, -0.2610956, 0.2029986, 1.768232, 38.46933, 355.1229, 0.1, 0.1 
2.053427, 0.01499038, -0.2599121, 0.2026959, 1.548639, 38.52825, 355.1224, 0.1, 0.1 
2.070072, 0.01509776, -0.2595555, 0.2024364, 1.464474, 38.56533, 355.1408, 0.1, 0.1 
2.086771, 0.01516545, -0.2595577, 0.2025208, 1.411985, 38.5843, 355.1281, 0.1, 0.1 
2.103514, 0.01523489, -0.2597921, 0.2028549, 1.293465, 38.59576, 355.0763, 0.1, 0.1 
2.12016, 0.01527205, -0.259946, 0.2030065, 1.245388, 38.62806, 355.1329, 0.1, 0.1 
2.136729, 0.01568842, -0.2606069, 0.2034314, 1.180137, 38.69223, 355.2925, 0.1, 0.1 
2.153444, 0.01569486, -0.2597095, 0.2026324, 1.261678, 38.66421, 355.2904, 0.1, 0.1 
2.170107, 0.01576295, -0.2596337, 0.2025056, 1.272689, 38.66538, 355.2351, 0.1, 0.1 
2.186759, 0.01583568, -0.2597017, 0.2025507, 1.27044, 38.676, 355.1918, 0.1, 0.1 
2.203474, 0.01576401, -0.2599126, 0.2027159, 1.314404, 38.65355, 355.1313, 0.1, 0.1 
2.220123, 0.0156652, -0.2599059, 0.2027345, 1.338201, 38.62376, 355.0768, 0.1, 0.1 
2.236774, 0.01621096, -0.2599233, 0.202628, 1.335136, 38.68163, 355.1128, 0.1, 0.1 
2.253448, 0.01627291, -0.2598351, 0.2024279, 1.344818, 38.67617, 355.1061, 0.1, 0.1 
2.270107, 0.01629295, -0.2598886, 0.2024868, 1.318764, 38.67591, 355.1218, 0.1, 0.1 
2.286781, 0.01628426, -0.259934, 0.2026214, 1.279537, 38.66543, 355.1207, 0.1, 0.1 
2.303436, 0.01633481, -0.2598909, 0.2027309, 1.237384, 38.67407, 355.1448, 0.1, 0.1 
2.320135, 0.01639723, -0.2599105, 0.2028027, 1.256094, 38.68234, 355.1485, 0.1, 0.1 
2.336749, 0.01677513, -0.2597698, 0.2026697, 1.197763, 38.71851, 355.2262, 0.1, 0.1 
2.353436, 0.01680238, -0.2598061, 0.2026915, 1.196916, 38.7135, 355.2031, 0.1, 0.1 
2.370078, 0.01681318, -0.2599368, 0.2028994, 1.158339, 38.71541, 355.2091, 0.1, 0.1 
2.386765, 0.0168091, -0.2600429, 0.203126, 1.132196, 38.71724, 355.2234, 0.1, 0.1 
2.403457, 0.01679997, -0.2600811, 0.2031966, 1.125565, 38.72197, 355.2399, 0.1, 0.1 
2.420135, 0.01680565, -0.2601895, 0.2032782, 1.180038, 38.70892, 355.2188, 0.1, 0.1 
2.436756, 0.0169736, -0.2602117, 0.2032894, 1.224559, 38.73374, 355.2213, 0.1, 0.1 
2.453422, 0.01689842, -0.260191, 0.2033719, 1.23138, 38.73418, 355.1917, 0.1, 0.1 
2.470119, 0.01684544, -0.2601855, 0.2035369, 1.257257, 38.72866, 355.1857, 0.1, 0.1 
2.486794, 0.01685372, -0.2602142, 0.2037308, 1.222566, 38.73657, 355.2555, 0.1, 0.1 
2.503456, 0.01686507, -0.2605909, 0.2040106, 1.194439, 38.74404, 355.2959, 0.1, 0.1 
2.52013, 0.01681072, -0.2607274, 0.2040443, 1.203612, 38.73597, 355.2943, 0.1, 0.1 
2.53675, 0.01668232, -0.2607188, 0.2041045, 1.224663, 38.68708, 355.2781, 0.1, 0.1 
2.553427, 0.01679067, -0.2613186, 0.2046516, 1.144617, 38.69273, 355.2715, 0.1, 0.1 
2.570095, 0.01681403, -0.2614622, 0.2049498, 1.044972, 38.69821, 355.2888, 0.1, 0.1 
2.586782, 0.01682884, -0.2615946, 0.2051446, 0.9660781, 38.70463, 355.3251, 0.1, 0.1 
2.603454, 0.01683379, -0.2616639, 0.2051568, 0.9529297, 38.70329, 355.3255, 0.1, 0.1 
2.620138, 0.01685684, -0.2624748, 0.2057518, 0.9596482, 38.69868, 355.3006, 0.1, 0.1 
2.636789, 0.01678383, -0.2624661, 0.2058023, 1.051486, 38.64307, 355.2312, 0.1, 0.1 
2.653474, 0.01696656, -0.2622355, 0.2056565, 1.034917, 38.68171, 355.2635, 0.1, 0.1 
2.670142, 0.01704571, -0.2622051, 0.2057275, 1.00429, 38.69263, 355.2848, 0.1, 0.1 
2.686788, 0.01695992, -0.2625763, 0.205985, 1.224613, 38.65733, 355.2848, 0.1, 0.1 
2.703437, 0.01694467, -0.263342, 0.2063987, 1.278793, 38.66376, 355.3245, 0.1, 0.1 
2.720166, 0.01698692, -0.2644441, 0.2068851, 1.361485, 38.66767, 355.3739, 0.1, 0.1 
2.73677, 0.01666361, -0.2617921, 0.2053162, 1.487779, 38.63402, 355.5353, 0.1, 0.1 
2.753498, 0.01668745, -0.2608588, 0.2047253, 1.64708, 38.68163, 355.6077, 0.1, 0.1 
2.77023, 0.01665602, -0.2602678, 0.2042824, 1.679433, 38.72237, 355.5689, 0.1, 0.1 
2.78703, 0.01651921, -0.2605495, 0.204524, 1.70057, 38.67228, 355.5665, 0.1, 0.1 
2.803402, 0.01640463, -0.2608754, 0.2046814, 1.714536, 38.62787, 355.5976, 0.1, 0.1 
2.820086, 0.01627577, -0.258946, 0.2033005, 1.589293, 38.64009, 355.5633, 0.1, 0.1 
2.836771, 0.0161089, -0.2612125, 0.2050159, 1.478666, 38.53894, 355.3853, 0.1, 0.1 
2.853412, 0.01633486, -0.2628225, 0.2065087, 1.311856, 38.53342, 355.2309, 0.1, 0.1 
2.870078, 0.01644164, -0.2631988, 0.207, 1.236929, 38.54834, 355.1815, 0.1, 0.1 
2.88688, 0.01652211, -0.263404, 0.207264, 1.19155, 38.5798, 355.2524, 0.1, 0.1 
2.903512, 0.01651855, -0.2636373, 0.2074134, 1.226025, 38.56351, 355.2483, 0.1, 0.1 
2.920152, 0.01649282, -0.2639326, 0.2075279, 1.220134, 38.56541, 355.2733, 0.1, 0.1 
2.936794, 0.01645245, -0.2639877, 0.207284, 1.24232, 38.58554, 355.2957, 0.1, 0.1 
2.953444, 0.01662248, -0.2640748, 0.2072435, 1.191871, 38.62508, 355.3409, 0.1, 0.1 
2.970183, 0.01681422, -0.264134, 0.2074168, 1.195951, 38.65902, 355.3996, 0.1, 0.1 
2.986791, 0.01703109, -0.264433, 0.2077856, 1.146779, 38.70469, 355.4407, 0.1, 0.1 
3.003423, 0.01718374, -0.2650488, 0.2082934, 1.062753, 38.74107, 355.4409, 0.1, 0.1 
3.020238, 0.01729709, -0.2658016, 0.2087798, 0.9918711, 38.74906, 355.4196, 0.1, 0.1 
3.036767, 0.01725535, -0.265761, 0.2085797, 1.064113, 38.71581, 355.3971, 0.1, 0.1 
3.053443, 0.01747718, -0.265847, 0.2088326, 1.058685, 38.71342, 355.387, 0.1, 0.1 
3.07019, 0.01771737, -0.2661598, 0.209369, 1.006395, 38.72978, 355.3937, 0.1, 0.1 
3.086762, 0.0178098, -0.2662888, 0.2096721, 1.080474, 38.71487, 355.3928, 0.1, 0.1 
3.103453, 0.01791532, -0.2667898, 0.2100722, 1.027942, 38.72453, 355.4063, 0.1, 0.1 
3.120083, 0.01793123, -0.2672879, 0.2105403, 0.98375, 38.73436, 355.395, 0.1, 0.1 
3.136807, 0.01792948, -0.2670143, 0.2103368, 1.103292, 38.73172, 355.4292, 0.1, 0.1 
3.15344, 0.01810821, -0.2668969, 0.2103982, 1.138845, 38.76452, 355.453, 0.1, 0.1 
3.170095, 0.0183211, -0.2671174, 0.2107093, 1.151627, 38.77954, 355.4429, 0.1, 0.1 
3.186789, 0.01842783, -0.2682519, 0.2119123, 1.104599, 38.80423, 355.5553, 0.1, 0.1 
3.203534, 0.01830292, -0.2678646, 0.2117166, 1.175282, 38.80233, 355.5627, 0.1, 0.1 
3.220283, 0.01826249, -0.2684803, 0.2121764, 1.208511, 38.76576, 355.6237, 0.1, 0.1 
3.236773, 0.01844028, -0.2694632, 0.2122986, 1.273526, 38.77876, 355.7112, 0.1, 0.1 
3.253435, 0.0186593, -0.269198, 0.2123441, 1.189287, 38.84914, 355.6884, 0.1, 0.1 
3.270106, 0.01872955, -0.2687581, 0.2124237, 1.201365, 38.8877, 355.6543, 0.1, 0.1 
3.286796, 0.0187511, -0.2685222, 0.2124493, 1.322549, 38.87725, 355.6249, 0.1, 0.1 
3.303471, 0.01874907, -0.2686625, 0.2127424, 1.28968, 38.8517, 355.589, 0.1, 0.1 
3.320342, 0.01858767, -0.2696736, 0.2138566, 1.181935, 38.78088, 355.6197, 0.1, 0.1 
3.336829, 0.01844046, -0.2690855, 0.2134137, 1.27363, 38.7563, 355.5549, 0.1, 0.1 
3.353437, 0.01844428, -0.2688652, 0.2129863, 1.309602, 38.7276, 355.5005, 0.1, 0.1 
3.370208, 0.01882293, -0.2696049, 0.2135402, 1.282689, 38.77524, 355.5733, 0.1, 0.1 
3.386904, 0.01922725, -0.269943, 0.2138624, 1.310997, 38.8452, 355.6291, 0.1, 0.1 
3.403466, 0.0193287, -0.2705725, 0.2145498, 1.286739, 38.89945, 355.6783, 0.1, 0.1 
3.420138, 0.01907439, -0.2707909, 0.2148395, 1.325941, 38.86605, 355.6646, 0.1, 0.1 
3.436831, 0.01880244, -0.2702055, 0.2144062, 1.356284, 38.80758, 355.6023, 0.1, 0.1 
3.453461, 0.01880255, -0.2700182, 0.2143961, 1.366929, 38.77369, 355.5625, 0.1, 0.1 
3.470204, 0.01921093, -0.2705061, 0.2148902, 1.337893, 38.793, 355.5453, 0.1, 0.1 
3.486776, 0.01946332, -0.2711415, 0.2152777, 1.348028, 38.82281, 355.5445, 0.1, 0.1 
3.503459, 0.0194398, -0.2711869, 0.215228, 1.386081, 38.84241, 355.5603, 0.1, 0.1 
3.52013, 0.01934732, -0.271181, 0.2152478, 1.402123, 38.83718, 355.5763, 0.1, 0.1 
3.53682, 0.01928399, -0.2717321, 0.2158301, 1.421194, 38.81712, 355.5561, 0.1, 0.1 
3.553513, 0.01920681, -0.2719416, 0.2160636, 1.419414, 38.78657, 355.5598, 0.1, 0.1 
3.570166, 0.01944407, -0.272032, 0.2163039, 1.371105, 38.80287, 355.5695, 0.1, 0.1 
3.586827, 0.01964135, -0.2724371, 0.2167602, 1.355731, 38.79554, 355.5378, 0.1, 0.1 
3.603479, 0.01972959, -0.2724087, 0.2165936, 1.390771, 38.80555, 355.541, 0.1, 0.1 
3.620148, 0.01972082, -0.272602, 0.2165675, 1.438617, 38.81949, 355.5547, 0.1, 0.1 
3.636787, 0.01970212, -0.2732786, 0.217123, 1.482315, 38.83881, 355.5365, 0.1, 0.1 
3.653494, 0.01952458, -0.2728422, 0.2168487, 1.48097, 38.82881, 355.5587, 0.1, 0.1 
3.67027, 0.01971921, -0.2729401, 0.2172239, 1.479998, 38.80964, 355.5771, 0.1, 0.1 
3.686812, 0.02001095, -0.2733651, 0.2178134, 1.456676, 38.78802, 355.5814, 0.1, 0.1 
3.703599, 0.020087, -0.2730836, 0.2175915, 1.423627, 38.78649, 355.5561, 0.1, 0.1 
3.720155, 0.02024203, -0.2732771, 0.2177687, 1.386998, 38.8054, 355.5585, 0.1, 0.1 
3.736831, 0.02033146, -0.273395, 0.2178354, 1.389483, 38.82292, 355.5555, 0.1, 0.1 
3.753616, 0.02040904, -0.273753, 0.2181098, 1.400485, 38.83582, 355.554, 0.1, 0.1 
3.77016, 0.02078805, -0.274736, 0.2188264, 1.408903, 38.89558, 355.5741, 0.1, 0.1 
3.7868, 0.02154027, -0.276363, 0.2206803, 1.41824, 38.95301, 355.5625, 0.1, 0.1 
3.80349, 0.02193533, -0.278014, 0.2227046, 1.420077, 38.98787, 355.529, 0.1, 0.1 
3.820144, 0.02140995, -0.2761259, 0.2208764, 1.513984, 38.93555, 355.48, 0.1, 0.1 
3.836815, 0.02125566, -0.2760523, 0.2205057, 1.570077, 38.94772, 355.4827, 0.1, 0.1 
3.85364, 0.02115442, -0.2769254, 0.2206871, 1.661191, 38.95761, 355.4955, 0.1, 0.1 
3.870189, 0.02103872, -0.2750183, 0.2192427, 1.573096, 38.87395, 355.5134, 0.1, 0.1 
3.886828, 0.02099719, -0.2750058, 0.2197631, 1.510299, 38.78801, 355.4807, 0.1, 0.1 
3.903643, 0.02093934, -0.2759422, 0.2204002, 1.602035, 38.75109, 355.4948, 0.1, 0.1 
3.920138, 0.02117077, -0.2752044, 0.2200425, 1.526601, 38.72881, 355.487, 0.1, 0.1 
3.936834, 0.02150385, -0.2755891, 0.2207406, 1.539372, 38.71425, 355.4929, 0.1, 0.1 
3.953547, 0.0216496, -0.27675, 0.2219786, 1.57544, 38.6871, 355.4779, 0.1, 0.1 
3.970258, 0.02188672, -0.2786657, 0.2234511, 1.641639, 38.67859, 355.4743, 0.1, 0.1 
3.98688, 0.02259364, -0.2814472, 0.2259173, 1.692744, 38.68268, 355.4937, 0.1, 0.1 
4.003584, 0.02185304, -0.2765364, 0.2218716, 1.618276, 38.79506, 355.6451, 0.1, 0.1 
4.020165, 0.02150855, -0.2749109, 0.2206894, 1.518518, 38.80051, 355.6256, 0.1, 0.1 
4.037015, 0.02172487, -0.2769772, 0.2221224, 1.367182, 38.76357, 355.7224, 0.1, 0.1 
4.053557, 0.02182729, -0.2789723, 0.2236372, 1.310499, 38.75813, 355.7348, 0.1, 0.1 
4.070348, 0.02164213, -0.2764723, 0.2220305, 1.434023, 38.74445, 355.6359, 0.1, 0.1 
4.086982, 0.02138587, -0.2750483, 0.2211306, 1.441655, 38.73805, 355.5698, 0.1, 0.1 
4.103527, 0.02130086, -0.2749664, 0.2210485, 1.457036, 38.73188, 355.5374, 0.1, 0.1 
4.120216, 0.02126382, -0.2752307, 0.2212799, 1.461994, 38.70969, 355.5066, 0.1, 0.1 
4.137027, 0.02127878, -0.2755856, 0.2216482, 1.436791, 38.6986, 355.5092, 0.1, 0.1 
4.153662, 0.02115626, -0.2755932, 0.2216338, 1.45029, 38.67774, 355.4876, 0.1, 0.1 
4.170138, 0.02108658, -0.2756436, 0.2215501, 1.467972, 38.66583, 355.4714, 0.1, 0.1 
4.186925, 0.02079101, -0.2763754, 0.2218389, 1.505634, 38.55187, 355.4652, 0.1, 0.1 
4.203646, 0.02074894, -0.2751667, 0.2209764, 1.484712, 38.55363, 355.4607, 0.1, 0.1 
4.220204, 0.02056307, -0.2752302, 0.2213084, 1.44783, 38.54322, 355.5103, 0.1, 0.1 
4.236932, 0.02041923, -0.2749761, 0.2209094, 1.489297, 38.534, 355.5144, 0.1, 0.1 
4.253533, 0.02068472, -0.2751343, 0.2206199, 1.46764, 38.61516, 355.4892, 0.1, 0.1 
4.270268, 0.02081048, -0.2749243, 0.2201215, 1.523961, 38.69765, 355.4034, 0.1, 0.1 
4.286915, 0.0209418, -0.2751255, 0.2204478, 1.554384, 38.78883, 355.5172, 0.1, 0.1 
4.303568, 0.02078646, -0.2740892, 0.2196678, 1.555854, 38.81371, 355.4661, 0.1, 0.1 
4.320267, 0.0206365, -0.2739134, 0.2197038, 1.555598, 38.76963, 355.4196, 0.1, 0.1 
4.336874, 0.02044445, -0.2738979, 0.2198779, 1.485337, 38.73154, 355.3814, 0.1, 0.1 
4.353595, 0.02020474, -0.2734428, 0.2197444, 1.453924, 38.6761, 355.3751, 0.1, 0.1 
4.370248, 0.02038986, -0.2749909, 0.2211681, 1.263922, 38.63405, 355.5312, 0.1, 0.1 
4.386921, 0.02053618, -0.2762758, 0.2230625, 1.103574, 38.59221, 355.4034, 0.1, 0.1 
4.403502, 0.02118945, -0.2784598, 0.2250973, 1.020453, 38.65663, 355.3066, 0.1, 0.1 
4.420335, 0.02067044, -0.274235, 0.2203708, 1.382728, 38.76859, 355.358, 0.1, 0.1 
4.436833, 0.02030265, -0.2727916, 0.2187127, 1.553563, 38.76766, 355.416, 0.1, 0.1 
4.453656, 0.02000088, -0.2719581, 0.2184054, 1.585019, 38.75638, 355.4702, 0.1, 0.1 
4.470289, 0.02016252, -0.2736733, 0.2202205, 1.406585, 38.69369, 355.6306, 0.1, 0.1 
4.48701, 0.02009358, -0.2730804, 0.2199286, 1.309038, 38.66952, 355.4832, 0.1, 0.1 
4.503662, 0.02012405, -0.2731221, 0.2197148, 1.310314, 38.69142, 355.4661, 0.1, 0.1 
4.520205, 0.02039376, -0.2740258, 0.2202844, 1.25609, 38.72647, 355.4951, 0.1, 0.1 
4.536931, 0.0205521, -0.2756759, 0.221429, 1.232297, 38.73711, 355.545, 0.1, 0.1 
4.553575, 0.0204799, -0.2777953, 0.2232427, 1.211268, 38.70636, 355.5902, 0.1, 0.1 
4.570246, 0.02011427, -0.274231, 0.2202487, 1.323503, 38.67865, 355.5595, 0.1, 0.1 
4.586879, 0.02018262, -0.2735807, 0.2193435, 1.300866, 38.62284, 355.5965, 0.1, 0.1 
4.60361, 0.02028411, -0.2733603, 0.218886, 1.388186, 38.63254, 355.4959, 0.1, 0.1 
4.620177, 0.02044061, -0.2740969, 0.2191763, 1.466382, 38.65118, 355.5217, 0.1, 0.1 
4.636981, 0.02038512, -0.2739561, 0.2193235, 1.494399, 38.66277, 355.4566, 0.1, 0.1 
4.6537, 0.02054756, -0.2750723, 0.220077, 1.587657, 38.71302, 355.4273, 0.1, 0.1 
4.670252, 0.02039475, -0.2736807, 0.2189606, 1.59982, 38.68011, 355.3943, 0.1, 0.1 
4.686933, 0.02020553, -0.2742644, 0.2198671, 1.645107, 38.73174, 355.3102, 0.1, 0.1 
4.703626, 0.02045837, -0.2750887, 0.2209344, 1.676838, 38.82513, 355.2078, 0.1, 0.1 
4.720167, 0.02007304, -0.2736592, 0.2200404, 1.505088, 38.77931, 355.348, 0.1, 0.1 
4.736948, 0.01991207, -0.2734143, 0.2199036, 1.428661, 38.70842, 355.394, 0.1, 0.1 
4.753641, 0.0199692, -0.2740258, 0.2203892, 1.392725, 38.7685, 355.3641, 0.1, 0.1 
4.770232, 0.0201549, -0.2751313, 0.2214982, 1.343698, 38.83562, 355.3194, 0.1, 0.1 
4.787033, 0.02037243, -0.2768425, 0.2233612, 1.24459, 38.87428, 355.2572, 0.1, 0.1 
4.803544, 0.02087733, -0.2788064, 0.2254386, 1.151384, 38.93028, 355.2385, 0.1, 0.1 
4.820256, 0.02118978, -0.2811815, 0.2277982, 1.080008, 38.94981, 355.2318, 0.1, 0.1 
4.836891, 0.02014441, -0.2759035, 0.2227322, 1.26677, 38.79048, 355.4369, 0.1, 0.1 
4.853549, 0.01970077, -0.2734955, 0.2204696, 1.368196, 38.65758, 355.4676, 0.1, 0.1 
4.870217, 0.01941884, -0.2732607, 0.2203127, 1.376464, 38.54774, 355.4694, 0.1, 0.1 
4.886866, 0.0196228, -0.2739405, 0.2205968, 1.360686, 38.51522, 355.4795, 0.1, 0.1 
4.903538, 0.01962164, -0.2751665, 0.2217302, 1.358323, 38.41712, 355.5471, 0.1, 0.1 
4.920209, 0.01962466, -0.277102, 0.2232788, 1.388771, 38.32633, 355.6122, 0.1, 0.1 
4.936868, 0.0197188, -0.2744624, 0.220727, 1.427747, 38.43048, 355.6017, 0.1, 0.1 
4.953715, 0.02011553, -0.2739694, 0.2203164, 1.447675, 38.51394, 355.54, 0.1, 0.1 
4.970258, 0.020661, -0.2752775, 0.2213061, 1.464308, 38.54596, 355.5777, 0.1, 0.1 
4.986917, 0.02031441, -0.2744015, 0.2205587, 1.475555, 38.58235, 355.5433, 0.1, 0.1 
5.003537, 0.02011351, -0.2741785, 0.2204064, 1.436237, 38.55618, 355.5025, 0.1, 0.1 
5.020332, 0.0201865, -0.2742172, 0.2205094, 1.401863, 38.53576, 355.4915, 0.1, 0.1 
5.038652, 0.0202698, -0.274412, 0.220708, 1.37799, 38.51809, 355.4848, 0.1, 0.1 
5.055734, 0.02043919, -0.2753542, 0.2216313, 1.344379, 38.51407, 355.4851, 0.1, 0.1 
5.070282, 0.02078828, -0.2775074, 0.2229122, 1.354853, 38.49836, 355.4913, 0.1, 0.1 
5.086935, 0.02062566, -0.2759579, 0.2213668, 1.390139, 38.51284, 355.5277, 0.1, 0.1 
5.103819, 0.02053668, -0.2752216, 0.2206829, 1.385852, 38.5118, 355.5219, 0.1, 0.1 
5.120235, 0.02061439, -0.2755018, 0.2208729, 1.362128, 38.5163, 355.5098, 0.1, 0.1 
5.137089, 0.02058943, -0.2755681, 0.220811, 1.378693, 38.5042, 355.4933, 0.1, 0.1 
5.154396, 0.02068033, -0.276621, 0.221581, 1.374603, 38.49603, 355.4916, 0.1, 0.1 
5.170331, 0.02094945, -0.2788111, 0.2223678, 1.446504, 38.48834, 355.5005, 0.1, 0.1 
5.186967, 0.02161581, -0.2810382, 0.2240321, 1.46443, 38.51681, 355.5034, 0.1, 0.1 
5.203584, 0.02098284, -0.2771679, 0.2206994, 1.55382, 38.53976, 355.5426, 0.1, 0.1 
5.220331, 0.02074371, -0.2761125, 0.2194196, 1.644011, 38.55403, 355.5697, 0.1, 0.1 
5.237589, 0.02060035, -0.275546, 0.2191042, 1.648593, 38.4796, 355.5357, 0.1, 0.1 
5.254549, 0.02052898, -0.2753694, 0.2192673, 1.653982, 38.31381, 355.5169, 0.1, 0.1 
5.270325, 0.02024241, -0.2760185, 0.2195868, 1.761379, 38.04186, 355.4958, 0.1, 0.1 
5.287259, 0.02029361, -0.2760325, 0.2198569, 1.773288, 37.84715, 355.494, 0.1, 0.1 
5.30429, 0.02056016, -0.2771266, 0.220789, 1.854959, 37.75196, 355.5195, 0.1, 0.1 
5.320494, 0.02029814, -0.27563, 0.2196536, 1.682222, 37.26138, 355.5684, 0.1, 0.1 
5.337131, 0.0198586, -0.2747833, 0.2186113, 1.530689, 36.54573, 355.5623, 0.1, 0.1 
5.353729, 0.01955711, -0.2773621, 0.2192729, 1.554624, 35.68277, 355.3893, 0.1, 0.1 
5.371123, 0.0187535, -0.2755632, 0.218105, 1.477308, 34.80345, 355.4632, 0.1, 0.1 
5.388609, 0.0178555, -0.2741081, 0.2173807, 1.385573, 33.84279, 355.5282, 0.1, 0.1 
5.403591, 0.01704936, -0.2739762, 0.2175964, 1.264897, 32.82354, 355.6188, 0.1, 0.1 
5.420299, 0.01635746, -0.2742745, 0.2177501, 1.161151, 31.84243, 355.6982, 0.1, 0.1 
5.436973, 0.01573373, -0.2744062, 0.2173866, 1.102261, 30.88016, 355.7473, 0.1, 0.1 
5.454861, 0.01519986, -0.2745343, 0.2163236, 1.086784, 29.91453, 355.774, 0.1, 0.1 
5.470417, 0.01504134, -0.2737751, 0.214746, 1.017023, 28.98119, 355.7464, 0.1, 0.1 
5.486979, 0.01495539, -0.2735111, 0.2137405, 0.9303235, 28.02373, 355.7019, 0.1, 0.1 
5.503547, 0.01505429, -0.27366, 0.2130799, 0.8544989, 27.04147, 355.6815, 0.1, 0.1 
5.520278, 0.01532571, -0.2737528, 0.212235, 0.7705263, 26.07294, 355.6678, 0.1, 0.1 
5.537011, 0.01562542, -0.2751223, 0.2120886, 0.7832376, 25.27895, 355.6815, 0.1, 0.1 
5.554125, 0.01619974, -0.2738842, 0.2101537, 0.644248, 24.15195, 355.7192, 0.1, 0.1 
5.570207, 0.01696433, -0.2739686, 0.2096208, 0.6287996, 23.37613, 355.7492, 0.1, 0.1 
5.58719, 0.01760115, -0.2732617, 0.2083938, 0.4250301, 22.16326, 355.7299, 0.1, 0.1 
5.603602, 0.01835982, -0.2732192, 0.2075872, 0.2949718, 21.0445, 355.6884, 0.1, 0.1 
5.620309, 0.01933505, -0.274098, 0.2074125, 0.2408213, 20.22832, 355.707, 0.1, 0.1 
5.637037, 0.01985245, -0.2733568, 0.206392, 0.1092992, 19.12687, 355.734, 0.1, 0.1 
5.655172, 0.02025372, -0.2733763, 0.2055946, 0.066202, 18.05326, 355.7811, 0.1, 0.1 
5.670309, 0.02104392, -0.2734656, 0.2054284, 359.9829, 17.02861, 355.8062, 0.1, 0.1 
5.686988, 0.02171185, -0.2736392, 0.205096, 359.9623, 16.01909, 355.862, 0.1, 0.1 
5.703889, 0.02247753, -0.2735034, 0.2045507, 359.8366, 14.97785, 355.862, 0.1, 0.1 
5.720256, 0.02327204, -0.273497, 0.2041328, 359.7074, 13.94217, 355.8423, 0.1, 0.1 
5.73702, 0.02410382, -0.2735491, 0.2036927, 359.6197, 12.92224, 355.8507, 0.1, 0.1 
5.753636, 0.02504149, -0.273969, 0.2031353, 359.5697, 11.89946, 355.8856, 0.1, 0.1 
5.770283, 0.02603168, -0.2741863, 0.2031, 359.4501, 10.92485, 355.935, 0.1, 0.1 
5.787086, 0.02687405, -0.2743905, 0.2028178, 359.3629, 10.00242, 355.9903, 0.1, 0.1 
5.803658, 0.0276929, -0.2744627, 0.2022601, 359.2962, 9.123466, 356.0513, 0.1, 0.1 
5.820314, 0.02857288, -0.274672, 0.2018815, 359.2059, 8.306287, 356.0931, 0.1, 0.1 
5.837201, 0.02947299, -0.2747426, 0.201344, 359.1198, 7.536174, 356.1306, 0.1, 0.1 
5.854605, 0.03058527, -0.275239, 0.2011148, 359.06, 6.827946, 356.2014, 0.1, 0.1 
5.871069, 0.03220128, -0.2773369, 0.2024334, 358.8615, 6.128703, 356.2014, 0.1, 0.1 
5.886965, 0.03334218, -0.2797747, 0.2039807, 358.7816, 5.427599, 356.2389, 0.1, 0.1 
5.903606, 0.03387569, -0.2765948, 0.2014316, 358.8111, 5.142742, 356.3271, 0.1, 0.1 
5.920331, 0.03465829, -0.2754526, 0.2003843, 358.833, 4.934294, 356.335, 0.1, 0.1 
5.936974, 0.03556105, -0.2755427, 0.2002352, 358.8501, 4.810087, 356.3763, 0.1, 0.1 
5.954155, 0.03700524, -0.2779902, 0.2015417, 358.7408, 4.848562, 356.5081, 0.1, 0.1 
5.970367, 0.03829592, -0.2802259, 0.2036771, 358.6554, 4.608438, 356.5585, 0.1, 0.1 
5.987212, 0.03927873, -0.2826832, 0.20595, 358.5705, 4.36349, 356.6051, 0.1, 0.1 
6.003864, 0.03933328, -0.2798374, 0.2033292, 358.6327, 5.101849, 356.731, 0.1, 0.1 
6.020401, 0.04051196, -0.2805327, 0.2029421, 358.5236, 5.746202, 356.6886, 0.1, 0.1 
6.036931, 0.04105911, -0.2779068, 0.2006566, 358.8154, 6.53729, 356.7296, 0.1, 0.1 
6.053619, 0.04259971, -0.2794701, 0.2013704, 358.8929, 7.22589, 356.6572, 0.1, 0.1 
6.070298, 0.04296957, -0.277082, 0.1997687, 359.1669, 8.168513, 356.7502, 0.1, 0.1 
6.087406, 0.04387466, -0.2765278, 0.1993718, 359.3757, 9.162894, 356.7651, 0.1, 0.1 
6.103717, 0.04576787, -0.2788925, 0.2007975, 359.3006, 10.13106, 356.7498, 0.1, 0.1 
6.120356, 0.04683409, -0.276982, 0.1994406, 359.6298, 11.22627, 356.7404, 0.1, 0.1 
6.137665, 0.04855239, -0.277973, 0.1999164, 359.6352, 12.46622, 357.021, 0.1, 0.1 
6.154679, 0.04976615, -0.2765916, 0.1992344, 359.8172, 13.52761, 356.9241, 0.1, 0.1 
6.170589, 0.05101083, -0.2763259, 0.1995948, 359.8962, 14.3796, 356.9742, 0.1, 0.1 
6.189009, 0.05233772, -0.2770397, 0.2003989, 359.9846, 15.19188, 357.0237, 0.1, 0.1 
6.204527, 0.05360575, -0.2793167, 0.2016373, 359.8614, 16.73269, 357.3495, 0.1, 0.1 
6.220428, 0.05413061, -0.2774561, 0.1999152, 359.9048, 17.93477, 357.0491, 0.1, 0.1 
6.237012, 0.05481365, -0.2763191, 0.198841, 0.0205712, 19.02025, 356.7161, 0.1, 0.1 
6.253752, 0.05553003, -0.2762423, 0.1984564, 0.1149648, 19.93963, 356.6752, 0.1, 0.1 
6.27036, 0.05570281, -0.2749598, 0.1977577, 0.2483182, 21.05995, 356.4896, 0.1, 0.1 
6.287004, 0.05581672, -0.2742766, 0.1971806, 0.3812789, 22.20484, 356.3922, 0.1, 0.1 
6.303697, 0.05593185, -0.2737561, 0.1965941, 0.5275143, 23.36868, 356.4005, 0.1, 0.1 
6.320361, 0.05616566, -0.2742492, 0.1968802, 0.6274976, 24.27159, 356.342, 0.1, 0.1 
6.337, 0.05638089, -0.2754059, 0.1977303, 0.7186775, 25.11998, 356.2988, 0.1, 0.1 
6.354616, 0.05604442, -0.274339, 0.1970074, 0.7711242, 26.60342, 356.6729, 0.1, 0.1 
6.370265, 0.05553761, -0.2727354, 0.1960945, 0.9226078, 27.92837, 356.7698, 0.1, 0.1 
6.387002, 0.05527727, -0.2720021, 0.1953721, 1.088765, 29.13219, 356.7803, 0.1, 0.1 
6.403708, 0.0552172, -0.272399, 0.1953142, 1.207289, 30.10302, 356.8386, 0.1, 0.1 
6.420336, 0.05537537, -0.2734655, 0.1957459, 1.315618, 31.04844, 356.9037, 0.1, 0.1 
6.437042, 0.0555845, -0.2749453, 0.1967277, 1.398318, 31.94967, 356.9596, 0.1, 0.1 
6.456141, 0.05585396, -0.2767154, 0.1982136, 1.459481, 32.7923, 357.0202, 0.1, 0.1 
6.470401, 0.0551412, -0.2724547, 0.1946447, 1.413126, 34.29128, 357.3433, 0.1, 0.1 
6.487, 0.05467813, -0.270747, 0.1928476, 1.382239, 35.51297, 357.3057, 0.1, 0.1 
6.503623, 0.05448858, -0.2705539, 0.1923811, 1.392652, 36.56183, 357.2452, 0.1, 0.1 
6.521785, 0.05429839, -0.2705593, 0.1920107, 1.409821, 37.5032, 357.319, 0.1, 0.1 
6.536996, 0.05403029, -0.2701469, 0.1913896, 1.441511, 38.35965, 357.5825, 0.1, 0.1 
6.553665, 0.05397731, -0.269842, 0.1911898, 1.376032, 39.10543, 357.9448, 0.1, 0.1 
6.570344, 0.05426983, -0.2694468, 0.1915144, 1.375777, 39.74475, 358.1883, 0.1, 0.1 
6.587003, 0.05437156, -0.2694084, 0.1918577, 1.293437, 40.31616, 358.483, 0.1, 0.1 
6.603663, 0.05419447, -0.2692815, 0.1919322, 1.215047, 40.82428, 358.7868, 0.1, 0.1 
6.62034, 0.05409711, -0.2690948, 0.1919522, 1.053179, 41.28637, 359.0718, 0.1, 0.1 
6.636998, 0.05415284, -0.268761, 0.192075, 0.9739733, 41.69028, 359.1769, 0.1, 0.1 
6.655364, 0.05455143, -0.268853, 0.1928671, 0.930655, 42.00534, 359.2241, 0.1, 0.1 
6.67035, 0.05512226, -0.2693907, 0.1943299, 0.9273562, 42.24593, 359.1781, 0.1, 0.1 
6.687073, 0.05540445, -0.2692032, 0.1948637, 1.11852, 42.36745, 358.9709, 0.1, 0.1 
6.703653, 0.0556445, -0.2701932, 0.1957697, 1.168373, 42.66364, 359.0056, 0.1, 0.1 
6.720646, 0.05570398, -0.2695009, 0.1949244, 1.300388, 42.54814, 358.5724, 0.1, 0.1 
6.737092, 0.05608935, -0.2699925, 0.1950824, 1.361288, 42.76404, 358.5175, 0.1, 0.1 
6.753802, 0.05665994, -0.270974, 0.1959421, 1.389341, 42.97202, 358.4704, 0.1, 0.1 
6.770565, 0.05618938, -0.2694915, 0.1952004, 1.520485, 42.6155, 358.3961, 0.1, 0.1 
6.787066, 0.05613331, -0.2696819, 0.1952193, 1.594199, 42.68514, 358.3562, 0.1, 0.1 
6.80372, 0.05594453, -0.2682801, 0.1940321, 1.341187, 42.45786, 358.6277, 0.1, 0.1 
6.820693, 0.05618051, -0.2681701, 0.1938165, 1.331983, 42.48537, 358.6694, 0.1, 0.1 
6.837018, 0.05597419, -0.267231, 0.1945841, 1.313971, 42.06472, 358.6265, 0.1, 0.1 
6.853729, 0.05583376, -0.2669167, 0.1965305, 1.236528, 41.56361, 358.6368, 0.1, 0.1 
6.870329, 0.05548963, -0.2674669, 0.1993018, 1.159807, 40.99067, 358.6738, 0.1, 0.1 
6.887039, 0.05549288, -0.2685564, 0.2015892, 1.137798, 40.74186, 358.6984, 0.1, 0.1 
6.903708, 0.05481926, -0.2674358, 0.2025929, 1.109435, 39.9866, 358.4857, 0.1, 0.1 
6.920465, 0.05468734, -0.2675048, 0.2041315, 1.076381, 39.66156, 358.4613, 0.1, 0.1 
6.937063, 0.05465867, -0.2685264, 0.2056702, 1.499287, 38.89996, 358.1999, 0.1, 0.1 
6.953711, 0.05475795, -0.2699457, 0.207864, 1.53265, 38.49706, 358.0917, 0.1, 0.1 
6.970376, 0.05494393, -0.2720504, 0.2107007, 1.57045, 38.1049, 357.9856, 0.1, 0.1 
6.987039, 0.05397624, -0.2693942, 0.209589, 1.288704, 37.7236, 357.3959, 0.1, 0.1 
7.003691, 0.05345448, -0.2685648, 0.2098578, 1.246857, 37.35062, 357.1959, 0.1, 0.1 
7.020359, 0.05349618, -0.2684433, 0.2103011, 1.027135, 37.02882, 356.8583, 0.1, 0.1 
7.037025, 0.05354511, -0.2684452, 0.2103273, 0.9398731, 36.71556, 356.607, 0.1, 0.1 
7.053679, 0.05358263, -0.2682858, 0.2100286, 0.8798996, 36.49332, 356.3505, 0.1, 0.1 
7.070361, 0.05400556, -0.2688055, 0.2106143, 0.7374928, 36.37932, 356.1713, 0.1, 0.1 
7.087048, 0.054474, -0.2699565, 0.2114695, 0.6978421, 36.14053, 355.99, 0.1, 0.1 
7.103696, 0.05497603, -0.2712898, 0.2128923, 0.6151156, 35.90299, 355.8084, 0.1, 0.1 
7.120327, 0.05449554, -0.2696436, 0.2114691, 0.6394866, 35.99596, 355.7743, 0.1, 0.1 
7.137146, 0.05425694, -0.2690889, 0.2108347, 0.6494998, 36.06543, 355.7935, 0.1, 0.1 
7.153749, 0.05422153, -0.2693844, 0.2108817, 0.6377403, 35.98951, 355.678, 0.1, 0.1 
7.170326, 0.05431865, -0.2685505, 0.2109597, 0.7456526, 36.22853, 355.8549, 0.1, 0.1 
7.187055, 0.05438274, -0.2678265, 0.2107809, 0.9417918, 36.45575, 356.0512, 0.1, 0.1 
7.204174, 0.05453604, -0.2676859, 0.2108796, 1.071964, 36.62399, 356.2248, 0.1, 0.1 
7.220448, 0.05462047, -0.2679604, 0.2111803, 1.191038, 36.702, 356.377, 0.1, 0.1 
7.237175, 0.05485847, -0.2689043, 0.2120042, 1.239172, 36.76159, 356.4577, 0.1, 0.1 
7.254237, 0.05521358, -0.2703617, 0.2132942, 1.305289, 36.83847, 356.5325, 0.1, 0.1 
7.270391, 0.05569872, -0.2722656, 0.2150726, 1.380884, 36.93007, 356.6255, 0.1, 0.1 
7.287037, 0.05349956, -0.2684085, 0.2125131, 1.517998, 36.66162, 356.724, 0.1, 0.1 
7.303667, 0.0522202, -0.2691897, 0.2133205, 1.511154, 36.15034, 356.3659, 0.1, 0.1 
7.320409, 0.04967457, -0.2673193, 0.2124878, 1.447739, 35.75634, 356.3935, 0.1, 0.1 
7.337039, 0.04812464, -0.2667268, 0.2126271, 1.447143, 35.59398, 356.3935, 0.1, 0.1 
7.353741, 0.04650332, -0.2685823, 0.2142464, 1.440763, 35.05669, 356.5532, 0.1, 0.1 
7.370372, 0.04554848, -0.2707596, 0.2163362, 1.449165, 34.83206, 356.5775, 0.1, 0.1 
7.387058, 0.04475498, -0.2729488, 0.218361, 1.461428, 34.60875, 356.6036, 0.1, 0.1 
7.403683, 0.0433596, -0.2699575, 0.2158185, 1.477214, 34.438, 356.932, 0.1, 0.1 
7.420355, 0.04247216, -0.2682967, 0.2136816, 1.692698, 34.31244, 356.9501, 0.1, 0.1 
7.437166, 0.04134237, -0.2678837, 0.2122894, 1.938761, 34.2194, 356.9568, 0.1, 0.1 
7.453709, 0.04009484, -0.2679816, 0.211458, 2.161677, 34.1795, 356.9558, 0.1, 0.1 
7.470973, 0.03872486, -0.2683508, 0.2109766, 2.39551, 34.17899, 356.9767, 0.1, 0.1 
7.487041, 0.03674265, -0.2682464, 0.2094952, 2.605346, 34.15989, 357.0631, 0.1, 0.1 
7.503766, 0.03450516, -0.268351, 0.2078158, 2.70914, 34.10477, 357.099, 0.1, 0.1 
7.520419, 0.03185154, -0.2681334, 0.2056414, 2.831728, 33.99843, 357.1004, 0.1, 0.1 
7.537941, 0.02854668, -0.2681795, 0.2032916, 2.780659, 33.80951, 357.1078, 0.1, 0.1 
7.555718, 0.02501253, -0.2678694, 0.200885, 2.630915, 33.53423, 357.0797, 0.1, 0.1 
7.571313, 0.02148884, -0.2676497, 0.1983911, 2.311482, 33.2015, 357.0642, 0.1, 0.1 
7.588284, 0.01804593, -0.2675453, 0.1955044, 1.902984, 32.83624, 356.8918, 0.1, 0.1 
7.60481, 0.01459698, -0.2669354, 0.1922182, 1.560896, 32.42327, 356.4576, 0.1, 0.1 
7.62134, 0.0114481, -0.2669609, 0.1895872, 1.181125, 32.1239, 356.1859, 0.1, 0.1 
7.637924, 0.009002417, -0.2666338, 0.1870993, 1.055639, 31.91805, 355.921, 0.1, 0.1 
7.654757, 0.007016808, -0.2667235, 0.185097, 1.113944, 31.9036, 355.889, 0.1, 0.1 
7.6715, 0.005137578, -0.2672575, 0.1836574, 0.97593, 31.8178, 355.8863, 0.1, 0.1 
7.688187, 0.003305998, -0.2665393, 0.1812515, 0.9948564, 31.69411, 355.7591, 0.1, 0.1 
7.704834, 0.001731183, -0.2661324, 0.1789257, 1.042322, 31.65969, 355.8467, 0.1, 0.1 
7.722173, 0.0006663036, -0.266781, 0.1775949, 1.031449, 31.57021, 355.7791, 0.1, 0.1 
7.738546, -0.0003169607, -0.2664559, 0.1752497, 0.984965, 31.50866, 356.1451, 0.1, 0.1 
7.755625, -0.0008907821, -0.2657778, 0.1729433, 1.026518, 31.46928, 356.4539, 0.1, 0.1 
7.771547, -0.00106143, -0.2654265, 0.171065, 1.08277, 31.39669, 356.5969, 0.1, 0.1 
7.788086, -0.0005571842, -0.2646454, 0.1684395, 1.074575, 31.34216, 356.5496, 0.1, 0.1 
7.804747, 0.0007825084, -0.2646635, 0.1665231, 1.07061, 31.43475, 356.4955, 0.1, 0.1 
7.821651, 0.002395775, -0.2647309, 0.1647411, 1.00692, 31.60803, 356.4012, 0.1, 0.1 
7.838128, 0.003929853, -0.2650123, 0.1632676, 0.933158, 31.75828, 356.2869, 0.1, 0.1 
7.856602, 0.005536212, -0.2650631, 0.1616509, 0.948975, 31.88809, 356.2379, 0.1, 0.1 
7.871411, 0.007582612, -0.265969, 0.1608994, 0.9209554, 32.05197, 356.3005, 0.1, 0.1 
7.888218, 0.009657834, -0.2663485, 0.1599428, 0.8552209, 32.21646, 356.5179, 0.1, 0.1 
7.904827, 0.01183927, -0.2667878, 0.1590627, 0.8443143, 32.37855, 356.9531, 0.1, 0.1 
7.921979, 0.0142096, -0.2669722, 0.1581553, 0.8269565, 32.5603, 357.4223, 0.1, 0.1 
7.937942, 0.01664047, -0.2670283, 0.1572524, 0.7447805, 32.72513, 357.8403, 0.1, 0.1 
7.96417, 0.01940681, -0.2679017, 0.1571082, 0.4825776, 32.855, 358.2033, 0.1, 0.1 
7.971225, 0.02250586, -0.2690579, 0.1571781, 0.2905587, 33.02986, 358.498, 0.1, 0.1 
7.988795, 0.02563152, -0.2695416, 0.1566142, 0.1438223, 33.27539, 358.8026, 0.1, 0.1 
8.00491, 0.02858882, -0.2695009, 0.1556202, 359.9727, 33.56214, 359.0616, 0.1, 0.1 
8.022236, 0.03166163, -0.2698363, 0.1545365, 359.9206, 33.8078, 359.296, 0.1, 0.1 
8.038084, 0.03482988, -0.2711102, 0.1543156, 359.6029, 34.02914, 359.4686, 0.1, 0.1 
8.055098, 0.03848773, -0.2713456, 0.1530463, 359.4791, 34.3596, 359.9338, 0.1, 0.1 
8.071294, 0.04283283, -0.2732946, 0.1529592, 358.8098, 34.48569, 0.1324328, 0.1, 0.1 
8.088388, 0.04690233, -0.2729636, 0.1513744, 358.5324, 34.8451, 0.6856643, 0.1, 0.1 
8.104848, 0.05124754, -0.2721156, 0.1497061, 358.2753, 35.21168, 1.262621, 0.1, 0.1 
8.121873, 0.05541087, -0.2705317, 0.147825, 358.0688, 35.57093, 1.949512, 0.1, 0.1 
8.138159, 0.05910754, -0.2679502, 0.145381, 357.9912, 35.90292, 2.648801, 0.1, 0.1 
8.154783, 0.06297824, -0.2669688, 0.1445029, 357.5434, 36.16987, 3.120478, 0.1, 0.1 
8.171529, 0.06737103, -0.2657039, 0.1436898, 356.984, 36.40398, 3.29804, 0.1, 0.1 
8.188331, 0.07119867, -0.2627357, 0.1422934, 356.5843, 36.76426, 3.366344, 0.1, 0.1 
8.205182, 0.07485487, -0.2597346, 0.1413268, 355.9617, 37.12411, 3.471852, 0.1, 0.1 
8.221545, 0.07837853, -0.257258, 0.1410555, 355.1297, 37.43755, 3.298956, 0.1, 0.1 
8.237953, 0.08179834, -0.2556239, 0.141387, 354.6984, 37.68424, 2.478884, 0.1, 0.1 
8.255191, 0.08589008, -0.2569815, 0.1430975, 354.4725, 37.68464, 1.171348, 0.1, 0.1 
8.271987, 0.08806942, -0.2550302, 0.143697, 355.6144, 37.85359, 359.3953, 0.1, 0.1 
8.288376, 0.09023016, -0.2549954, 0.1451971, 357.7915, 37.93499, 357.826, 0.1, 0.1 
8.304656, 0.09250715, -0.2560142, 0.1471644, 0.4170229, 38.02836, 356.8294, 0.1, 0.1 
8.321548, 0.09431538, -0.2574105, 0.1492411, 2.739668, 38.06819, 356.5504, 0.1, 0.1 
8.338103, 0.09570295, -0.25896, 0.1516034, 4.519549, 38.09415, 357.0182, 0.1, 0.1 
8.355003, 0.09674288, -0.2598952, 0.1544088, 5.739367, 38.19574, 357.9457, 0.1, 0.1 
8.371456, 0.09782709, -0.2601423, 0.1572916, 6.813047, 38.40364, 358.7777, 0.1, 0.1 
8.388392, 0.09841914, -0.2602733, 0.1598664, 7.59388, 38.5834, 359.1104, 0.1, 0.1 
8.404764, 0.09832802, -0.2605226, 0.1627187, 8.298846, 38.7042, 359.2984, 0.1, 0.1 
8.421835, 0.09777781, -0.2609447, 0.1657206, 9.267142, 38.74734, 359.293, 0.1, 0.1 
8.438087, 0.09727061, -0.2619406, 0.1689811, 9.683452, 38.7062, 359.2427, 0.1, 0.1 
8.455767, 0.09593417, -0.2626812, 0.1725306, 9.456468, 38.55131, 359.1324, 0.1, 0.1 
8.471744, 0.09434276, -0.2635869, 0.1762491, 8.842182, 38.45477, 359.1569, 0.1, 0.1 
8.488207, 0.09364492, -0.2661497, 0.1805336, 8.139274, 38.461, 359.3255, 0.1, 0.1 
8.505347, 0.09006983, -0.2665969, 0.1832837, 7.06098, 38.19417, 359.8769, 0.1, 0.1 
8.522173, 0.08563143, -0.2661906, 0.1849019, 6.280783, 37.79028, 0.2467847, 0.1, 0.1 
8.538619, 0.08211538, -0.2666757, 0.1865513, 5.808675, 37.39529, 0.7113741, 0.1, 0.1 
8.555489, 0.07823393, -0.2660187, 0.1876472, 5.421703, 36.89191, 1.079214, 0.1, 0.1 
8.571424, 0.07578975, -0.2667706, 0.1896063, 5.099268, 36.65464, 1.436135, 0.1, 0.1 
8.588734, 0.07337951, -0.2679324, 0.1917553, 5.18719, 36.21111, 1.088228, 0.1, 0.1 
8.604976, 0.06993923, -0.2682746, 0.1930255, 5.242106, 35.66248, 0.7705286, 0.1, 0.1 
8.621978, 0.06750788, -0.2702095, 0.1946853, 5.066656, 35.31673, 0.5588933, 0.1, 0.1 
8.638442, 0.06572701, -0.272324, 0.1966164, 4.881928, 34.99817, 0.5240583, 0.1, 0.1 
8.654997, 0.06387442, -0.2689921, 0.1946572, 5.317894, 34.57537, 0.3399366, 0.1, 0.1 
8.671353, 0.06345185, -0.2684341, 0.1945215, 5.500847, 34.39756, 0.1716774, 0.1, 0.1 
8.688219, 0.06353366, -0.268723, 0.1947936, 5.539621, 34.3446, 0.06825161, 0.1, 0.1 
8.704976, 0.06503934, -0.2722272, 0.1967564, 5.282866, 34.24443, 0.001936902, 0.1, 0.1 
8.721953, 0.06449191, -0.2696555, 0.1946721, 5.466531, 34.4207, 0.01136751, 0.1, 0.1 
8.738408, 0.06485166, -0.2689379, 0.1938628, 5.59417, 34.54094, -0.002708905, 0.1, 0.1 
8.755492, 0.06561328, -0.2693827, 0.1933181, 5.702184, 34.54237, 359.9799, 0.1, 0.1 
8.771479, 0.0666796, -0.2705861, 0.1929663, 5.823956, 34.54751, 359.9707, 0.1, 0.1 
8.788193, 0.06604968, -0.2689056, 0.1916627, 5.963727, 34.58576, 359.8998, 0.1, 0.1 
8.804778, 0.06610961, -0.2683262, 0.1913401, 5.962411, 34.61501, 359.917, 0.1, 0.1 
8.821319, 0.06639494, -0.2686755, 0.1914612, 5.919554, 34.56872, 359.9435, 0.1, 0.1 
8.838129, 0.06709117, -0.2696561, 0.1919612, 5.944199, 34.57502, 359.9355, 0.1, 0.1 
8.854803, 0.06769741, -0.2727959, 0.1934197, 5.781789, 34.52626, 0.2249935, 0.1, 0.1 
8.871597, 0.06846208, -0.2758282, 0.1951701, 5.78267, 34.5044, 0.2983634, 0.1, 0.1 
8.887985, 0.0666645, -0.2723774, 0.1933407, 6.064542, 34.42118, 0.2545802, 0.1, 0.1 
8.90544, 0.0671137, -0.2739155, 0.1945342, 6.10262, 34.59332, 0.3973627, 0.1, 0.1 
8.921427, 0.06756066, -0.2754011, 0.1956881, 6.139305, 34.61582, 0.4680563, 0.1, 0.1 
8.938319, 0.06819254, -0.2772433, 0.1971217, 6.167418, 34.63254, 0.5437399, 0.1, 0.1 
8.960392, 0.06618293, -0.2719759, 0.1936391, 7.152989, 33.86789, 359.9402, 0.1, 0.1 
8.971282, 0.0654, -0.2697733, 0.1922465, 7.844899, 33.36712, 359.6248, 0.1, 0.1 
8.988454, 0.06517416, -0.2681033, 0.1910256, 8.512779, 33.08315, 359.4438, 0.1, 0.1 
9.005106, 0.06506896, -0.2656434, 0.188972, 9.039837, 32.86739, 359.0853, 0.1, 0.1 
9.022099, 0.0662249, -0.2659237, 0.1884863, 9.271297, 32.61487, 358.7281, 0.1, 0.1 
9.038592, 0.06584612, -0.2627611, 0.1861051, 9.296784, 32.5042, 358.3535, 0.1, 0.1 
9.055875, 0.06762203, -0.2640361, 0.1863642, 8.975377, 32.2567, 357.7603, 0.1, 0.1 
9.07183, 0.0670099, -0.2621787, 0.1844004, 7.931753, 32.1235, 357.7647, 0.1, 0.1 
9.088192, 0.06663431, -0.2623112, 0.183517, 6.566657, 31.90826, 358.1346, 0.1, 0.1 
9.104612, 0.06648421, -0.2629185, 0.1829081, 5.517869, 31.65495, 358.5025, 0.1, 0.1 
9.121856, 0.0664819, -0.2637843, 0.1825706, 5.248051, 31.51363, 358.9785, 0.1, 0.1 
9.138018, 0.06698723, -0.2644723, 0.1821961, 5.239596, 31.34557, 358.7698, 0.1, 0.1 
9.155742, 0.06810045, -0.2654801, 0.1818028, 5.135942, 31.24787, 358.2203, 0.1, 0.1 
9.171718, 0.06915154, -0.2664472, 0.1815254, 5.067342, 31.07585, 358.2747, 0.1, 0.1 
9.188913, 0.07016437, -0.2675775, 0.1817644, 5.190543, 30.8648, 358.0751, 0.1, 0.1 
9.205061, 0.06970176, -0.2665994, 0.1807919, 5.972537, 30.7097, 357.7881, 0.1, 0.1 
9.221743, 0.0693232, -0.2655835, 0.1799839, 6.876339, 30.53411, 357.372, 0.1, 0.1 
9.238883, 0.06922527, -0.2651625, 0.1796076, 7.648404, 30.4119, 356.9457, 0.1, 0.1 
9.255829, 0.06960712, -0.265619, 0.1798479, 8.174332, 30.30626, 356.682, 0.1, 0.1 
9.271841, 0.07104112, -0.2676921, 0.1813235, 8.3967, 30.1435, 356.576, 0.1, 0.1 
9.288206, 0.07282505, -0.2699328, 0.1824719, 8.469917, 30.02986, 356.1077, 0.1, 0.1 
9.30514, 0.07335204, -0.2701501, 0.1825017, 8.95331, 30.17458, 355.9681, 0.1, 0.1 
9.321847, 0.074081, -0.2703805, 0.1824716, 9.964077, 29.92358, 354.9993, 0.1, 0.1 
9.33801, 0.0754289, -0.271889, 0.1841008, 10.75668, 29.62993, 354.2802, 0.1, 0.1 
9.355005, 0.07736611, -0.273733, 0.1857339, 11.21701, 29.22324, 353.1501, 0.1, 0.1 
9.371386, 0.07616086, -0.2698481, 0.1841693, 12.45055, 29.09513, 352.7605, 0.1, 0.1 
9.38869, 0.08594041, -0.2988802, 0.2052684, 354.4276, 35.24746, 12.18302, 0.1, 0.1 
9.405282, 0.08101262, -0.2764947, 0.1901994, 6.487938, 32.90334, 0.6909693, 0.1, 0.1 
9.421456, 0.07980929, -0.2679455, 0.1843661, 12.24619, 31.26253, 355.0179, 0.1, 0.1 
9.438892, 0.08931396, -0.2988225, 0.2062553, 344.8221, 36.00724, 19.22987, 0.1, 0.1 
9.455, 0.09287698, -0.3074445, 0.2125511, 330.051, 33.44334, 31.68275, 0.1, 0.1 
11.65491, 0.09110454, -0.2493498, 0.1735578, 353.2453, 38.04309, 1.486111, 0.1, 0.1 
11.6715, 0.09108251, -0.2514783, 0.1764326, 354.9981, 38.22453, 1.106731, 0.1, 0.1 
11.68806, 0.09018904, -0.2540497, 0.1789302, 357.2116, 38.3236, 359.9775, 0.1, 0.1 
11.70535, 0.08836229, -0.2555139, 0.1797779, 0.3887283, 38.23956, 358.1263, 0.1, 0.1 
11.72199, 0.08703306, -0.26152, 0.1828612, 3.090559, 38.23262, 356.9832, 0.1, 0.1 
11.73826, 0.08399826, -0.2643366, 0.1833369, 5.958026, 37.90929, 356.5014, 0.1, 0.1 
11.75496, 0.08008251, -0.2644251, 0.1814428, 8.172832, 37.78457, 356.5048, 0.1, 0.1 
11.77172, 0.07636108, -0.2633917, 0.1786311, 9.196169, 37.87803, 356.9249, 0.1, 0.1 
11.78836, 0.07334529, -0.2634704, 0.1770871, 9.829537, 38.21385, 357.4212, 0.1, 0.1 
11.80515, 0.07077722, -0.2633423, 0.175202, 9.636007, 38.84312, 358.0423, 0.1, 0.1 
11.82204, 0.0690403, -0.2642473, 0.1738433, 8.647507, 39.4243, 358.739, 0.1, 0.1 
11.83874, 0.06761101, -0.2645996, 0.1720633, 7.182448, 39.88031, 359.581, 0.1, 0.1 
11.85563, 0.06675392, -0.2646729, 0.1708084, 5.57143, 40.17856, 0.08125106, 0.1, 0.1 
11.87226, 0.06645223, -0.2659957, 0.1706454, 4.518298, 40.089, 0.3704684, 0.1, 0.1 
11.88823, 0.06628609, -0.2670565, 0.1708053, 4.067777, 39.88904, 0.5759051, 0.1, 0.1 
11.90535, 0.06600234, -0.2677209, 0.1704965, 4.138419, 39.84535, 0.5281785, 0.1, 0.1 
11.92212, 0.06571193, -0.267222, 0.1692929, 4.430209, 39.81322, 0.8811432, 0.1, 0.1 
11.93866, 0.06580015, -0.2673898, 0.1687894, 4.534446, 39.79822, 1.255153, 0.1, 0.1 
11.9603, 0.06581987, -0.266987, 0.1683202, 4.782947, 39.77359, 1.131799, 0.1, 0.1 
11.97174, 0.06633189, -0.2676153, 0.1684095, 4.789724, 39.80313, 1.346098, 0.1, 0.1 
11.98823, 0.06606753, -0.2670374, 0.1678941, 5.357684, 39.65413, 1.240643, 0.1, 0.1 
12.00485, 0.06666191, -0.2682863, 0.1687431, 5.350531, 39.62942, 1.23924, 0.1, 0.1 
12.0217, 0.06629711, -0.2669726, 0.1676291, 5.277871, 39.60708, 1.344367, 0.1, 0.1 
12.0382, 0.06611552, -0.2665911, 0.1672348, 5.260399, 39.60503, 1.393519, 0.1, 0.1 
12.05482, 0.06617285, -0.2666792, 0.1671156, 5.369135, 39.60691, 1.391281, 0.1, 0.1 
12.07148, 0.06646549, -0.2671166, 0.166901, 5.321683, 39.62363, 1.330506, 0.1, 0.1 
12.08819, 0.06664042, -0.2670813, 0.1667359, 5.100905, 39.66352, 1.350705, 0.1, 0.1 
12.10547, 0.06746159, -0.2687812, 0.1679827, 4.756738, 39.62799, 1.2379, 0.1, 0.1 
12.12204, 0.06718084, -0.2682285, 0.1674323, 4.743287, 39.67035, 1.191148, 0.1, 0.1 
12.13858, 0.06714595, -0.2683091, 0.1670947, 4.845228, 39.70319, 1.184575, 0.1, 0.1 
12.15561, 0.06718423, -0.2681281, 0.1662472, 4.913246, 39.7618, 1.181802, 0.1, 0.1 
12.17238, 0.06743994, -0.2684712, 0.1650585, 4.962404, 39.80454, 1.131086, 0.1, 0.1 
12.18862, 0.06735893, -0.2677572, 0.164, 4.957639, 39.86686, 1.06033, 0.1, 0.1 
12.2053, 0.06773856, -0.2680721, 0.1639353, 4.969203, 39.90347, 1.033079, 0.1, 0.1 
12.22217, 0.068405, -0.2686829, 0.1642615, 4.961585, 39.9883, 1.083194, 0.1, 0.1 
12.2389, 0.06929952, -0.2702067, 0.1649309, 4.77782, 40.07555, 1.296912, 0.1, 0.1 
12.25572, 0.07012289, -0.2718868, 0.1661792, 4.75682, 40.13175, 1.369118, 0.1, 0.1 
12.27201, 0.06901853, -0.2683645, 0.1646512, 4.860627, 40.05514, 1.321897, 0.1, 0.1 
12.28913, 0.06868351, -0.2667001, 0.1637165, 4.869553, 39.9691, 1.186958, 0.1, 0.1 
12.3061, 0.06891201, -0.2657765, 0.1632124, 4.833323, 39.9843, 1.189902, 0.1, 0.1 
12.32155, 0.06920711, -0.2667032, 0.1635922, 4.886565, 39.94521, 1.404162, 0.1, 0.1 
12.3382, 0.06901196, -0.2664234, 0.1630762, 5.055605, 39.81189, 1.48815, 0.1, 0.1 
12.35512, 0.06911455, -0.2665178, 0.1630251, 5.167012, 39.70628, 1.465151, 0.1, 0.1 
12.37167, 0.0699527, -0.2670987, 0.1638834, 5.180137, 39.64804, 1.421589, 0.1, 0.1 
12.3886, 0.07066312, -0.2675132, 0.164528, 5.188677, 39.65283, 1.466615, 0.1, 0.1 
12.40547, 0.07085246, -0.2682031, 0.1653812, 5.064645, 39.74386, 1.574195, 0.1, 0.1 
12.42162, 0.07099927, -0.2686363, 0.1657495, 4.963984, 39.7397, 1.574724, 0.1, 0.1 
12.43871, 0.07110453, -0.2687471, 0.1657077, 4.942357, 39.7347, 1.538958, 0.1, 0.1 
12.45553, 0.07093541, -0.2685866, 0.1655455, 5.031312, 39.70529, 1.501864, 0.1, 0.1 
12.47156, 0.07054466, -0.2685869, 0.1662842, 5.109001, 39.65245, 1.451721, 0.1, 0.1 
12.48822, 0.07042597, -0.2688213, 0.1667741, 5.127553, 39.62669, 1.412712, 0.1, 0.1 
12.50507, 0.07054279, -0.2688699, 0.1670092, 5.11813, 39.62845, 1.41357, 0.1, 0.1 
12.52166, 0.07102037, -0.2695243, 0.1676655, 5.008203, 39.67286, 1.45177, 0.1, 0.1 
12.53815, 0.07104376, -0.2696787, 0.1677587, 5.023797, 39.68969, 1.458551, 0.1, 0.1 
12.55517, 0.07082434, -0.2695516, 0.1676947, 5.096843, 39.63507, 1.442421, 0.1, 0.1 
12.5717, 0.0710224, -0.2694818, 0.1679989, 5.171346, 39.62632, 1.42166, 0.1, 0.1 
12.58827, 0.07125412, -0.2694932, 0.1680776, 5.204315, 39.6401, 1.419526, 0.1, 0.1 
12.60489, 0.07161907, -0.2699504, 0.1685097, 5.208378, 39.62036, 1.384687, 0.1, 0.1 
12.62169, 0.07210948, -0.2707526, 0.1692236, 5.101335, 39.74667, 1.449011, 0.1, 0.1 
12.63885, 0.071457, -0.2696, 0.1685609, 5.195101, 39.71777, 1.409906, 0.1, 0.1 
12.65582, 0.07093635, -0.2692147, 0.1686989, 5.148954, 39.62725, 1.310216, 0.1, 0.1 
12.6716, 0.07066479, -0.2699765, 0.1698086, 5.080241, 39.5332, 1.216475, 0.1, 0.1 
12.6882, 0.07127599, -0.2712754, 0.1708146, 5.05927, 39.54776, 1.178839, 0.1, 0.1 
12.70563, 0.07016656, -0.2699233, 0.1696767, 5.275151, 39.77301, 1.460469, 0.1, 0.1 
12.72196, 0.0700305, -0.2699579, 0.1694684, 5.348191, 39.85892, 1.471214, 0.1, 0.1 
12.73885, 0.06961938, -0.2694857, 0.1693362, 5.410083, 39.78157, 1.469253, 0.1, 0.1 
12.75589, 0.06921726, -0.2693352, 0.1697527, 5.366864, 39.62154, 1.317914, 0.1, 0.1 
12.77239, 0.06920476, -0.2694276, 0.1708909, 5.353552, 39.58121, 1.280325, 0.1, 0.1 
12.78879, 0.0697795, -0.2709292, 0.1729165, 5.214124, 39.7716, 1.454281, 0.1, 0.1 
12.80549, 0.06827953, -0.269602, 0.1719249, 5.229321, 39.97668, 1.687179, 0.1, 0.1 
12.82158, 0.0664234, -0.2685462, 0.1711233, 5.313721, 40.42606, 1.586743, 0.1, 0.1 
12.83888, 0.06450538, -0.2681757, 0.1712376, 5.403559, 41.09997, 1.416645, 0.1, 0.1 
12.85662, 0.06267969, -0.268548, 0.1722311, 5.396607, 41.90169, 1.275462, 0.1, 0.1 
12.87176, 0.06021526, -0.2683747, 0.173019, 5.370563, 42.71401, 1.145935, 0.1, 0.1 
12.88878, 0.0572814, -0.267836, 0.1732982, 5.539345, 43.57895, 1.145259, 0.1, 0.1 
12.90507, 0.05445979, -0.2671046, 0.1730208, 5.685003, 44.39623, 1.193449, 0.1, 0.1 
12.92186, 0.05204954, -0.266712, 0.1727985, 5.833948, 45.15428, 1.2282, 0.1, 0.1 
12.93854, 0.04988704, -0.2667953, 0.1729964, 5.871524, 45.81947, 1.177584, 0.1, 0.1 
12.95491, 0.04768994, -0.2665417, 0.1730819, 5.911753, 46.43627, 1.090946, 0.1, 0.1 
12.97524, 0.04588552, -0.2663755, 0.1733373, 6.022139, 46.95004, 1.055834, 0.1, 0.1 
12.98885, 0.0440085, -0.2659073, 0.1731218, 6.226489, 47.43467, 1.08508, 0.1, 0.1 
13.00587, 0.04227413, -0.2658761, 0.1732734, 6.337586, 47.9125, 1.056825, 0.1, 0.1 
13.02232, 0.04050574, -0.2657286, 0.1733404, 6.415833, 48.4068, 1.114537, 0.1, 0.1 
13.03829, 0.03883753, -0.2658003, 0.1736509, 6.246212, 48.86997, 1.044959, 0.1, 0.1 
13.05502, 0.03718096, -0.2655269, 0.1738073, 6.122154, 49.24785, 0.9754375, 0.1, 0.1 
13.0717, 0.0361381, -0.2654752, 0.1741992, 5.936568, 49.60583, 0.7969677, 0.1, 0.1 
13.08901, 0.03496923, -0.2664013, 0.1747634, 5.973771, 49.85515, 0.7105432, 0.1, 0.1 
13.10499, 0.0335502, -0.2661172, 0.1750594, 5.595739, 50.24707, 0.7502795, 0.1, 0.1 
13.12173, 0.03241119, -0.2655782, 0.175335, 5.210176, 50.37122, 0.6764302, 0.1, 0.1 
13.13836, 0.0319851, -0.2652302, 0.175468, 4.955684, 50.4173, 0.6352204, 0.1, 0.1 
13.15501, 0.03233393, -0.2656155, 0.1758253, 4.822778, 50.48484, 0.6423666, 0.1, 0.1 
13.17173, 0.0331752, -0.2660826, 0.1761115, 4.885695, 50.65065, 0.8206736, 0.1, 0.1 
13.18894, 0.0334713, -0.2669252, 0.1765783, 4.733887, 50.70397, 0.8499317, 0.1, 0.1 
13.20533, 0.03329647, -0.266396, 0.1764555, 4.974977, 50.60712, 0.8678363, 0.1, 0.1 
13.2218, 0.0331696, -0.2659806, 0.1764092, 5.066665, 50.56174, 0.8517506, 0.1, 0.1 
13.23877, 0.03326119, -0.2660758, 0.1766315, 5.043624, 50.56276, 0.8613849, 0.1, 0.1 
13.2562, 0.03316312, -0.2652169, 0.1759993, 5.001043, 50.54544, 0.8750207, 0.1, 0.1 
13.27191, 0.03284355, -0.2643972, 0.1753752, 4.999908, 50.52481, 0.8609093, 0.1, 0.1 
13.28825, 0.03250885, -0.264115, 0.1752627, 5.078004, 50.47352, 0.8418698, 0.1, 0.1 
13.30521, 0.03224041, -0.2642144, 0.1755851, 5.152922, 50.43319, 0.8352551, 0.1, 0.1 
13.32211, 0.03212726, -0.2643943, 0.175971, 5.189534, 50.43183, 0.8140265, 0.1, 0.1 
13.33837, 0.03199132, -0.2646949, 0.176332, 5.207735, 50.41117, 0.8160569, 0.1, 0.1 
13.35597, 0.03195638, -0.2649363, 0.1764666, 5.223886, 50.36506, 0.7813956, 0.1, 0.1 
13.37268, 0.03250911, -0.2647263, 0.1754637, 5.27241, 50.35355, 0.8045202, 0.1, 0.1 
13.3886, 0.03262774, -0.2652165, 0.1756245, 5.165762, 50.41184, 0.7703764, 0.1, 0.1 
13.40583, 0.03238412, -0.2646528, 0.1749185, 5.237289, 50.33254, 0.8109461, 0.1, 0.1 
13.42167, 0.0323496, -0.2644095, 0.1743852, 5.220387, 50.31003, 0.8626954, 0.1, 0.1 
13.43845, 0.03241391, -0.2648489, 0.1745037, 5.269272, 50.30879, 0.8703334, 0.1, 0.1 
13.45576, 0.03220955, -0.2654149, 0.1748758, 5.307814, 50.39061, 0.8556679, 0.1, 0.1 
13.47172, 0.03181587, -0.2654125, 0.1750564, 5.351565, 50.35171, 0.8524602, 0.1, 0.1 
13.48883, 0.03133742, -0.2647956, 0.1746605, 5.383467, 50.22638, 0.821181, 0.1, 0.1 
13.50557, 0.03126944, -0.264946, 0.1748505, 5.324762, 50.19648, 0.7762002, 0.1, 0.1 
13.52167, 0.03133909, -0.2652662, 0.175228, 5.182422, 50.25028, 0.7015817, 0.1, 0.1 
13.53818, 0.03106802, -0.2657738, 0.1757931, 5.077004, 50.27749, 0.5694876, 0.1, 0.1 
13.5549, 0.03074294, -0.2663428, 0.1763569, 5.056618, 50.2483, 0.4200242, 0.1, 0.1 
13.57262, 0.03029869, -0.2663022, 0.1762739, 5.180563, 50.20557, 0.4361477, 0.1, 0.1 
13.5888, 0.03017591, -0.266303, 0.1757915, 5.36038, 50.25275, 0.5839209, 0.1, 0.1 
13.60545, 0.03017133, -0.2662999, 0.1758229, 5.368509, 50.42773, 0.7556069, 0.1, 0.1 
13.62234, 0.02982008, -0.2668752, 0.1765959, 5.231003, 50.57979, 0.8263226, 0.1, 0.1 
13.639, 0.02927477, -0.2667905, 0.1766748, 5.280849, 50.49247, 0.5794281, 0.1, 0.1 
13.65534, 0.02894539, -0.2668483, 0.1770386, 5.283709, 50.33503, 0.3809983, 0.1, 0.1 
13.67208, 0.02879846, -0.2673021, 0.177488, 5.310899, 50.29092, 0.3804958, 0.1, 0.1 
13.68845, 0.02870838, -0.2669477, 0.1768833, 5.512508, 50.29436, 0.4658409, 0.1, 0.1 
13.70505, 0.02867567, -0.2661324, 0.1758535, 5.69424, 50.36732, 0.5408588, 0.1, 0.1 
13.72159, 0.02827884, -0.2666355, 0.1761208, 5.735243, 50.42204, 0.6045235, 0.1, 0.1 
13.73844, 0.02787723, -0.2674289, 0.1765457, 5.877228, 50.38335, 0.6270321, 0.1, 0.1 
13.75519, 0.02710096, -0.2662268, 0.1756379, 6.02656, 50.28797, 0.6655259, 0.1, 0.1 
13.77174, 0.02680848, -0.2653221, 0.1752495, 5.95371, 50.33197, 0.7557543, 0.1, 0.1 
13.78828, 0.0264213, -0.2652589, 0.1755392, 5.767509, 50.40236, 0.864805, 0.1, 0.1 
13.80487, 0.02587627, -0.2654295, 0.1762497, 5.530476, 50.35382, 0.6162794, 0.1, 0.1 
13.82204, 0.02549997, -0.2667273, 0.1774191, 5.538296, 50.38104, 0.8448295, 0.1, 0.1 
13.83935, 0.02501903, -0.2669724, 0.1773014, 5.664382, 50.10453, 0.9354423, 0.1, 0.1 
13.85527, 0.02477654, -0.2661215, 0.176065, 5.699505, 50.13637, 0.8745818, 0.1, 0.1 
13.87183, 0.02504452, -0.2649958, 0.1748556, 5.918264, 50.17111, 0.8673774, 0.1, 0.1 
13.88848, 0.02478968, -0.2639871, 0.1739657, 6.127131, 50.04203, 0.7889829, 0.1, 0.1 
13.9051, 0.02452767, -0.2635487, 0.1737609, 6.172538, 49.98771, 0.7446869, 0.1, 0.1 
13.92218, 0.02415711, -0.2637753, 0.1741725, 6.069474, 50.06381, 0.8482357, 0.1, 0.1 
13.93889, 0.02365522, -0.2636966, 0.1742938, 5.930806, 50.13992, 0.9368001, 0.1, 0.1 
13.96465, 0.02305502, -0.2639095, 0.1745397, 5.925099, 50.06505, 0.8867152, 0.1, 0.1 
13.97144, 0.02259457, -0.2640146, 0.1751084, 5.934504, 49.9583, 0.8409182, 0.1, 0.1 
13.98833, 0.0221758, -0.2650491, 0.175383, 5.955691, 49.83291, 0.9051347, 0.1, 0.1 
14.00573, 0.02179305, -0.2643241, 0.1747054, 6.033987, 49.85589, 0.8295237, 0.1, 0.1 
14.02254, 0.02178761, -0.2636422, 0.1749012, 5.866074, 49.96444, 0.7403471, 0.1, 0.1 
14.03892, 0.02173487, -0.2643331, 0.1755688, 5.707886, 50.08523, 0.7143906, 0.1, 0.1 
14.05529, 0.02111372, -0.2644153, 0.1755111, 5.675085, 50.0961, 0.8067644, 0.1, 0.1 
14.07168, 0.01960438, -0.2649667, 0.1766968, 5.708109, 50.04792, 0.7464408, 0.1, 0.1 
14.08876, 0.01916581, -0.2649052, 0.1766153, 5.830558, 50.02969, 0.7789112, 0.1, 0.1 
14.10647, 0.01940697, -0.2658792, 0.176889, 5.8659, 50.09621, 0.8404976, 0.1, 0.1 
14.12194, 0.0190589, -0.2655068, 0.1767843, 5.76948, 50.31892, 1.044516, 0.1, 0.1 
14.13899, 0.01881767, -0.2648661, 0.1764691, 5.768204, 50.36942, 1.124092, 0.1, 0.1 
14.15619, 0.01835421, -0.2642764, 0.1759722, 5.865265, 50.35995, 1.095793, 0.1, 0.1 
14.17185, 0.01712881, -0.2656336, 0.1775567, 6.051254, 50.26698, 0.9962236, 0.1, 0.1 
14.18849, 0.016672, -0.2650256, 0.1772557, 6.012658, 50.28264, 0.9706775, 0.1, 0.1 
14.20536, 0.01611561, -0.2660008, 0.1783623, 6.01756, 50.10218, 0.825871, 0.1, 0.1 
14.2227, 0.0161235, -0.2653582, 0.1780635, 5.878314, 50.0619, 0.8238524, 0.1, 0.1 
14.23956, 0.01591614, -0.2656736, 0.1783259, 5.798282, 50.11268, 0.7741669, 0.1, 0.1 
14.25525, 0.01567648, -0.2659233, 0.17848, 5.750003, 50.06598, 0.8126271, 0.1, 0.1 
14.27172, 0.01525552, -0.2679557, 0.180163, 5.719814, 50.08846, 0.829693, 0.1, 0.1 
14.28891, 0.01521749, -0.2673125, 0.1797916, 5.732226, 50.15878, 0.9547303, 0.1, 0.1 
14.30601, 0.01509948, -0.2678863, 0.1801725, 5.693009, 50.19141, 1.043987, 0.1, 0.1 
14.32244, 0.01488267, -0.2674754, 0.1802368, 5.87167, 50.1531, 1.067745, 0.1, 0.1 
14.33877, 0.01476262, -0.2676112, 0.1806028, 6.014781, 50.10671, 1.023914, 0.1, 0.1 
14.35573, 0.01465309, -0.267416, 0.1805181, 5.953937, 50.09635, 0.9830996, 0.1, 0.1 
14.3721, 0.01411048, -0.2689619, 0.1815094, 6.047488, 50.13437, 1.034031, 0.1, 0.1 
14.38844, 0.01415843, -0.2677295, 0.1805755, 6.180377, 50.12136, 1.153468, 0.1, 0.1 
14.40635, 0.0140019, -0.267058, 0.180234, 6.190109, 50.05039, 1.123321, 0.1, 0.1 
14.42253, 0.01409677, -0.2668415, 0.1804719, 5.992583, 50.07133, 1.071815, 0.1, 0.1 
14.43886, 0.01373664, -0.2675797, 0.1813383, 5.86245, 50.11544, 0.8708503, 0.1, 0.1 
14.45565, 0.01338256, -0.2679459, 0.1815879, 5.884369, 49.98995, 0.7059517, 0.1, 0.1 
14.47257, 0.01304633, -0.2679404, 0.1819452, 5.87522, 49.96516, 0.6937131, 0.1, 0.1 
14.4893, 0.01291269, -0.2680715, 0.1820307, 5.95235, 49.90613, 0.6937868, 0.1, 0.1 
14.50519, 0.01271644, -0.2690207, 0.1828297, 5.928582, 49.8788, 0.6662318, 0.1, 0.1 
14.52203, 0.01302711, -0.2682151, 0.1823232, 5.89554, 49.94603, 0.776307, 0.1, 0.1 
14.53908, 0.01309851, -0.2678098, 0.1820074, 5.855456, 50.028, 0.8330047, 0.1, 0.1 
14.55522, 0.01267123, -0.2679954, 0.1821577, 5.86726, 49.99993, 0.7355028, 0.1, 0.1 
14.57292, 0.01267244, -0.2679757, 0.1824431, 5.837398, 50.01381, 0.7398767, 0.1, 0.1 
14.58912, 0.01241295, -0.2686977, 0.1832998, 5.877757, 49.98668, 0.6199197, 0.1, 0.1 
14.60571, 0.0124623, -0.268848, 0.1834115, 5.96475, 49.91256, 0.5968826, 0.1, 0.1 
14.62227, 0.01274414, -0.2683614, 0.1830299, 5.874367, 50.0413, 0.7385789, 0.1, 0.1 
14.63844, 0.01274391, -0.2685794, 0.1829186, 5.927116, 49.99835, 0.71052, 0.1, 0.1 
14.65588, 0.01264562, -0.2686682, 0.182741, 5.778254, 50.10854, 0.8573127, 0.1, 0.1 
14.67278, 0.01255111, -0.2685047, 0.1819493, 5.853971, 50.16668, 1.127975, 0.1, 0.1 
14.68862, 0.01284811, -0.2681372, 0.1815967, 5.996797, 50.31187, 1.114574, 0.1, 0.1 
14.70573, 0.01279578, -0.2696017, 0.1825118, 6.039319, 50.34714, 1.150307, 0.1, 0.1 
14.72188, 0.01306172, -0.2687762, 0.1819367, 5.949886, 50.40593, 1.018098, 0.1, 0.1 
14.73915, 0.01310591, -0.2682709, 0.1818416, 5.834411, 50.33872, 0.7443514, 0.1, 0.1 
14.75527, 0.01332122, -0.2687978, 0.1824268, 5.606464, 50.22616, 0.5326843, 0.1, 0.1 
14.77211, 0.01396303, -0.2679977, 0.1818728, 5.63072, 50.2455, 0.6161508, 0.1, 0.1 
14.78938, 0.01418229, -0.2696419, 0.183107, 5.377862, 50.35197, 0.8810337, 0.1, 0.1 
14.80506, 0.01474241, -0.2702374, 0.1833376, 5.4462, 50.39591, 0.95174, 0.1, 0.1 
14.8221, 0.0157875, -0.269823, 0.1826669, 5.35146, 50.49831, 1.044864, 0.1, 0.1 
14.8383, 0.0159254, -0.2716321, 0.1840116, 4.995517, 50.63891, 1.048365, 0.1, 0.1 
14.85526, 0.01630942, -0.2718022, 0.1838295, 4.913695, 50.75713, 1.06372, 0.1, 0.1 
14.87162, 0.01684037, -0.2727106, 0.1840866, 4.793941, 50.82563, 1.118918, 0.1, 0.1 
14.90574, 0.01796938, -0.2718403, 0.1827278, 5.151979, 50.76235, 1.136676, 0.1, 0.1 
14.92226, 0.01780773, -0.2744591, 0.1844152, 5.038562, 50.75553, 1.238069, 0.1, 0.1 
14.93907, 0.01810807, -0.2745243, 0.1834823, 5.041003, 50.74193, 1.526553, 0.1, 0.1 
14.96531, 0.01944793, -0.2737328, 0.1815403, 5.18385, 50.68806, 1.552875, 0.1, 0.1 
14.97133, 0.02080581, -0.2746326, 0.1815568, 5.291169, 50.70372, 1.324378, 0.1, 0.1 
14.98838, 0.02135343, -0.2766511, 0.1828742, 5.405089, 50.63389, 0.8037413, 0.1, 0.1 
15.00594, 0.02161103, -0.2775233, 0.1830551, 5.119633, 50.6622, 0.8268964, 0.1, 0.1 
15.02297, 0.02179849, -0.2769383, 0.1817165, 5.293906, 50.52716, 0.6458259, 0.1, 0.1 
15.03945, 0.02257326, -0.2768724, 0.1812546, 5.234741, 50.47348, 0.465349, 0.1, 0.1 
15.05611, 0.02339171, -0.2772345, 0.1819105, 5.134487, 50.55173, 0.5765057, 0.1, 0.1 
15.07267, 0.02376235, -0.2802224, 0.1843878, 4.436823, 50.81733, 1.058665, 0.1, 0.1 
15.08893, 0.02452501, -0.2803029, 0.1838542, 4.372333, 50.97065, 1.357683, 0.1, 0.1 
15.10635, 0.02548068, -0.2773774, 0.1804917, 4.870186, 50.84048, 1.214427, 0.1, 0.1 
15.12176, 0.02621755, -0.2768216, 0.1794015, 4.975969, 50.73149, 0.999632, 0.1, 0.1 
15.13892, 0.0271515, -0.2794864, 0.1812312, 4.549929, 50.75518, 0.823675, 0.1, 0.1 
15.15553, 0.02818112, -0.2799886, 0.181523, 4.237081, 50.97217, 0.8527991, 0.1, 0.1 
15.17323, 0.02887639, -0.2811776, 0.1819859, 4.247046, 51.03492, 0.5336142, 0.1, 0.1 
15.18905, 0.02949336, -0.2802687, 0.1800758, 4.81237, 50.86032, 0.131496, 0.1, 0.1 
15.20587, 0.02979965, -0.2813182, 0.1789877, 4.96612, 50.8952, 0.0293003, 0.1, 0.1 
15.22267, 0.03013365, -0.2830561, 0.1788985, 5.263441, 50.79148, 359.68, 0.1, 0.1 
15.23903, 0.03088741, -0.2819634, 0.177138, 5.53954, 51.02941, 359.9702, 0.1, 0.1 
15.25566, 0.03149793, -0.2797616, 0.1762522, 5.756598, 51.04414, 359.968, 0.1, 0.1 
15.2727, 0.03148547, -0.2796548, 0.1775006, 5.56222, 51.00378, 0.02985874, 0.1, 0.1 
15.2897, 0.03147693, -0.2786527, 0.1774698, 5.375168, 50.68099, 359.9904, 0.1, 0.1 
15.30609, 0.03179184, -0.2771206, 0.1762203, 5.304518, 50.55918, 0.09049336, 0.1, 0.1 
15.32275, 0.03317316, -0.2767423, 0.1756035, 5.21723, 50.56476, 0.3627905, 0.1, 0.1 
15.33956, 0.03404594, -0.2764835, 0.175442, 5.269262, 50.70776, 0.5301284, 0.1, 0.1 
15.35724, 0.03456539, -0.2756466, 0.1748282, 5.4829, 50.93858, 0.5402456, 0.1, 0.1 
15.37289, 0.03513552, -0.2761249, 0.1746767, 5.764218, 51.14676, 0.5079338, 0.1, 0.1 
15.38879, 0.03510299, -0.2788221, 0.176288, 5.681014, 51.10283, 0.6565961, 0.1, 0.1 
15.40592, 0.03431433, -0.278069, 0.1765548, 5.432355, 50.84837, 0.6830454, 0.1, 0.1 
15.42304, 0.03438112, -0.2793027, 0.1774038, 5.01724, 50.7249, 0.7012874, 0.1, 0.1 
15.43941, 0.03454129, -0.2768298, 0.1755446, 5.33002, 50.72481, 0.534052, 0.1, 0.1 
15.45589, 0.03526391, -0.2761729, 0.1749122, 5.552293, 50.90521, 0.5463188, 0.1, 0.1 
15.47258, 0.03591558, -0.277002, 0.1752001, 5.610087, 51.10823, 0.5544282, 0.1, 0.1 
15.48904, 0.03657029, -0.2812717, 0.1772312, 5.220914, 51.17878, 0.4994951, 0.1, 0.1 
15.50571, 0.03564776, -0.2796293, 0.1767331, 5.337225, 50.95062, 0.4533531, 0.1, 0.1 
15.52199, 0.03525914, -0.2794366, 0.1773727, 5.035831, 50.61695, 0.5162184, 0.1, 0.1 
15.53882, 0.0356789, -0.2790076, 0.1776902, 4.822622, 50.45035, 0.6886427, 0.1, 0.1 
15.55627, 0.03678209, -0.2797931, 0.1781552, 4.833881, 50.36126, 0.6787633, 0.1, 0.1 
15.57305, 0.03711221, -0.278074, 0.1772111, 4.968475, 50.51796, 0.7760594, 0.1, 0.1 
15.5899, 0.03721672, -0.2776518, 0.1768542, 5.107805, 50.60241, 0.6810988, 0.1, 0.1 
15.60587, 0.03747134, -0.2786476, 0.1768897, 5.13187, 50.7898, 0.8563906, 0.1, 0.1 
15.62226, 0.03728668, -0.2787118, 0.1766977, 4.986819, 50.8055, 0.8957669, 0.1, 0.1 
15.63945, 0.03747264, -0.2787861, 0.1768026, 4.911876, 50.73368, 0.7999865, 0.1, 0.1 
15.65602, 0.03793, -0.278698, 0.1769744, 4.743906, 50.83507, 0.9656355, 0.1, 0.1 
15.67248, 0.03818689, -0.2768799, 0.1759797, 5.016809, 50.8343, 0.9798492, 0.1, 0.1 
15.68952, 0.03862181, -0.2761155, 0.1753228, 5.381663, 50.85934, 0.9287071, 0.1, 0.1 
15.70625, 0.03880314, -0.2752783, 0.1743642, 5.639239, 50.96393, 1.136604, 0.1, 0.1 
15.72249, 0.03929721, -0.2760109, 0.1742964, 5.635566, 51.10793, 1.353776, 0.1, 0.1 
15.7392, 0.03937431, -0.2761444, 0.174344, 5.786578, 51.17423, 1.477075, 0.1, 0.1 
15.7554, 0.03964043, -0.2765864, 0.1749495, 5.588247, 50.93678, 1.43746, 0.1, 0.1 
15.7719, 0.03976129, -0.2766374, 0.1754253, 5.374706, 50.77284, 1.34323, 0.1, 0.1 
15.78842, 0.03986677, -0.2763641, 0.1755265, 5.28855, 50.67423, 1.176011, 0.1, 0.1 
15.8053, 0.04110767, -0.2776132, 0.1758537, 5.183833, 50.69948, 1.10553, 0.1, 0.1 
15.8219, 0.0407894, -0.275905, 0.1745646, 5.399794, 50.79566, 1.180671, 0.1, 0.1 
15.8385, 0.04069135, -0.2757648, 0.1744152, 5.415757, 50.745, 1.202047, 0.1, 0.1 
15.85589, 0.04044329, -0.2758612, 0.1746792, 5.369222, 50.66983, 1.192299, 0.1, 0.1 
15.87303, 0.04038547, -0.2757251, 0.1745946, 5.207415, 50.64477, 1.057395, 0.1, 0.1 
15.88931, 0.04084767, -0.2761238, 0.1745078, 5.138161, 50.62076, 0.9132016, 0.1, 0.1 
15.9066, 0.04057718, -0.2737907, 0.1728663, 5.45864, 50.82885, 1.022595, 0.1, 0.1 
15.92247, 0.04042662, -0.272781, 0.1724444, 5.655691, 50.92284, 1.203006, 0.1, 0.1 
15.93928, 0.04069296, -0.2735027, 0.1731028, 5.554023, 50.86713, 1.212343, 0.1, 0.1 
15.96293, 0.04094043, -0.2744882, 0.1737173, 5.332452, 50.81071, 1.218305, 0.1, 0.1 
15.9719, 0.04075359, -0.2739568, 0.1732593, 5.328096, 50.77563, 1.237471, 0.1, 0.1 
15.98829, 0.04060911, -0.2728182, 0.1727041, 5.389624, 50.70318, 1.234499, 0.1, 0.1 
16.00527, 0.04073025, -0.2725397, 0.172397, 5.356716, 50.68091, 1.272476, 0.1, 0.1 
16.02262, 0.04056348, -0.2711599, 0.1715743, 5.504553, 50.66447, 1.212107, 0.1, 0.1 
16.0395, 0.04153378, -0.2724, 0.1720501, 5.278744, 50.71502, 1.163804, 0.1, 0.1 
16.05608, 0.0416969, -0.2720866, 0.1718078, 5.291824, 50.93425, 1.305916, 0.1, 0.1 
16.07285, 0.0413194, -0.2717507, 0.1718166, 5.361662, 51.05032, 1.30292, 0.1, 0.1 
16.08889, 0.04060984, -0.2707138, 0.1713027, 5.66093, 51.05248, 1.314345, 0.1, 0.1 
16.10568, 0.04014228, -0.270216, 0.1712053, 5.759451, 50.94617, 1.151726, 0.1, 0.1 
16.12203, 0.04020604, -0.2701409, 0.1712583, 5.798501, 50.86227, 1.071186, 0.1, 0.1 
16.13918, 0.04035462, -0.2696806, 0.1710469, 5.67363, 50.83539, 1.122186, 0.1, 0.1 
16.15622, 0.04023007, -0.2689187, 0.1708157, 5.63658, 50.81171, 1.117979, 0.1, 0.1 
16.17257, 0.03998572, -0.2688241, 0.171033, 5.53699, 50.77141, 1.005871, 0.1, 0.1 
16.18876, 0.04029161, -0.2700374, 0.1716901, 5.553426, 50.82203, 0.9561013, 0.1, 0.1 
16.20572, 0.0400451, -0.2697634, 0.1721887, 5.807899, 50.8369, 0.8837365, 0.1, 0.1 
16.223, 0.04013435, -0.2699668, 0.1726886, 5.889539, 50.80125, 0.8914463, 0.1, 0.1 
16.23956, 0.03924916, -0.2688842, 0.1725098, 5.875521, 50.73156, 1.109411, 0.1, 0.1 
16.25658, 0.0392412, -0.2690577, 0.1723814, 5.735921, 50.80548, 1.186363, 0.1, 0.1 
16.2729, 0.03898174, -0.2688794, 0.1724174, 5.843455, 50.79531, 1.102776, 0.1, 0.1 
16.28966, 0.03874902, -0.269886, 0.173149, 5.852097, 50.73407, 0.9677391, 0.1, 0.1 
16.30633, 0.03808195, -0.2693742, 0.1728866, 5.755231, 50.72033, 1.020809, 0.1, 0.1 
16.32238, 0.03775991, -0.2694865, 0.1727372, 5.617045, 50.71138, 0.9802179, 0.1, 0.1 
16.33927, 0.03755326, -0.2696864, 0.1727426, 5.557479, 50.67445, 0.8128943, 0.1, 0.1 
16.35622, 0.03720995, -0.2695439, 0.1726853, 5.626711, 50.62971, 0.7358311, 0.1, 0.1 
16.37304, 0.03696086, -0.2691568, 0.1724309, 5.698496, 50.58792, 0.7112625, 0.1, 0.1 
16.38903, 0.03699157, -0.2690058, 0.1721747, 5.666886, 50.57201, 0.7053697, 0.1, 0.1 
16.40571, 0.03696638, -0.2691074, 0.1722617, 5.621542, 50.57905, 0.7250814, 0.1, 0.1 
16.42254, 0.0369095, -0.269609, 0.1726228, 5.567471, 50.56538, 0.6938137, 0.1, 0.1 
16.43855, 0.03659593, -0.2697241, 0.1727757, 5.486171, 50.55212, 0.715608, 0.1, 0.1 
16.45611, 0.0367597, -0.2703263, 0.1730587, 5.564219, 50.56303, 0.5958862, 0.1, 0.1 
16.47253, 0.03648143, -0.2699521, 0.1726613, 5.621695, 50.5901, 0.5525739, 0.1, 0.1 
16.48846, 0.03646474, -0.2700138, 0.1724381, 5.631963, 50.6143, 0.404947, 0.1, 0.1 
16.50593, 0.03654638, -0.2705573, 0.1724612, 5.623583, 50.65437, 0.2765116, 0.1, 0.1 
16.52209, 0.03649367, -0.2709803, 0.1724502, 5.589434, 50.69707, 0.3786841, 0.1, 0.1 
16.53927, 0.03646999, -0.2718255, 0.1726487, 5.687518, 50.72931, 0.5094152, 0.1, 0.1 
16.55764, 0.03647084, -0.272179, 0.1728125, 5.75709, 50.71195, 0.4516593, 0.1, 0.1 
16.57306, 0.03630036, -0.2723059, 0.1727002, 5.839686, 50.75972, 0.687773, 0.1, 0.1 
16.59146, 0.03615194, -0.2718925, 0.1722286, 5.626676, 50.78652, 0.8527201, 0.1, 0.1 
16.60654, 0.03605428, -0.2721905, 0.1720614, 5.396677, 50.80436, 1.133042, 0.1, 0.1 
16.62314, 0.03650425, -0.2735016, 0.1723506, 5.312335, 50.8277, 1.35098, 0.1, 0.1 
16.64057, 0.03612387, -0.2735348, 0.1726559, 5.405255, 50.62248, 1.361333, 0.1, 0.1 
16.65597, 0.03535277, -0.2714233, 0.1717529, 5.489596, 50.61102, 1.252092, 0.1, 0.1 
16.67174, 0.03529697, -0.2710227, 0.1716172, 5.418216, 50.65969, 1.213064, 0.1, 0.1 
16.68902, 0.03554739, -0.2720577, 0.1719758, 5.281623, 50.76218, 1.207693, 0.1, 0.1 
16.70635, 0.03475509, -0.2702979, 0.1707296, 5.436219, 50.80515, 1.597488, 0.1, 0.1 
16.72218, 0.03441279, -0.2699338, 0.1701154, 5.677323, 50.88234, 1.744326, 0.1, 0.1 
16.73921, 0.03352617, -0.2689474, 0.1694067, 5.779689, 50.83154, 1.63043, 0.1, 0.1 
16.75631, 0.03333786, -0.2694069, 0.169857, 5.71777, 50.75309, 1.634221, 0.1, 0.1 
