1.93837, -0.02720869, -0.3515076, 0.1870185, 1.893918, 356.211, 358.9908, 0.1, 0.1 
1.971852, -0.02672807, -0.3524391, 0.1879613, 1.937689, 356.1182, 358.6783, 0.1, 0.1 
1.986701, -0.02687971, -0.3520509, 0.1878614, 2.120934, 356.1792, 358.7004, 0.1, 0.1 
2.003393, -0.02710601, -0.3508863, 0.1868108, 2.121938, 356.1895, 359.0851, 0.1, 0.1 
2.020079, -0.02697386, -0.3502059, 0.1858734, 2.685977, 356.2075, 359.1418, 0.1, 0.1 
2.036662, -0.02724601, -0.3510835, 0.1837423, 3.25141, 356.1327, 359.0446, 0.1, 0.1 
2.053387, -0.02717046, -0.3506163, 0.1838434, 3.329417, 356.1519, 359.0246, 0.1, 0.1 
2.070134, -0.02721691, -0.3533797, 0.1862312, 2.559853, 356.0454, 358.5713, 0.1, 0.1 
2.086689, -0.02754099, -0.3554854, 0.1876166, 1.896099, 355.9387, 358.2387, 0.1, 0.1 
2.103338, -0.02781302, -0.3531777, 0.1860077, 1.886983, 356.0273, 358.6136, 0.1, 0.1 
2.120019, -0.02780153, -0.3521972, 0.1851454, 2.037854, 356.046, 358.9773, 0.1, 0.1 
2.136729, -0.0281285, -0.3522357, 0.1829924, 2.921587, 355.9891, 359.1376, 0.1, 0.1 
2.153355, -0.02782882, -0.3511619, 0.1824065, 3.558393, 356.0448, 359.4217, 0.1, 0.1 
2.170089, -0.02790005, -0.352419, 0.1834907, 2.894946, 355.9687, 359.3954, 0.1, 0.1 
2.186689, -0.02808999, -0.3546214, 0.1851185, 2.511093, 355.8741, 358.7286, 0.1, 0.1 
2.203397, -0.0281274, -0.3528978, 0.1840557, 3.361358, 355.9696, 358.848, 0.1, 0.1 
2.22005, -0.02822778, -0.3514852, 0.1827905, 3.214886, 356.0624, 359.1039, 0.1, 0.1 
2.236782, -0.02758573, -0.3564945, 0.1840741, 2.465594, 356.014, 358.9041, 0.1, 0.1 
2.253427, -0.02758091, -0.3555487, 0.1836446, 2.694947, 356.0333, 358.4886, 0.1, 0.1 
2.271615, -0.02754501, -0.3546588, 0.1833683, 2.68478, 356.086, 358.4518, 0.1, 0.1 
2.289517, -0.02744691, -0.3562041, 0.1843676, 2.054161, 355.9959, 358.379, 0.1, 0.1 
2.306233, -0.02753341, -0.3579085, 0.1853161, 1.970954, 356.0017, 358.2512, 0.1, 0.1 
2.321035, -0.02748547, -0.3551686, 0.1841049, 2.831931, 355.9831, 358.3737, 0.1, 0.1 
2.338024, -0.02653972, -0.355382, 0.1841904, 2.917293, 356.0078, 358.6294, 0.1, 0.1 
2.35441, -0.02642581, -0.3551995, 0.1840957, 3.017989, 355.9986, 358.7498, 0.1, 0.1 
2.371076, -0.02644215, -0.3559707, 0.1841889, 3.402784, 355.9201, 358.6199, 0.1, 0.1 
2.387614, -0.02639854, -0.3557556, 0.1840396, 3.812939, 355.9497, 358.6966, 0.1, 0.1 
2.404739, -0.02635636, -0.3546963, 0.1838777, 3.759131, 356.0518, 359.0639, 0.1, 0.1 
2.420934, -0.02551411, -0.3550012, 0.1844107, 3.494025, 356.1777, 359.1874, 0.1, 0.1 
2.438206, -0.02561474, -0.3552009, 0.1844546, 3.256196, 356.1722, 359.186, 0.1, 0.1 
2.454561, -0.02563238, -0.3554773, 0.1844605, 3.240781, 356.1628, 359.1837, 0.1, 0.1 
2.471251, -0.0255895, -0.3551513, 0.1840744, 3.721329, 356.174, 359.0157, 0.1, 0.1 
2.487783, -0.02551089, -0.354953, 0.1837889, 3.921758, 356.2222, 358.9196, 0.1, 0.1 
2.505596, -0.02539755, -0.3545479, 0.1836944, 4.085153, 356.2385, 359.0804, 0.1, 0.1 
2.521332, -0.02490629, -0.3542805, 0.1841491, 3.734545, 356.3628, 359.3948, 0.1, 0.1 
2.538864, -0.02509349, -0.3548456, 0.1846732, 3.338042, 356.3225, 359.3077, 0.1, 0.1 
2.554659, -0.02518385, -0.354862, 0.1847352, 3.263994, 356.3098, 359.3191, 0.1, 0.1 
2.573068, -0.02517221, -0.3550542, 0.1847982, 3.191689, 356.2659, 359.179, 0.1, 0.1 
2.58808, -0.02503704, -0.3548967, 0.1846695, 3.180931, 356.2893, 359.1266, 0.1, 0.1 
2.605007, -0.02482778, -0.3542919, 0.1844085, 3.278634, 356.2943, 359.1042, 0.1, 0.1 
2.621014, -0.02457983, -0.3547706, 0.1849209, 3.07451, 356.2935, 359.0206, 0.1, 0.1 
2.638708, -0.02461023, -0.3551571, 0.1851774, 2.988869, 356.2891, 359.0063, 0.1, 0.1 
2.654412, -0.02469707, -0.3549129, 0.1850909, 3.045191, 356.301, 359.0054, 0.1, 0.1 
2.670989, -0.0246964, -0.3551302, 0.1852505, 2.952301, 356.2629, 358.9688, 0.1, 0.1 
2.687723, -0.0247025, -0.3546706, 0.1850925, 3.073714, 356.2796, 358.9827, 0.1, 0.1 
2.704567, -0.0246939, -0.3548975, 0.185254, 3.016674, 356.2628, 358.946, 0.1, 0.1 
2.721076, -0.02465659, -0.3545687, 0.1852905, 3.100975, 356.286, 358.9065, 0.1, 0.1 
2.738057, -0.02470623, -0.3545513, 0.1852283, 3.186973, 356.3177, 358.9356, 0.1, 0.1 
2.754608, -0.02483625, -0.3552054, 0.1855316, 3.220197, 356.2827, 358.9691, 0.1, 0.1 
2.77125, -0.02483268, -0.3547818, 0.185415, 3.239837, 356.3243, 359.1116, 0.1, 0.1 
2.787908, -0.02486359, -0.3548304, 0.1856122, 3.020519, 356.318, 359.0542, 0.1, 0.1 
2.804646, -0.02497191, -0.3546831, 0.1856382, 3.045498, 356.2564, 358.958, 0.1, 0.1 
2.821063, -0.02493432, -0.3544655, 0.1857561, 3.073208, 356.2892, 359.0145, 0.1, 0.1 
2.838673, -0.0248731, -0.3547768, 0.1858192, 3.085309, 356.2972, 358.9449, 0.1, 0.1 
2.854983, -0.02488316, -0.3545191, 0.18563, 3.127554, 356.3117, 359.037, 0.1, 0.1 
2.878636, -0.0248827, -0.354661, 0.1858454, 3.019064, 356.2845, 358.9965, 0.1, 0.1 
2.887938, -0.02477453, -0.355264, 0.186251, 2.903824, 356.3269, 359.067, 0.1, 0.1 
2.904662, -0.02479737, -0.3549122, 0.1860846, 2.982452, 356.3596, 359.1134, 0.1, 0.1 
2.920867, -0.02477289, -0.3544781, 0.1857954, 3.139054, 356.3724, 359.1243, 0.1, 0.1 
2.937602, -0.02467701, -0.354248, 0.1854888, 3.201549, 356.3911, 359.1085, 0.1, 0.1 
2.954371, -0.02459333, -0.3543364, 0.1855379, 3.211627, 356.4501, 359.1471, 0.1, 0.1 
2.971327, -0.02465609, -0.3548045, 0.1858736, 3.131118, 356.4567, 359.1378, 0.1, 0.1 
2.988149, -0.02466827, -0.354662, 0.1858099, 3.196792, 356.4419, 359.1627, 0.1, 0.1 
3.004526, -0.02476147, -0.3555812, 0.1863026, 2.951651, 356.4474, 359.1777, 0.1, 0.1 
3.021063, -0.02473752, -0.3556838, 0.1864723, 3.078913, 356.4359, 358.9652, 0.1, 0.1 
3.037719, -0.02460721, -0.3555816, 0.1862194, 3.284596, 356.4415, 358.9871, 0.1, 0.1 
3.054476, -0.02452368, -0.3553396, 0.1861766, 3.303974, 356.48, 359.1227, 0.1, 0.1 
3.071132, -0.02461438, -0.3560453, 0.1868704, 2.862452, 356.514, 359.2029, 0.1, 0.1 
3.08746, -0.02472684, -0.356181, 0.1872998, 2.502483, 356.4885, 359.196, 0.1, 0.1 
3.104507, -0.02477865, -0.35556, 0.1871704, 2.28259, 356.4351, 359.1307, 0.1, 0.1 
3.121422, -0.02485782, -0.3555011, 0.1872525, 2.089525, 356.4032, 359.0447, 0.1, 0.1 
3.137988, -0.0249812, -0.3560991, 0.1873976, 1.866728, 356.3781, 359.0192, 0.1, 0.1 
3.154621, -0.02515304, -0.363735, 0.1910682, 1.88575, 356.4547, 358.8945, 0.1, 0.1 
3.171093, -0.02531807, -0.3695499, 0.193938, 1.769671, 356.4597, 358.8412, 0.1, 0.1 
3.18806, -0.02500051, -0.3655017, 0.1917749, 2.083259, 356.6169, 359.069, 0.1, 0.1 
3.204732, -0.02493606, -0.3644281, 0.1910746, 2.093609, 356.6475, 359.0553, 0.1, 0.1 
3.221283, -0.02474299, -0.3640501, 0.1907707, 2.104381, 356.688, 359.0535, 0.1, 0.1 
3.238134, -0.0249635, -0.3640427, 0.1907173, 2.101536, 356.677, 358.996, 0.1, 0.1 
3.254532, -0.02577023, -0.3646873, 0.19134, 2.059834, 356.6095, 358.8853, 0.1, 0.1 
3.271291, -0.02487528, -0.3582422, 0.188363, 2.098356, 356.641, 359.3046, 0.1, 0.1 
3.287858, -0.02440894, -0.3566063, 0.1875417, 1.856378, 356.5342, 359.2724, 0.1, 0.1 
3.304755, -0.02424081, -0.3557608, 0.1870374, 1.802638, 356.3932, 359.2893, 0.1, 0.1 
3.321152, -0.02477317, -0.3559922, 0.1870073, 1.753322, 356.1144, 359.3113, 0.1, 0.1 
3.337769, -0.02542847, -0.357136, 0.1872776, 1.617481, 356.0446, 359.2733, 0.1, 0.1 
3.354438, -0.02593057, -0.358417, 0.188017, 1.546933, 355.7996, 359.2951, 0.1, 0.1 
3.371565, -0.02554308, -0.3566366, 0.1871186, 1.822429, 356.1291, 359.6483, 0.1, 0.1 
3.387894, -0.0251861, -0.3554272, 0.1863687, 2.098393, 356.2141, 359.6892, 0.1, 0.1 
3.404354, -0.02512836, -0.3556505, 0.1861743, 2.514914, 356.1641, 359.5019, 0.1, 0.1 
3.421399, -0.02512732, -0.3544175, 0.1853742, 2.911992, 356.1881, 359.4242, 0.1, 0.1 
3.437741, -0.02549143, -0.3551287, 0.1858002, 2.882218, 356.0728, 359.1949, 0.1, 0.1 
3.455476, -0.02569993, -0.3553139, 0.1860698, 2.70216, 355.9145, 358.9862, 0.1, 0.1 
3.471453, -0.02553698, -0.3547863, 0.1858795, 2.871828, 355.9493, 359.0901, 0.1, 0.1 
3.487918, -0.02526143, -0.3552012, 0.1860327, 2.722982, 356.0876, 359.3046, 0.1, 0.1 
3.504469, -0.02539661, -0.3567322, 0.1866584, 2.477261, 356.083, 359.2147, 0.1, 0.1 
3.521203, -0.02527644, -0.3557963, 0.1861538, 2.404985, 356.1088, 359.3126, 0.1, 0.1 
3.537677, -0.02536982, -0.3556293, 0.1860734, 2.321182, 356.1597, 359.3306, 0.1, 0.1 
3.55434, -0.02525122, -0.3548208, 0.1857335, 2.191394, 356.2092, 359.3416, 0.1, 0.1 
3.571476, -0.02526076, -0.3559105, 0.1862521, 1.997662, 356.2221, 359.3469, 0.1, 0.1 
3.587684, -0.02517401, -0.3558073, 0.1863019, 1.906448, 356.2693, 359.3222, 0.1, 0.1 
3.605053, -0.02500482, -0.3557059, 0.1861512, 2.098095, 356.3457, 359.4289, 0.1, 0.1 
3.621385, -0.02476738, -0.355379, 0.1859741, 2.206555, 356.4109, 359.5394, 0.1, 0.1 
3.637819, -0.02468169, -0.3557243, 0.1860148, 2.210295, 356.438, 359.552, 0.1, 0.1 
3.654559, -0.02472414, -0.3562842, 0.1860629, 2.147866, 356.3936, 359.2701, 0.1, 0.1 
3.671478, -0.0241436, -0.3514521, 0.183634, 2.3575, 356.5224, 359.4993, 0.1, 0.1 
3.687824, -0.024651, -0.354026, 0.1857909, 2.214146, 356.4828, 359.3946, 0.1, 0.1 
3.705135, -0.02525704, -0.3556771, 0.186569, 2.501246, 356.3191, 359.1756, 0.1, 0.1 
3.721891, -0.02552269, -0.3561656, 0.1868013, 2.510178, 356.2642, 358.9973, 0.1, 0.1 
3.737868, -0.02584726, -0.3579699, 0.187675, 1.870716, 356.2738, 358.8633, 0.1, 0.1 
3.755893, -0.02582378, -0.3573991, 0.1873093, 1.949606, 356.3175, 358.8252, 0.1, 0.1 
3.772343, -0.02592798, -0.3568663, 0.1870665, 1.931809, 356.3451, 358.9348, 0.1, 0.1 
3.791018, -0.02574245, -0.3551302, 0.1868644, 2.039121, 356.3083, 358.9874, 0.1, 0.1 
3.80483, -0.02619252, -0.3555926, 0.1869773, 2.021209, 356.2264, 358.9524, 0.1, 0.1 
3.82152, -0.02644283, -0.3563239, 0.1873921, 1.787513, 356.1666, 358.8637, 0.1, 0.1 
3.838406, -0.02641708, -0.355956, 0.1871318, 1.92334, 356.1939, 358.7873, 0.1, 0.1 
3.857264, -0.02630012, -0.3544308, 0.1862613, 2.417023, 356.2144, 358.8061, 0.1, 0.1 
3.871543, -0.02640698, -0.3539497, 0.1859535, 2.748029, 356.1838, 358.9035, 0.1, 0.1 
3.888249, -0.02634104, -0.3535491, 0.1861079, 2.912925, 356.1505, 358.9551, 0.1, 0.1 
3.904788, -0.02676326, -0.3540538, 0.1862279, 2.878385, 356.0964, 358.882, 0.1, 0.1 
3.921465, -0.02680174, -0.3542721, 0.1862254, 2.882786, 356.0876, 358.8147, 0.1, 0.1 
3.938106, -0.02685397, -0.3544783, 0.1862019, 2.830579, 356.115, 358.8224, 0.1, 0.1 
3.95455, -0.02673874, -0.353419, 0.1856236, 2.932522, 356.1096, 358.7809, 0.1, 0.1 
3.97153, -0.02696396, -0.3536705, 0.1859153, 2.788502, 356.069, 358.6821, 0.1, 0.1 
3.987862, -0.02683419, -0.3536249, 0.1861964, 2.790556, 356.1141, 358.6893, 0.1, 0.1 
4.006905, -0.02683403, -0.3536709, 0.1860929, 2.825972, 356.1095, 358.7657, 0.1, 0.1 
4.021413, -0.02693527, -0.3533855, 0.1858279, 2.884104, 356.0346, 358.7469, 0.1, 0.1 
4.038721, -0.02699974, -0.3533785, 0.1858041, 2.832395, 355.9954, 358.6982, 0.1, 0.1 
4.055552, -0.02693053, -0.3528461, 0.1856261, 2.864869, 356.0112, 358.7274, 0.1, 0.1 
4.073245, -0.02705768, -0.3528665, 0.1858256, 2.769493, 356.0763, 358.8543, 0.1, 0.1 
4.087749, -0.0272195, -0.35415, 0.1869819, 2.077429, 356.1232, 358.8581, 0.1, 0.1 
4.109104, -0.02742492, -0.3558498, 0.1877807, 1.706733, 356.0772, 358.7876, 0.1, 0.1 
4.120913, -0.02737556, -0.3558081, 0.1875986, 1.824072, 356.081, 358.8437, 0.1, 0.1 
4.137887, -0.02771164, -0.3572927, 0.1882204, 1.616351, 356.1193, 359.0046, 0.1, 0.1 
4.154447, -0.02814686, -0.3590012, 0.1889178, 1.256185, 356.0828, 359.0853, 0.1, 0.1 
4.172154, -0.02904774, -0.3612793, 0.1897351, 1.050857, 355.7653, 359.2264, 0.1, 0.1 
4.187701, -0.02678558, -0.3559902, 0.186897, 2.217874, 355.9325, 359.5074, 0.1, 0.1 
4.204319, -0.02581958, -0.3560317, 0.1867666, 2.551276, 356.0348, 359.4907, 0.1, 0.1 
4.220998, -0.02559509, -0.3563324, 0.1868893, 2.701037, 356.1772, 359.4831, 0.1, 0.1 
4.237526, -0.02546432, -0.3562399, 0.186838, 2.782549, 356.3159, 359.537, 0.1, 0.1 
4.269674, -0.02679636, -0.3590328, 0.1884286, 1.754, 356.1594, 359.4609, 0.1, 0.1 
4.27145, -0.02623134, -0.3567676, 0.1872531, 2.142381, 356.1365, 359.5418, 0.1, 0.1 
4.287478, -0.02604006, -0.3555956, 0.1866773, 2.135748, 356.191, 359.4951, 0.1, 0.1 
4.304078, -0.02597572, -0.3562452, 0.1870205, 2.019178, 356.255, 359.4634, 0.1, 0.1 
4.320828, -0.0253183, -0.3560252, 0.1867473, 2.10974, 356.4936, 359.8676, 0.1, 0.1 
4.337394, -0.02494033, -0.3555319, 0.1861666, 2.571378, 356.4685, 359.8515, 0.1, 0.1 
4.354486, -0.02498925, -0.3552098, 0.1858283, 2.82703, 356.4479, 359.6638, 0.1, 0.1 
4.371319, -0.02473488, -0.3554821, 0.1862799, 2.836682, 356.4652, 359.6141, 0.1, 0.1 
4.387753, -0.02498238, -0.355092, 0.1862534, 2.918163, 356.4726, 359.6376, 0.1, 0.1 
4.404443, -0.02574955, -0.3565673, 0.187375, 2.202396, 356.4272, 359.457, 0.1, 0.1 
4.421067, -0.02565791, -0.3560636, 0.187075, 2.172886, 356.4396, 359.5083, 0.1, 0.1 
4.437984, -0.0253637, -0.3560525, 0.1867156, 2.520231, 356.3901, 359.6386, 0.1, 0.1 
4.454421, -0.02501272, -0.3550189, 0.1859971, 2.937471, 356.3712, 359.6682, 0.1, 0.1 
4.471531, -0.02502354, -0.355955, 0.186558, 2.874162, 356.4246, 359.7526, 0.1, 0.1 
4.48786, -0.02527829, -0.3561624, 0.1865154, 2.978388, 356.3701, 359.6976, 0.1, 0.1 
4.504624, -0.02583186, -0.3564205, 0.1864349, 3.021442, 356.2914, 359.6356, 0.1, 0.1 
4.521295, -0.02707224, -0.3581484, 0.1870966, 2.515862, 356.0969, 359.4859, 0.1, 0.1 
4.537776, -0.02703232, -0.357206, 0.1866056, 2.534992, 355.9983, 359.5388, 0.1, 0.1 
4.555712, -0.02598388, -0.3558319, 0.1859473, 2.839455, 356.0394, 359.6512, 0.1, 0.1 
4.571513, -0.0253029, -0.3554321, 0.1856152, 3.024245, 356.1534, 359.7508, 0.1, 0.1 
4.587841, -0.02516234, -0.3551981, 0.1854278, 3.208029, 356.2802, 359.7903, 0.1, 0.1 
4.604648, -0.02539973, -0.3553013, 0.1854224, 3.191874, 356.3268, 359.7795, 0.1, 0.1 
4.621195, -0.02566838, -0.3556431, 0.1854554, 3.122993, 356.3108, 359.7272, 0.1, 0.1 
4.637817, -0.02602267, -0.3562758, 0.1856435, 2.956034, 356.2081, 359.58, 0.1, 0.1 
4.654583, -0.02634954, -0.3568252, 0.1858327, 2.680739, 356.1141, 359.4222, 0.1, 0.1 
4.671481, -0.02615526, -0.3563887, 0.1857074, 2.611425, 356.1498, 359.3684, 0.1, 0.1 
4.688097, -0.02553207, -0.3556882, 0.185244, 2.738749, 356.3414, 359.4454, 0.1, 0.1 
4.70442, -0.02525712, -0.3556442, 0.1852657, 2.706124, 356.4387, 359.4689, 0.1, 0.1 
4.721234, -0.02507854, -0.3553859, 0.1851922, 2.761711, 356.4725, 359.4472, 0.1, 0.1 
4.737958, -0.02518517, -0.3550743, 0.1850444, 2.914472, 356.5269, 359.5228, 0.1, 0.1 
4.754588, -0.02536804, -0.3549751, 0.1849653, 2.935889, 356.5134, 359.5865, 0.1, 0.1 
4.77247, -0.02560703, -0.3552613, 0.1853213, 2.707852, 356.4623, 359.5414, 0.1, 0.1 
4.789176, -0.02542707, -0.3556173, 0.1853986, 2.53021, 356.3669, 359.4007, 0.1, 0.1 
4.804506, -0.02523021, -0.35565, 0.1854698, 2.354131, 356.3914, 359.3681, 0.1, 0.1 
4.821223, -0.02538382, -0.3561928, 0.1857381, 2.101651, 356.4407, 359.3297, 0.1, 0.1 
4.837966, -0.02519794, -0.3552764, 0.1852632, 2.384188, 356.4067, 359.3156, 0.1, 0.1 
4.854635, -0.02535789, -0.3556472, 0.1852991, 2.401974, 356.5405, 359.2353, 0.1, 0.1 
4.871428, -0.0252562, -0.3547685, 0.1852049, 2.592813, 356.4548, 359.2502, 0.1, 0.1 
4.887853, -0.0253714, -0.354479, 0.184799, 2.695614, 356.3868, 359.2122, 0.1, 0.1 
4.90448, -0.02551962, -0.3545316, 0.184686, 2.698339, 356.3301, 359.2342, 0.1, 0.1 
4.9212, -0.02552334, -0.3542441, 0.1845398, 2.758025, 356.2827, 359.2098, 0.1, 0.1 
4.937915, -0.025561, -0.3540189, 0.1845023, 2.82578, 356.2874, 359.24, 0.1, 0.1 
4.954436, -0.02569184, -0.3539101, 0.1845211, 2.932481, 356.2968, 359.2253, 0.1, 0.1 
4.972354, -0.02583357, -0.3542641, 0.1848784, 2.839259, 356.3033, 359.2389, 0.1, 0.1 
4.987815, -0.02587745, -0.3545799, 0.1849338, 2.772479, 356.2811, 359.2442, 0.1, 0.1 
5.004536, -0.02580731, -0.3544596, 0.1848153, 2.791061, 356.279, 359.2871, 0.1, 0.1 
5.021766, -0.02586631, -0.3543341, 0.1848049, 2.773312, 356.2538, 359.2439, 0.1, 0.1 
5.037796, -0.02602042, -0.3544469, 0.1849886, 2.625346, 356.227, 359.228, 0.1, 0.1 
5.054512, -0.02599621, -0.3544485, 0.1850339, 2.540666, 356.224, 359.2787, 0.1, 0.1 
5.071451, -0.02626513, -0.3545163, 0.1854771, 2.372513, 356.1419, 359.2478, 0.1, 0.1 
5.087861, -0.02627487, -0.3549125, 0.1854823, 2.418481, 356.1293, 359.2899, 0.1, 0.1 
5.104601, -0.02618541, -0.3548185, 0.1853438, 2.547974, 356.1397, 359.3018, 0.1, 0.1 
5.121279, -0.02596683, -0.3542989, 0.1851846, 2.670916, 356.2064, 359.3815, 0.1, 0.1 
5.137823, -0.02601308, -0.3546124, 0.1853946, 2.583338, 356.2612, 359.4584, 0.1, 0.1 
5.154685, -0.02599044, -0.3543781, 0.1852958, 2.580966, 356.2768, 359.4892, 0.1, 0.1 
5.171673, -0.0261346, -0.3547618, 0.1854587, 2.515842, 356.2676, 359.4978, 0.1, 0.1 
5.18819, -0.02620135, -0.3549924, 0.1859124, 2.518316, 356.2183, 359.4763, 0.1, 0.1 
5.204653, -0.02627113, -0.3554171, 0.1861291, 2.4388, 356.1675, 359.4048, 0.1, 0.1 
5.221795, -0.02624895, -0.3555465, 0.186154, 2.444997, 356.1309, 359.3538, 0.1, 0.1 
5.237995, -0.02610324, -0.3554516, 0.1860298, 2.500389, 356.1588, 359.3922, 0.1, 0.1 
5.25481, -0.02605196, -0.3552883, 0.185954, 2.604448, 356.1833, 359.4084, 0.1, 0.1 
5.271502, -0.02618723, -0.355184, 0.1859612, 2.643752, 356.1666, 359.3872, 0.1, 0.1 
5.288396, -0.02626994, -0.3553395, 0.185798, 2.687155, 356.1636, 359.3482, 0.1, 0.1 
5.304804, -0.0262231, -0.3552122, 0.1856298, 2.775539, 356.1838, 359.3659, 0.1, 0.1 
5.32145, -0.02608317, -0.3550494, 0.185519, 2.792694, 356.2173, 359.4807, 0.1, 0.1 
5.338097, -0.0259079, -0.3547777, 0.1854544, 2.774327, 356.2606, 359.5385, 0.1, 0.1 
5.3551, -0.02595771, -0.3550447, 0.1855515, 2.776057, 356.3015, 359.5345, 0.1, 0.1 
5.371635, -0.02643865, -0.3551969, 0.1855975, 2.732343, 356.3097, 359.4742, 0.1, 0.1 
5.388186, -0.02748924, -0.3558735, 0.1853881, 2.639664, 356.2791, 359.4349, 0.1, 0.1 
5.404534, -0.02760705, -0.3560129, 0.1858425, 2.459182, 356.5132, 359.312, 0.1, 0.1 
5.421236, -0.02718347, -0.3565119, 0.186695, 2.353153, 356.8979, 359.3313, 0.1, 0.1 
5.43797, -0.02687286, -0.3575021, 0.1876742, 2.095621, 357.3422, 359.3669, 0.1, 0.1 
5.45498, -0.02651986, -0.3582588, 0.1886539, 1.730928, 357.8988, 359.4266, 0.1, 0.1 
5.471518, -0.02579885, -0.3584036, 0.1896415, 1.495947, 358.597, 359.6192, 0.1, 0.1 
5.488137, -0.02464844, -0.3578597, 0.1904552, 1.465807, 359.3552, 359.8927, 0.1, 0.1 
5.504726, -0.0236703, -0.3578989, 0.1915628, 1.609, 0.09826128, 359.9374, 0.1, 0.1 
5.521533, -0.02261639, -0.3574663, 0.1922146, 1.831594, 0.8439812, 359.8977, 0.1, 0.1 
5.538038, -0.02216379, -0.3576274, 0.1925751, 2.080864, 1.469012, 359.7393, 0.1, 0.1 
5.555175, -0.021928, -0.3574585, 0.1924261, 2.234095, 2.134215, 359.7198, 0.1, 0.1 
5.57147, -0.02251589, -0.3583537, 0.1925918, 1.981068, 2.800352, 359.8924, 0.1, 0.1 
5.588098, -0.02336027, -0.3584419, 0.1923116, 1.962789, 3.366784, 359.7967, 0.1, 0.1 
5.605002, -0.02360163, -0.35694, 0.1919032, 2.283415, 3.944492, 359.8599, 0.1, 0.1 
5.62197, -0.02395446, -0.3572413, 0.1930399, 2.515421, 4.712814, 359.765, 0.1, 0.1 
5.637683, -0.02413203, -0.3570882, 0.1938228, 2.579576, 5.661911, 0.09014933, 0.1, 0.1 
5.654478, -0.02475018, -0.3571939, 0.1943288, 2.710091, 6.706379, 0.3111979, 0.1, 0.1 
5.671398, -0.02634635, -0.3603717, 0.1971219, 1.56795, 7.887619, 0.4384775, 0.1, 0.1 
5.68821, -0.02681383, -0.3599929, 0.1992589, 1.610002, 9.110626, 359.8605, 0.1, 0.1 
5.704834, -0.02645721, -0.3578927, 0.2004551, 1.540833, 10.37153, 0.09086242, 0.1, 0.1 
5.721458, -0.02722286, -0.3574403, 0.2014687, 1.654492, 11.2973, 0.1391135, 0.1, 0.1 
5.737737, -0.02890847, -0.3576818, 0.2021389, 1.802309, 12.0545, 359.9554, 0.1, 0.1 
5.754814, -0.03051635, -0.3597452, 0.2044424, 0.9459014, 13.07093, 0.07180452, 0.1, 0.1 
5.772144, -0.03038887, -0.358007, 0.2051437, 1.158598, 14.26516, 0.2606988, 0.1, 0.1 
5.788037, -0.03075609, -0.3566744, 0.2057596, 1.409207, 15.32976, 0.2892177, 0.1, 0.1 
5.804394, -0.03236467, -0.3569292, 0.2063026, 1.778422, 16.07811, 0.2455193, 0.1, 0.1 
5.821299, -0.03516772, -0.3571817, 0.2063935, 1.88359, 16.41463, 0.1905568, 0.1, 0.1 
5.838237, -0.03842396, -0.357495, 0.2063543, 1.950211, 16.46867, 0.04571242, 0.1, 0.1 
5.854854, -0.04110088, -0.3574149, 0.2064701, 1.96116, 16.49983, -0.003066683, 0.1, 0.1 
5.871409, -0.04320251, -0.3575954, 0.2069054, 1.987243, 16.44998, 359.9422, 0.1, 0.1 
5.888097, -0.04513403, -0.3577127, 0.2071829, 1.940565, 16.29496, 359.964, 0.1, 0.1 
5.904586, -0.04751991, -0.3576612, 0.2073314, 1.918523, 16.06925, 359.9629, 0.1, 0.1 
5.92112, -0.04964899, -0.3573977, 0.2075425, 1.907231, 15.87628, 359.9941, 0.1, 0.1 
5.937967, -0.05132449, -0.3574296, 0.2083934, 1.822524, 15.75401, 0.04164472, 0.1, 0.1 
5.954836, -0.05246889, -0.3574724, 0.2092128, 1.801049, 15.69981, 0.09697901, 0.1, 0.1 
5.972032, -0.05341224, -0.3577343, 0.2097715, 1.797026, 15.67949, 0.1755962, 0.1, 0.1 
5.988204, -0.05446887, -0.3582732, 0.210247, 1.620257, 15.65165, 0.2507777, 0.1, 0.1 
6.004422, -0.05546069, -0.3586649, 0.2106196, 1.463618, 15.56985, 0.274731, 0.1, 0.1 
6.021248, -0.05591715, -0.3577242, 0.2103395, 1.55586, 15.45299, 0.1561835, 0.1, 0.1 
6.038698, -0.05620623, -0.3577861, 0.210616, 1.565716, 15.39592, 0.1029467, 0.1, 0.1 
6.05502, -0.05617122, -0.3572736, 0.2104649, 1.745456, 15.3334, 0.02674145, 0.1, 0.1 
6.071847, -0.05660666, -0.3572852, 0.2103341, 1.807953, 15.27868, 0.00646108, 0.1, 0.1 
6.088292, -0.05745472, -0.3573875, 0.2098588, 1.778154, 15.21502, 0.1087756, 0.1, 0.1 
6.104795, -0.05813679, -0.3575476, 0.2091765, 1.725066, 14.9861, 0.1726601, 0.1, 0.1 
6.121284, -0.05867239, -0.3573166, 0.2081289, 1.735178, 14.61539, 0.1660163, 0.1, 0.1 
6.137802, -0.05907241, -0.3571608, 0.2071758, 1.532115, 14.2195, 0.1895604, 0.1, 0.1 
6.154856, -0.05894073, -0.3578123, 0.206874, 1.591862, 13.95824, 0.09524129, 0.1, 0.1 
6.1717, -0.05817334, -0.3577259, 0.2061969, 1.806054, 13.91323, 0.0135341, 0.1, 0.1 
6.18787, -0.05760527, -0.3577475, 0.2055154, 1.954905, 13.97982, 0.003614873, 0.1, 0.1 
6.204473, -0.05669377, -0.3574285, 0.2047805, 2.046527, 14.10624, 0.003489918, 0.1, 0.1 
6.221569, -0.05590985, -0.3578436, 0.2045096, 1.984342, 14.29838, 0.07080089, 0.1, 0.1 
6.237872, -0.05493067, -0.3577933, 0.2041241, 1.911373, 14.50109, 0.07678015, 0.1, 0.1 
6.254882, -0.0536248, -0.3579811, 0.2037059, 1.846317, 14.61805, 359.9537, 0.1, 0.1 
6.271644, -0.05175629, -0.3584551, 0.2031782, 1.741755, 14.70847, 359.8888, 0.1, 0.1 
6.288264, -0.04938968, -0.3577178, 0.2016129, 1.827327, 14.72741, 359.9922, 0.1, 0.1 
6.30495, -0.04747805, -0.3571216, 0.1998916, 1.787372, 14.48954, 0.03943625, 0.1, 0.1 
6.321244, -0.04575597, -0.3573412, 0.1987244, 1.836649, 14.0981, 0.09552552, 0.1, 0.1 
6.337867, -0.04371988, -0.357832, 0.1980354, 1.883603, 13.68003, 0.02427945, 0.1, 0.1 
6.354833, -0.04126758, -0.3582811, 0.1977136, 1.871359, 13.3116, 359.8887, 0.1, 0.1 
6.371479, -0.03836825, -0.3582319, 0.1974164, 1.899085, 13.09713, 359.8432, 0.1, 0.1 
6.387952, -0.03580103, -0.3582084, 0.1968609, 1.742105, 12.86758, 359.859, 0.1, 0.1 
6.404492, -0.03483383, -0.3591124, 0.1952946, 1.812578, 12.0781, 359.6774, 0.1, 0.1 
6.421519, -0.03499453, -0.3582864, 0.1911703, 1.984882, 10.7278, 359.9596, 0.1, 0.1 
6.438121, -0.03558815, -0.3574142, 0.1867177, 1.945198, 9.049884, 0.1162944, 0.1, 0.1 
6.454819, -0.03596028, -0.3580393, 0.1834335, 1.773185, 7.3766, 0.005315452, 0.1, 0.1 
6.471464, -0.03607031, -0.3595287, 0.1807849, 1.869977, 5.638, 359.5319, 0.1, 0.1 
6.488045, -0.03589782, -0.359299, 0.1766093, 2.181188, 3.777899, 359.367, 0.1, 0.1 
6.504486, -0.03524154, -0.3578828, 0.1717247, 2.118624, 2.062702, 359.7628, 0.1, 0.1 
6.521334, -0.03414928, -0.3566418, 0.1676455, 2.066265, 0.4708457, 0.1283825, 0.1, 0.1 
6.53784, -0.03306606, -0.357214, 0.1650718, 2.045821, 358.8936, 0.004571199, 0.1, 0.1 
6.554505, -0.03208163, -0.3578042, 0.162497, 2.221606, 357.1996, 359.6799, 0.1, 0.1 
6.571574, -0.03099211, -0.3576965, 0.1597386, 2.255836, 355.5783, 359.5398, 0.1, 0.1 
6.588414, -0.02914947, -0.3567899, 0.1567793, 2.116153, 354.2132, 359.7439, 0.1, 0.1 
6.60475, -0.02738953, -0.3571032, 0.1542159, 2.023475, 352.7698, 359.8181, 0.1, 0.1 
6.621434, -0.02510436, -0.3568267, 0.1520635, 1.780267, 351.4208, 0.1309691, 0.1, 0.1 
6.637959, -0.0223961, -0.3569992, 0.1515867, 1.926401, 350.382, 359.8704, 0.1, 0.1 
6.654698, -0.01940843, -0.3572106, 0.1515269, 1.697858, 349.5562, -0.004643779, 0.1, 0.1 
6.671583, -0.01684407, -0.3569886, 0.1504699, 1.468972, 348.5993, 0.08279871, 0.1, 0.1 
6.68809, -0.0145368, -0.3563406, 0.1486605, 1.515996, 347.5054, 0.02360327, 0.1, 0.1 
6.704551, -0.01255283, -0.3563696, 0.1468728, 1.443645, 346.2373, 0.007875626, 0.1, 0.1 
6.721474, -0.01035891, -0.3563338, 0.1456237, 1.668572, 344.9559, 359.9399, 0.1, 0.1 
6.737864, -0.007685073, -0.3549531, 0.1448608, 2.391016, 343.9626, 359.7049, 0.1, 0.1 
6.754496, -0.005725764, -0.3555389, 0.1448426, 2.049247, 343.137, 359.6321, 0.1, 0.1 
6.772434, -0.004378915, -0.356187, 0.1443209, 1.944454, 342.1234, 359.4876, 0.1, 0.1 
6.78838, -0.002984323, -0.3562656, 0.142583, 1.934831, 340.9054, 359.5114, 0.1, 0.1 
6.804514, -0.001406074, -0.3567913, 0.141491, 2.312711, 339.7182, 359.3631, 0.1, 0.1 
6.821224, 0.0006519333, -0.3551172, 0.1408067, 2.239476, 338.941, 359.7268, 0.1, 0.1 
6.837997, 0.001595296, -0.3569145, 0.1432521, 1.384772, 338.8434, 359.704, 0.1, 0.1 
6.854732, 0.003340073, -0.3555171, 0.144353, 2.212555, 338.7686, 359.8323, 0.1, 0.1 
6.871505, 0.004678711, -0.3547619, 0.1443939, 2.589443, 338.1638, 359.7376, 0.1, 0.1 
6.88796, 0.005795375, -0.3556898, 0.144986, 2.38932, 337.2595, 359.589, 0.1, 0.1 
6.904715, 0.00678353, -0.3560519, 0.1464912, 1.780976, 336.5348, 359.4185, 0.1, 0.1 
6.921554, 0.008083902, -0.3548263, 0.1478181, 2.032223, 336.001, 359.5465, 0.1, 0.1 
6.937857, 0.008564778, -0.3558152, 0.1500053, 1.475395, 335.5025, 359.4417, 0.1, 0.1 
6.954752, 0.009164415, -0.3549653, 0.1515054, 2.051486, 335.1753, 359.5372, 0.1, 0.1 
6.971428, 0.009191804, -0.3559666, 0.1527178, 2.176901, 334.6898, 359.5064, 0.1, 0.1 
6.987906, 0.009398274, -0.3550844, 0.1520028, 2.467003, 333.9715, 359.3836, 0.1, 0.1 
7.004705, 0.00923948, -0.3545653, 0.1511775, 2.705278, 333.0887, 359.4091, 0.1, 0.1 
7.021424, 0.00876984, -0.3544777, 0.1508391, 2.770283, 332.1754, 359.5293, 0.1, 0.1 
7.0379, 0.007979296, -0.3546595, 0.1513441, 2.530046, 331.4303, 359.5024, 0.1, 0.1 
7.054541, 0.006841451, -0.3546773, 0.1522858, 2.507437, 330.9276, 359.502, 0.1, 0.1 
7.07166, 0.005210526, -0.3549578, 0.1533889, 2.280281, 330.5009, 359.4479, 0.1, 0.1 
7.087967, 0.00360363, -0.3554496, 0.1543525, 2.417873, 330.2941, 359.3307, 0.1, 0.1 
7.104782, 0.001769654, -0.3553679, 0.1553237, 1.978076, 330.1309, 359.0919, 0.1, 0.1 
7.12127, -0.0003368333, -0.3552147, 0.1562642, 1.768621, 330.0337, 359.1794, 0.1, 0.1 
7.137908, -0.002816491, -0.3558503, 0.1572468, 1.886482, 329.8881, 359.3992, 0.1, 0.1 
7.154765, -0.005281374, -0.3555081, 0.1572983, 2.216123, 329.7324, 359.4722, 0.1, 0.1 
7.17161, -0.007910639, -0.355639, 0.156888, 2.36249, 329.4463, 359.3376, 0.1, 0.1 
7.188027, -0.01038397, -0.3549124, 0.1560988, 2.304868, 329.2746, 359.1596, 0.1, 0.1 
7.204796, -0.01341683, -0.3564769, 0.1568267, 1.598905, 329.066, 358.9105, 0.1, 0.1 
7.221529, -0.01626453, -0.3565274, 0.1577364, 1.429151, 329.1988, 358.8832, 0.1, 0.1 
7.237872, -0.0191646, -0.35724, 0.1596784, 1.320465, 329.549, 358.9179, 0.1, 0.1 
7.254856, -0.02166811, -0.3576372, 0.1615786, 1.303195, 330.0703, 359.0645, 0.1, 0.1 
7.271591, -0.02392679, -0.3590612, 0.1631433, 1.231884, 330.1715, 359.0547, 0.1, 0.1 
7.288122, -0.02580657, -0.3583065, 0.164504, 1.369158, 331.0006, 358.9921, 0.1, 0.1 
7.304578, -0.02770381, -0.3579945, 0.1666307, 1.783072, 331.974, 358.7594, 0.1, 0.1 
7.321156, -0.02945843, -0.3580509, 0.1694224, 1.734448, 333.1135, 358.8245, 0.1, 0.1 
7.33776, -0.03083114, -0.3578539, 0.1718163, 1.392523, 334.2464, 359.2864, 0.1, 0.1 
7.354819, -0.03173102, -0.3575184, 0.172971, 1.617885, 335.0791, 359.6576, 0.1, 0.1 
7.371528, -0.03246016, -0.3570738, 0.1732034, 1.942931, 335.6391, 359.745, 0.1, 0.1 
7.387974, -0.033154, -0.356941, 0.1737914, 2.124982, 336.1043, 359.9552, 0.1, 0.1 
7.404558, -0.0337581, -0.3574675, 0.1755382, 2.06594, 336.7396, 359.9317, 0.1, 0.1 
7.421818, -0.03419143, -0.3581029, 0.1777414, 1.675497, 337.5684, 359.8796, 0.1, 0.1 
7.437871, -0.03424072, -0.35863, 0.1797944, 1.359926, 338.4861, 359.8561, 0.1, 0.1 
7.454567, -0.03382521, -0.3580051, 0.1811994, 1.421249, 339.5039, 359.8261, 0.1, 0.1 
7.471395, -0.0332455, -0.3573012, 0.1817678, 1.899988, 340.4069, 359.8419, 0.1, 0.1 
7.487823, -0.03314228, -0.3575096, 0.1819488, 2.148498, 341.0502, 359.857, 0.1, 0.1 
7.504639, -0.03286049, -0.3572396, 0.1815157, 2.290329, 341.5164, 359.7776, 0.1, 0.1 
7.521527, -0.03235609, -0.3573064, 0.1817919, 2.250094, 342.0514, 359.6209, 0.1, 0.1 
7.537898, -0.03160636, -0.3573025, 0.1829579, 2.229448, 342.8408, 359.6617, 0.1, 0.1 
7.554749, -0.03105659, -0.3584577, 0.1852224, 1.87361, 343.918, 359.7799, 0.1, 0.1 
7.571542, -0.03006899, -0.3586125, 0.1864851, 1.895436, 345.1249, 359.8235, 0.1, 0.1 
7.587901, -0.02900533, -0.3578581, 0.1859737, 1.965461, 346.1751, 359.9298, 0.1, 0.1 
7.604745, -0.02838638, -0.3578011, 0.1846684, 1.73836, 346.806, 0.1022094, 0.1, 0.1 
7.62151, -0.02749994, -0.3574002, 0.1830719, 2.017785, 347.1545, 0.1141439, 0.1, 0.1 
7.638203, -0.02650937, -0.3576586, 0.1825663, 2.118176, 347.4663, 359.911, 0.1, 0.1 
7.654649, -0.02532236, -0.3579729, 0.1824858, 2.067286, 347.8491, 359.7778, 0.1, 0.1 
7.67138, -0.02395407, -0.3575785, 0.1817233, 1.957742, 348.2259, 359.7258, 0.1, 0.1 
7.688254, -0.02262339, -0.3571373, 0.1805091, 1.753217, 348.4915, 359.8175, 0.1, 0.1 
7.704413, -0.02130296, -0.357062, 0.1793313, 1.676626, 348.657, 359.9642, 0.1, 0.1 
7.721211, -0.01991159, -0.3567123, 0.1780895, 1.715419, 348.8052, 0.02597777, 0.1, 0.1 
7.738158, -0.01875657, -0.3572621, 0.1773427, 1.669809, 348.8968, 359.8769, 0.1, 0.1 
7.754486, -0.01735522, -0.3572741, 0.1760833, 1.592114, 348.8635, 359.9628, 0.1, 0.1 
7.771795, -0.01555346, -0.3574517, 0.1749707, 1.719248, 348.8108, 0.01893059, 0.1, 0.1 
7.788731, -0.01339435, -0.3575996, 0.1742388, 2.008862, 348.8517, 359.8952, 0.1, 0.1 
7.804588, -0.01102626, -0.3572154, 0.1735529, 2.2421, 348.9732, 359.8232, 0.1, 0.1 
7.821454, -0.008897178, -0.3570726, 0.17313, 2.22959, 349.0418, 359.7374, 0.1, 0.1 
7.83821, -0.006912366, -0.3577408, 0.1729618, 1.688752, 349.0116, 359.6234, 0.1, 0.1 
7.854946, -0.004552379, -0.357887, 0.171941, 1.494839, 348.7788, 359.6557, 0.1, 0.1 
7.871761, -0.001862399, -0.3574792, 0.1705632, 1.611831, 348.4646, 359.7524, 0.1, 0.1 
7.888277, 0.001067758, -0.3566311, 0.1693257, 2.138883, 348.1808, 359.7642, 0.1, 0.1 
7.904605, 0.003892273, -0.3553905, 0.1682667, 2.703698, 347.932, 359.7318, 0.1, 0.1 
7.922419, 0.006371155, -0.3549222, 0.1681256, 3.008754, 347.6893, 359.5971, 0.1, 0.1 
7.937908, 0.008694984, -0.3549041, 0.1687442, 3.0693, 347.5906, 359.5101, 0.1, 0.1 
7.954624, 0.01045224, -0.3561236, 0.1696273, 2.372339, 347.3259, 359.4349, 0.1, 0.1 
7.971602, 0.01209483, -0.3566502, 0.1693219, 1.994109, 346.8547, 359.4644, 0.1, 0.1 
7.988171, 0.01357723, -0.356613, 0.1685018, 2.098907, 346.2466, 359.4763, 0.1, 0.1 
8.004622, 0.01510791, -0.3558465, 0.1676117, 2.593771, 345.6379, 359.5004, 0.1, 0.1 
8.021408, 0.01622594, -0.3552284, 0.1670697, 2.905338, 345.0031, 359.4211, 0.1, 0.1 
8.03789, 0.01705913, -0.3551123, 0.166993, 3.051435, 344.4362, 359.426, 0.1, 0.1 
8.054808, 0.01750726, -0.3552854, 0.1673141, 3.08791, 343.8713, 359.3985, 0.1, 0.1 
8.071656, 0.01772461, -0.3560193, 0.1674579, 2.866508, 343.1327, 359.2356, 0.1, 0.1 
8.088144, 0.01787971, -0.3552702, 0.1664982, 3.070777, 342.3758, 359.2491, 0.1, 0.1 
8.105905, 0.01757418, -0.3559845, 0.1662102, 2.921242, 341.5558, 359.3017, 0.1, 0.1 
8.121673, 0.01713531, -0.3553671, 0.1656885, 3.031546, 340.8551, 359.4372, 0.1, 0.1 
8.138389, 0.01641764, -0.3551069, 0.1655602, 3.082556, 340.1658, 359.4661, 0.1, 0.1 
8.156092, 0.01537394, -0.3562063, 0.1659515, 2.78249, 339.3981, 359.3235, 0.1, 0.1 
8.171622, 0.01425584, -0.356168, 0.1659482, 2.779474, 338.7429, 359.3659, 0.1, 0.1 
8.188024, 0.01276838, -0.3561949, 0.166381, 2.713182, 338.2217, 359.5157, 0.1, 0.1 
8.204606, 0.01133417, -0.3563651, 0.167146, 2.668792, 337.7611, 359.5699, 0.1, 0.1 
8.222028, 0.009869516, -0.3563371, 0.1675955, 2.748046, 337.2764, 359.5754, 0.1, 0.1 
8.238745, 0.008166544, -0.3570243, 0.1680607, 2.580593, 336.7584, 359.5428, 0.1, 0.1 
8.254622, 0.006373748, -0.3570577, 0.1683734, 2.576073, 336.3211, 359.2544, 0.1, 0.1 
8.271612, 0.003932588, -0.3594357, 0.1707913, 1.524176, 335.9304, 358.7814, 0.1, 0.1 
8.288167, 0.002094314, -0.3586951, 0.1724842, 1.800317, 336.1468, 358.5759, 0.1, 0.1 
8.304615, 0.0001678988, -0.3581049, 0.1747689, 1.649895, 336.6656, 358.8817, 0.1, 0.1 
8.321605, -0.001813561, -0.3575629, 0.1765331, 1.496341, 337.1008, 359.379, 0.1, 0.1 
8.337994, -0.003845163, -0.3574089, 0.1777897, 1.493824, 337.3615, 359.6384, 0.1, 0.1 
8.354811, -0.005933464, -0.3581061, 0.1795721, 1.610935, 337.6429, 359.5261, 0.1, 0.1 
8.372164, -0.007783256, -0.358307, 0.1812127, 1.541448, 338.059, 359.6352, 0.1, 0.1 
8.388008, -0.009220295, -0.3581161, 0.1831601, 1.657194, 338.6811, 359.7119, 0.1, 0.1 
8.404795, -0.01053141, -0.357707, 0.185427, 1.86279, 339.5161, 359.6693, 0.1, 0.1 
8.421475, -0.0116264, -0.3572666, 0.1875884, 1.637694, 340.4766, 359.8464, 0.1, 0.1 
8.438033, -0.012521, -0.3565846, 0.1884535, 2.005874, 341.1894, 0.1072991, 0.1, 0.1 
8.454739, -0.01390833, -0.3572446, 0.1890833, 2.320368, 341.4886, 359.9431, 0.1, 0.1 
8.471427, -0.01513252, -0.3571015, 0.1889527, 2.664973, 341.6952, 359.8045, 0.1, 0.1 
8.488064, -0.01637089, -0.3575584, 0.1890287, 2.829618, 341.9461, 359.7889, 0.1, 0.1 
8.504619, -0.01759038, -0.3589442, 0.1894272, 2.663227, 342.1747, 359.7943, 0.1, 0.1 
8.521527, -0.01864161, -0.3601541, 0.1895179, 2.454085, 342.4349, 359.7542, 0.1, 0.1 
8.538601, -0.01946949, -0.3608136, 0.1895042, 2.026028, 342.8476, 359.8202, 0.1, 0.1 
8.55483, -0.02034662, -0.3627261, 0.1905687, 1.533229, 343.3997, 359.8812, 0.1, 0.1 
8.571651, -0.02078076, -0.3635605, 0.1911764, 1.477286, 344.025, 359.9596, 0.1, 0.1 
8.588002, -0.02022409, -0.3602243, 0.1889652, 1.942284, 344.758, 0.3512063, 0.1, 0.1 
8.604806, -0.02001897, -0.3607975, 0.1890396, 1.841287, 345.3689, 0.2366582, 0.1, 0.1 
8.621305, -0.01995274, -0.3633642, 0.1905509, 1.625243, 346.0528, 0.03223144, 0.1, 0.1 
8.63796, -0.01909244, -0.3622302, 0.1903739, 1.855915, 347.1383, 0.4630525, 0.1, 0.1 
8.654807, -0.0178019, -0.3631236, 0.1917926, 1.882123, 348.0099, 0.2766639, 0.1, 0.1 
8.671663, -0.01583969, -0.3603148, 0.1902457, 2.365573, 348.8753, 0.3883125, 0.1, 0.1 
8.688107, -0.01483588, -0.3607354, 0.1899375, 1.883956, 349.4752, 0.447844, 0.1, 0.1 
8.704824, -0.01318544, -0.3597441, 0.1888621, 2.048399, 350.0254, 0.4344405, 0.1, 0.1 
8.72167, -0.0116253, -0.360818, 0.189334, 1.778508, 350.5867, 0.3205793, 0.1, 0.1 
8.737978, -0.009353265, -0.3591323, 0.1888084, 1.596311, 351.4822, 0.8538709, 0.1, 0.1 
8.754782, -0.0062095, -0.3565924, 0.1884933, 1.848406, 352.3687, 0.7091517, 0.1, 0.1 
8.771786, -0.003787637, -0.3560193, 0.1886853, 2.277674, 353.0735, 0.5435975, 0.1, 0.1 
8.788649, -0.001825377, -0.3562026, 0.1885231, 2.483175, 353.4697, 0.3421875, 0.1, 0.1 
8.804995, -0.0003210828, -0.3565905, 0.1884292, 2.524304, 353.7735, 0.2605003, 0.1, 0.1 
8.821342, 0.001252256, -0.3564397, 0.1884657, 2.560369, 354.1401, 0.2340321, 0.1, 0.1 
8.838092, 0.002834849, -0.3565867, 0.1891938, 2.497126, 354.567, 0.2306862, 0.1, 0.1 
8.854872, 0.004609682, -0.3563529, 0.1900013, 2.676015, 355.0391, 0.3227579, 0.1, 0.1 
8.871647, 0.006322235, -0.3555434, 0.1910944, 2.675959, 355.621, 0.3600881, 0.1, 0.1 
8.888057, 0.00750763, -0.3564993, 0.1928917, 2.513435, 356.2669, 0.3954952, 0.1, 0.1 
8.906037, 0.00852593, -0.3571544, 0.1945215, 2.401073, 356.8641, 0.2716663, 0.1, 0.1 
8.921354, 0.009534329, -0.3581039, 0.1964305, 2.127786, 357.3597, 0.04252467, 0.1, 0.1 
8.938, 0.01066132, -0.3582547, 0.1977412, 2.013207, 357.9196, 359.9753, 0.1, 0.1 
8.954607, 0.01197679, -0.3577982, 0.1984818, 2.062606, 358.5051, 0.110296, 0.1, 0.1 
8.971745, 0.01328051, -0.3575646, 0.1989121, 2.084208, 358.9253, 0.1879582, 0.1, 0.1 
8.988022, 0.01403976, -0.3572475, 0.1985104, 2.183984, 359.1885, 0.257512, 0.1, 0.1 
9.004679, 0.01462207, -0.3568343, 0.1979658, 2.261715, 359.3363, 0.273847, 0.1, 0.1 
9.021319, 0.01509558, -0.3569208, 0.1978137, 2.31713, 359.4918, 0.2987207, 0.1, 0.1 
9.038215, 0.01568769, -0.3569643, 0.1978459, 2.345707, 359.6662, 0.2867184, 0.1, 0.1 
9.054994, 0.01632467, -0.3566531, 0.1977559, 2.438326, 359.8564, 0.318149, 0.1, 0.1 
9.071608, 0.01696749, -0.3568865, 0.1978362, 2.442286, 359.9843, 0.2902136, 0.1, 0.1 
9.088332, 0.01751312, -0.3566132, 0.197511, 2.479153, 359.96, 0.1644067, 0.1, 0.1 
9.104884, 0.01782599, -0.3569753, 0.1974423, 2.39625, 359.8992, 0.1131114, 0.1, 0.1 
9.121506, 0.01801138, -0.3559254, 0.1968337, 2.52362, 359.9299, 0.1575924, 0.1, 0.1 
9.138122, 0.0181735, -0.3571235, 0.1975066, 2.313365, 359.9458, 0.1810015, 0.1, 0.1 
9.154922, 0.01815418, -0.3623006, 0.200068, 1.17289, 359.8423, 359.9734, 0.1, 0.1 
9.172765, 0.01836895, -0.3645967, 0.2011999, 0.3870537, 359.7618, 359.7781, 0.1, 0.1 
9.188095, 0.01808036, -0.3628803, 0.2005511, 0.5522838, 359.7078, 359.8159, 0.1, 0.1 
9.2048, 0.01775552, -0.3585265, 0.1984139, 1.596645, 359.6437, 359.9398, 0.1, 0.1 
9.221375, 0.01740874, -0.3570247, 0.1977524, 2.074415, 359.592, 0.08114105, 0.1, 0.1 
9.238201, 0.01737157, -0.3579685, 0.19856, 1.85948, 359.4671, 0.09414818, 0.1, 0.1 
9.25473, 0.01772287, -0.3584828, 0.1991658, 1.758164, 359.6223, 0.3109822, 0.1, 0.1 
9.27179, 0.01804525, -0.3597639, 0.1998197, 1.500085, 359.8038, 0.4616812, 0.1, 0.1 
9.289157, 0.01781574, -0.3619006, 0.2005663, 1.107781, 359.782, 0.2407224, 0.1, 0.1 
9.305031, 0.01775167, -0.3591872, 0.1988561, 2.001782, 359.9257, 0.3812555, 0.1, 0.1 
9.322409, 0.01730272, -0.3584158, 0.1983716, 2.36965, 359.8216, 0.2424272, 0.1, 0.1 
9.339535, 0.01690495, -0.3585586, 0.1985001, 2.656012, 359.6973, 0.04829297, 0.1, 0.1 
9.354796, 0.01691707, -0.3614178, 0.2003172, 1.478954, 359.5494, 359.8209, 0.1, 0.1 
9.371839, 0.01742193, -0.3593804, 0.1990583, 1.798893, 359.5642, 359.7055, 0.1, 0.1 
9.388141, 0.01751905, -0.358601, 0.1978007, 1.848671, 359.6096, 0.1544102, 0.1, 0.1 
9.404577, 0.01739072, -0.3588758, 0.197324, 1.825256, 359.5659, 0.4037622, 0.1, 0.1 
9.422419, 0.01700036, -0.3592765, 0.1970311, 1.730526, 359.3692, 0.363929, 0.1, 0.1 
9.43805, 0.01638916, -0.3602979, 0.1971947, 1.836134, 359.0297, 359.9837, 0.1, 0.1 
9.454944, 0.01618174, -0.3607238, 0.1968086, 2.01281, 358.755, 359.7942, 0.1, 0.1 
9.471506, 0.01654317, -0.3605989, 0.1960103, 2.268156, 358.5396, 359.9159, 0.1, 0.1 
9.489032, 0.01663255, -0.3594253, 0.1933883, 2.502985, 358.3833, 0.3056701, 0.1, 0.1 
9.504733, 0.01614678, -0.359277, 0.1913962, 2.54702, 357.946, 0.4046011, 0.1, 0.1 
9.521632, 0.01522328, -0.3583973, 0.1891062, 2.526978, 357.11, 0.3115547, 0.1, 0.1 
9.538034, 0.01428979, -0.3585479, 0.187705, 2.156771, 356.1266, 0.2980725, 0.1, 0.1 
9.555032, 0.01357991, -0.3590698, 0.1868974, 1.891568, 355.3192, 0.1610097, 0.1, 0.1 
9.57149, 0.01328508, -0.3588746, 0.1858651, 1.777096, 354.7106, 0.1099181, 0.1, 0.1 
9.588484, 0.01326159, -0.3593829, 0.1848787, 1.802326, 354.2182, 359.9274, 0.1, 0.1 
9.604884, 0.01321558, -0.3584821, 0.1832812, 2.448022, 353.948, 0.04520794, 0.1, 0.1 
9.62139, 0.01326244, -0.3578579, 0.1826459, 2.828679, 353.8774, 0.07904402, 0.1, 0.1 
9.638026, 0.01308706, -0.357312, 0.1825813, 2.97114, 353.842, 0.1826156, 0.1, 0.1 
9.654855, 0.01283459, -0.3582133, 0.1833251, 2.785604, 353.657, 359.9209, 0.1, 0.1 
9.671391, 0.01301221, -0.3592823, 0.1841926, 2.379864, 353.5148, 359.6654, 0.1, 0.1 
9.688105, 0.01382455, -0.3593489, 0.1838778, 2.281907, 353.587, 359.7342, 0.1, 0.1 
9.704741, 0.01411764, -0.3585591, 0.1832175, 2.448715, 353.667, 359.8188, 0.1, 0.1 
9.722223, 0.01418498, -0.3589397, 0.1832309, 2.445859, 353.6372, 359.8214, 0.1, 0.1 
9.738582, 0.01427413, -0.3587777, 0.1828113, 2.494018, 353.5239, 359.9773, 0.1, 0.1 
9.756209, 0.01444191, -0.3584805, 0.1825203, 2.633021, 353.5493, 0.2323415, 0.1, 0.1 
9.771688, 0.01469977, -0.3580557, 0.1825419, 2.774534, 353.577, 359.9862, 0.1, 0.1 
9.788762, 0.01540738, -0.3583401, 0.1825821, 2.640666, 353.6277, 0.1329312, 0.1, 0.1 
9.80475, 0.01542678, -0.3587041, 0.1828337, 2.295589, 353.5656, 359.6632, 0.1, 0.1 
9.821678, 0.01578125, -0.3597384, 0.183393, 2.304317, 353.5041, 359.5224, 0.1, 0.1 
9.837995, 0.01618175, -0.3592201, 0.1833963, 1.874063, 353.4911, 359.4493, 0.1, 0.1 
9.854853, 0.01638725, -0.3589589, 0.1835619, 1.588776, 353.5269, 359.4132, 0.1, 0.1 
9.871696, 0.01657562, -0.359137, 0.1841449, 1.526375, 353.5302, 359.3495, 0.1, 0.1 
9.888152, 0.01669001, -0.3597324, 0.1844008, 1.524483, 353.5508, 359.3963, 0.1, 0.1 
9.904667, 0.01659359, -0.3599759, 0.1844509, 1.749048, 353.5328, 359.6342, 0.1, 0.1 
9.921423, 0.01655535, -0.3607442, 0.1848035, 1.615381, 353.3234, 359.4287, 0.1, 0.1 
9.938098, 0.01649774, -0.360236, 0.1843095, 1.834358, 353.326, 359.6041, 0.1, 0.1 
9.954839, 0.01649804, -0.3605153, 0.184104, 1.758718, 353.1284, 359.4116, 0.1, 0.1 
9.971895, 0.01651669, -0.3605153, 0.1839187, 1.737661, 353.0144, 359.4859, 0.1, 0.1 
9.988196, 0.01651819, -0.3598365, 0.1830933, 1.927104, 353.0249, 359.7094, 0.1, 0.1 
10.00471, 0.01644259, -0.3587551, 0.1821173, 2.30593, 353.1104, 0.106524, 0.1, 0.1 
10.02158, 0.01631595, -0.3590232, 0.1814164, 2.424013, 352.9489, 0.2221861, 0.1, 0.1 
10.03813, 0.01593758, -0.3590266, 0.1803845, 2.453583, 352.5661, 0.1426371, 0.1, 0.1 
10.05611, 0.01572615, -0.3596336, 0.1801252, 2.275033, 352.0814, 359.7636, 0.1, 0.1 
10.07172, 0.01553208, -0.3598021, 0.1803566, 2.09693, 351.8454, 359.5409, 0.1, 0.1 
10.08812, 0.01527886, -0.3598154, 0.180305, 2.094373, 351.876, 359.6342, 0.1, 0.1 
10.10495, 0.01542159, -0.3603638, 0.1806042, 1.938676, 351.7398, 359.3091, 0.1, 0.1 
10.12162, 0.01538823, -0.3603648, 0.1805594, 1.844658, 351.7073, 359.2906, 0.1, 0.1 
10.13793, 0.01521377, -0.3603786, 0.1802514, 1.57668, 351.503, 359.1964, 0.1, 0.1 
10.15644, 0.01456239, -0.3595369, 0.1791501, 1.638438, 351.3183, 359.3617, 0.1, 0.1 
10.17226, 0.01410345, -0.3595133, 0.1782533, 1.550888, 350.8511, 359.4119, 0.1, 0.1 
10.18813, 0.01365703, -0.3593773, 0.1769707, 1.586574, 350.4731, 359.6286, 0.1, 0.1 
10.20468, 0.01359648, -0.3600828, 0.17659, 1.301937, 350.0162, 359.4664, 0.1, 0.1 
10.22223, 0.01334898, -0.3597971, 0.1760027, 1.307896, 349.7001, 359.3015, 0.1, 0.1 
10.23875, 0.01307689, -0.3592944, 0.1753928, 1.339072, 349.3471, 359.095, 0.1, 0.1 
10.25608, 0.01279685, -0.3590833, 0.174929, 1.728126, 349.353, 359.4935, 0.1, 0.1 
10.27165, 0.01230041, -0.3585672, 0.1746033, 1.957418, 349.3065, 359.7845, 0.1, 0.1 
10.28823, 0.01175669, -0.3590246, 0.1743286, 1.791022, 349.0863, 359.6998, 0.1, 0.1 
10.30592, 0.01132273, -0.3591865, 0.1737335, 2.053741, 349.0277, 359.8416, 0.1, 0.1 
10.32181, 0.01085832, -0.3591515, 0.1730278, 2.302415, 348.9085, 359.8054, 0.1, 0.1 
10.33797, 0.009996712, -0.3585552, 0.1723887, 2.526988, 348.8705, 0.04691412, 0.1, 0.1 
10.35603, 0.009449959, -0.3582962, 0.1724896, 2.514367, 348.7709, 0.05952364, 0.1, 0.1 
10.37193, 0.008576296, -0.3578371, 0.1732638, 2.47701, 348.8338, 0.02949427, 0.1, 0.1 
10.38831, 0.007581003, -0.3583069, 0.1744364, 2.440584, 349.1122, 0.08271428, 0.1, 0.1 
10.40493, 0.006909482, -0.3589669, 0.1755874, 2.306307, 349.3574, 0.007208807, 0.1, 0.1 
10.42158, 0.006011099, -0.3589635, 0.1760661, 2.440911, 349.7684, 0.2164697, 0.1, 0.1 
10.43802, 0.004840896, -0.3586954, 0.1763453, 2.472221, 350.0282, 0.2494461, 0.1, 0.1 
10.45498, 0.003643766, -0.3587097, 0.1769965, 2.439198, 350.2425, 0.2222271, 0.1, 0.1 
10.47202, 0.001972273, -0.3586307, 0.1779629, 2.341194, 350.4315, 0.1698617, 0.1, 0.1 
10.48832, 0.0003390387, -0.3592431, 0.1790542, 2.45434, 350.8, 0.252451, 0.1, 0.1 
10.50522, -0.00121665, -0.3591084, 0.1796112, 2.563667, 351.1314, 0.3225033, 0.1, 0.1 
10.52149, -0.002762377, -0.3589308, 0.1798972, 2.650258, 351.3736, 0.3508105, 0.1, 0.1 
10.53807, -0.004065581, -0.3591237, 0.1804259, 2.602677, 351.6008, 0.3288926, 0.1, 0.1 
10.55521, -0.005460314, -0.3592004, 0.1812369, 2.62849, 351.9397, 0.3843156, 0.1, 0.1 
10.57177, -0.007183805, -0.3590236, 0.1822048, 2.574201, 352.2564, 0.3887419, 0.1, 0.1 
10.58838, -0.008705564, -0.3599266, 0.1831854, 2.41533, 352.4126, 0.150082, 0.1, 0.1 
10.60513, -0.01080495, -0.3602594, 0.1836519, 2.374, 352.5501, 0.04406774, 0.1, 0.1 
10.62148, -0.01312835, -0.360075, 0.18369, 2.315363, 352.6499, 359.9397, 0.1, 0.1 
10.63821, -0.01593687, -0.359641, 0.1833542, 2.494483, 352.7266, 0.1032532, 0.1, 0.1 
10.65504, -0.01849301, -0.3599853, 0.1833405, 2.448992, 352.6005, 0.00461785, 0.1, 0.1 
10.67176, -0.02140889, -0.3601153, 0.1833449, 2.447839, 352.6154, 0.1800093, 0.1, 0.1 
10.68825, -0.02434846, -0.3599038, 0.183467, 2.403538, 352.6338, 0.2059157, 0.1, 0.1 
10.70552, -0.02683879, -0.3597589, 0.1839982, 2.362368, 352.6861, 0.2233445, 0.1, 0.1 
10.72175, -0.02891497, -0.3608885, 0.1849781, 2.110151, 352.5272, 359.9304, 0.1, 0.1 
10.73802, -0.03115774, -0.3615242, 0.1854832, 1.932253, 352.4158, 359.8226, 0.1, 0.1 
10.75704, -0.03351123, -0.3613307, 0.1856924, 1.884664, 352.3863, 359.8362, 0.1, 0.1 
10.77182, -0.03526942, -0.3621371, 0.1863283, 1.792994, 352.3615, 359.7667, 0.1, 0.1 
10.78837, -0.03753409, -0.3611954, 0.186574, 2.10972, 352.6462, 0.2629491, 0.1, 0.1 
10.80452, -0.03928581, -0.3616807, 0.1870562, 1.94036, 352.5391, 0.1185381, 0.1, 0.1 
10.82137, -0.04118896, -0.361758, 0.1869634, 1.849748, 352.3519, 359.8329, 0.1, 0.1 
10.83931, -0.04314892, -0.3614368, 0.1866697, 2.028678, 352.2913, 359.8514, 0.1, 0.1 
10.85732, -0.04498861, -0.3614003, 0.1867101, 2.00938, 352.2029, 359.7761, 0.1, 0.1 
10.87279, -0.04682289, -0.3617254, 0.1865967, 1.839748, 352.1261, 359.7529, 0.1, 0.1 
10.88862, -0.04880568, -0.3621781, 0.1860293, 1.647373, 351.9746, 359.7305, 0.1, 0.1 
10.90584, -0.05092397, -0.3621665, 0.1849214, 1.481999, 351.8344, 359.7965, 0.1, 0.1 
10.92234, -0.05254032, -0.3624443, 0.1837858, 1.288155, 351.6339, 359.7658, 0.1, 0.1 
10.93854, -0.05355791, -0.3635007, 0.1831848, 1.181692, 351.5566, 359.7312, 0.1, 0.1 
10.95707, -0.05488452, -0.3638442, 0.1822214, 1.540217, 351.5906, 359.9644, 0.1, 0.1 
10.97174, -0.05607712, -0.3636642, 0.1807368, 1.741497, 351.5107, 0.07148334, 0.1, 0.1 
10.98817, -0.05698528, -0.3630647, 0.1787325, 1.945183, 351.4669, 0.2700465, 0.1, 0.1 
11.00479, -0.05750134, -0.3628981, 0.1769536, 2.136803, 351.4179, 0.3481891, 0.1, 0.1 
11.02144, -0.05767022, -0.3629279, 0.1754408, 2.172347, 351.3751, 0.3100018, 0.1, 0.1 
11.03824, -0.05750541, -0.3629833, 0.1740654, 2.032623, 351.3206, 0.2194137, 0.1, 0.1 
11.05487, -0.05699093, -0.3631381, 0.1727983, 1.797587, 351.3248, 0.1904558, 0.1, 0.1 
11.07189, -0.05610435, -0.3641389, 0.1719222, 1.537947, 351.3784, 0.1936219, 0.1, 0.1 
11.08831, -0.05508729, -0.3642069, 0.170759, 1.446693, 351.4549, 0.2927137, 0.1, 0.1 
11.10495, -0.05384216, -0.3642117, 0.169714, 1.438553, 351.6015, 0.3919578, 0.1, 0.1 
11.12173, -0.05250798, -0.3636914, 0.1683526, 1.495481, 351.7438, 0.394601, 0.1, 0.1 
11.139, -0.05097382, -0.3632968, 0.1668185, 1.541947, 351.7895, 0.349292, 0.1, 0.1 
11.15545, -0.04929292, -0.3628525, 0.1652355, 1.721923, 351.8047, 0.3681416, 0.1, 0.1 
11.17177, -0.04724875, -0.3632506, 0.1640942, 1.777347, 351.7607, 0.3970433, 0.1, 0.1 
11.18828, -0.04482681, -0.3633673, 0.1630243, 2.257634, 351.8972, 0.7095839, 0.1, 0.1 
11.20481, -0.04228097, -0.3636819, 0.1619869, 1.630656, 351.8041, 0.6592191, 0.1, 0.1 
11.22142, -0.03941765, -0.3634875, 0.1615046, 1.315704, 351.7986, 0.2872429, 0.1, 0.1 
11.2381, -0.03616664, -0.363037, 0.161372, 1.324899, 351.9555, 359.9492, 0.1, 0.1 
11.25524, -0.03280913, -0.3625291, 0.1613259, 1.378131, 352.1208, 359.6123, 0.1, 0.1 
11.27174, -0.02917892, -0.362611, 0.1617213, 1.415321, 352.3231, 359.4243, 0.1, 0.1 
11.28815, -0.02537781, -0.3627308, 0.1624224, 1.508216, 352.519, 359.2123, 0.1, 0.1 
11.30476, -0.0217912, -0.3624736, 0.163159, 1.560279, 352.7411, 359.0602, 0.1, 0.1 
11.3217, -0.01825943, -0.3620314, 0.1639126, 1.523043, 353.0271, 359.0202, 0.1, 0.1 
11.33807, -0.01471933, -0.3619583, 0.1648118, 1.590325, 353.4001, 359.2763, 0.1, 0.1 
11.35654, -0.01154146, -0.3620063, 0.1657746, 1.644819, 353.7057, 359.5386, 0.1, 0.1 
11.37236, -0.008508086, -0.3622203, 0.1668622, 1.704961, 353.9178, 359.6964, 0.1, 0.1 
11.3883, -0.005595453, -0.3622346, 0.1680196, 1.812553, 354.0973, 359.8137, 0.1, 0.1 
11.40479, -0.00296621, -0.3613385, 0.1691193, 1.672718, 354.2073, 359.653, 0.1, 0.1 
11.4223, -9.158999E-05, -0.3609787, 0.1707152, 1.811858, 354.4616, 359.6312, 0.1, 0.1 
11.43814, 0.002759397, -0.3612577, 0.172917, 1.772343, 354.6705, 359.4997, 0.1, 0.1 
11.45529, 0.005118988, -0.361214, 0.1748944, 1.834897, 354.855, 359.369, 0.1, 0.1 
11.47162, 0.007222861, -0.3612762, 0.1770027, 1.7915, 354.9755, 359.309, 0.1, 0.1 
11.48802, 0.009194359, -0.36194, 0.1792279, 1.643661, 355.0603, 359.448, 0.1, 0.1 
11.50468, 0.01088573, -0.3619483, 0.1815025, 1.701604, 355.0842, 359.3885, 0.1, 0.1 
11.5218, 0.01250423, -0.3619741, 0.1840142, 1.569072, 355.1015, 359.3302, 0.1, 0.1 
11.53859, 0.01386343, -0.3620963, 0.1864166, 1.4462, 355.1624, 359.315, 0.1, 0.1 
11.55536, 0.01490785, -0.3620601, 0.1888373, 1.324185, 355.2205, 359.4564, 0.1, 0.1 
11.57174, 0.01558904, -0.3620642, 0.1909082, 1.474921, 355.3152, 359.6311, 0.1, 0.1 
11.58824, 0.01605135, -0.362569, 0.1927238, 1.441231, 355.1852, 359.6686, 0.1, 0.1 
11.60485, 0.01622201, -0.3629243, 0.1942934, 1.5425, 355.0558, 359.7319, 0.1, 0.1 
11.62267, 0.01625112, -0.3632503, 0.195944, 1.829321, 355.0266, 359.936, 0.1, 0.1 
11.63853, 0.01590875, -0.363273, 0.1976704, 2.085121, 355.0125, 0.1174226, 0.1, 0.1 
11.65636, 0.01574377, -0.3635471, 0.1994326, 2.211139, 354.9744, 0.2293672, 0.1, 0.1 
11.67187, 0.0149031, -0.3627751, 0.2007034, 1.900493, 354.7985, 0.2358263, 0.1, 0.1 
11.68829, 0.01394072, -0.3634542, 0.2024389, 1.364037, 354.4351, 359.8143, 0.1, 0.1 
11.70558, 0.01322711, -0.3636654, 0.2036992, 1.23858, 354.2619, 359.6752, 0.1, 0.1 
11.72215, 0.01251031, -0.3637545, 0.2046122, 1.293574, 354.1106, 359.6902, 0.1, 0.1 
11.73807, 0.01188647, -0.3637656, 0.2053344, 1.313191, 353.9448, 359.6967, 0.1, 0.1 
11.75594, 0.0113683, -0.363475, 0.205774, 1.836946, 353.9682, 359.8061, 0.1, 0.1 
11.77193, 0.01147562, -0.3634347, 0.2065081, 2.024383, 354.0641, 0.144212, 0.1, 0.1 
11.78853, 0.01230871, -0.3639039, 0.2074739, 1.997056, 354.1155, 0.330486, 0.1, 0.1 
11.80481, 0.01296637, -0.3643775, 0.2083538, 1.837107, 354.1588, 0.400067, 0.1, 0.1 
11.82156, 0.01366305, -0.364435, 0.208919, 1.933931, 354.2682, 0.3754532, 0.1, 0.1 
11.83812, 0.01463727, -0.363979, 0.2093796, 1.722729, 354.3069, 0.2064557, 0.1, 0.1 
11.85671, 0.01620157, -0.3641283, 0.2101122, 1.580331, 354.3452, 359.9323, 0.1, 0.1 
11.87168, 0.01813535, -0.364497, 0.2106561, 1.48355, 354.4018, 359.7454, 0.1, 0.1 
11.88822, 0.02027296, -0.3649218, 0.210816, 1.421782, 354.4824, 359.6798, 0.1, 0.1 
11.90501, 0.02258499, -0.3656911, 0.2110865, 1.188038, 354.5442, 359.5463, 0.1, 0.1 
11.92143, 0.02532218, -0.3660902, 0.2114307, 1.001107, 354.6241, 359.355, 0.1, 0.1 
11.93858, 0.02872415, -0.3668832, 0.2122906, 0.5991599, 354.6932, 359.195, 0.1, 0.1 
11.95722, 0.03212854, -0.3667842, 0.2125979, 0.3282196, 354.6886, 358.8936, 0.1, 0.1 
11.9723, 0.03586091, -0.3668159, 0.2127753, 0.2766781, 354.8318, 358.7623, 0.1, 0.1 
11.98831, 0.03996013, -0.367063, 0.2130974, 0.2038761, 355.07, 358.7042, 0.1, 0.1 
12.00552, 0.0442307, -0.3674301, 0.2135787, 0.220114, 355.5173, 358.9542, 0.1, 0.1 
12.02169, 0.04813917, -0.3659103, 0.2134134, 0.4767151, 355.9575, 359.1932, 0.1, 0.1 
12.03806, 0.05200991, -0.3646791, 0.2133163, 0.688817, 356.1948, 359.0945, 0.1, 0.1 
12.05531, 0.05586784, -0.3643284, 0.2134517, 0.8375192, 356.3917, 359.0112, 0.1, 0.1 
12.07211, 0.05971386, -0.3642072, 0.2135683, 0.9613455, 356.6634, 359.0901, 0.1, 0.1 
12.08837, 0.06368992, -0.3645097, 0.2139213, 0.9775897, 356.899, 359.0705, 0.1, 0.1 
12.10494, 0.06750023, -0.3645627, 0.2142413, 1.048256, 357.2867, 359.3094, 0.1, 0.1 
12.12248, 0.07030441, -0.3631558, 0.2136612, 1.346933, 357.8295, 359.8367, 0.1, 0.1 
12.13862, 0.07285122, -0.3618181, 0.2126815, 1.702933, 358.2304, 0.1856958, 0.1, 0.1 
12.157, 0.07574027, -0.3622197, 0.2121638, 2.045055, 358.4697, 0.5164337, 0.1, 0.1 
12.17175, 0.07804094, -0.3618922, 0.2115394, 2.298632, 358.7097, 0.7133195, 0.1, 0.1 
12.18827, 0.07999068, -0.361556, 0.2112386, 2.405016, 358.8053, 0.7240536, 0.1, 0.1 
12.20503, 0.08228318, -0.3627688, 0.212113, 2.278461, 358.644, 0.2593935, 0.1, 0.1 
12.22204, 0.08362927, -0.362957, 0.2116055, 2.380143, 358.8102, 0.4631893, 0.1, 0.1 
12.23827, 0.08447902, -0.3631555, 0.2105501, 2.508035, 358.9289, 0.742966, 0.1, 0.1 
12.25508, 0.0850392, -0.3632513, 0.209307, 2.558351, 358.9284, 0.8784794, 0.1, 0.1 
12.27187, 0.08557396, -0.3634781, 0.2079913, 2.514663, 358.838, 0.8828191, 0.1, 0.1 
12.28833, 0.0861965, -0.3636929, 0.2064936, 2.519348, 358.7379, 0.8700268, 0.1, 0.1 
12.30504, 0.08687784, -0.3641896, 0.2052064, 2.520972, 358.6229, 0.7715269, 0.1, 0.1 
12.3216, 0.08740848, -0.3642084, 0.2036754, 2.651692, 358.6637, 0.8096083, 0.1, 0.1 
12.3382, 0.08807557, -0.3644094, 0.2024412, 2.6757, 358.728, 0.8266201, 0.1, 0.1 
12.35506, 0.08884905, -0.3648433, 0.2012763, 2.571363, 358.7697, 0.829071, 0.1, 0.1 
12.3717, 0.0895669, -0.3653087, 0.1999888, 2.460361, 358.7746, 0.8057457, 0.1, 0.1 
12.38814, 0.09028055, -0.3657304, 0.1985786, 2.294399, 358.7126, 0.7555596, 0.1, 0.1 
12.40484, 0.09103976, -0.3662439, 0.1974088, 2.137088, 358.6112, 0.6328626, 0.1, 0.1 
12.42149, 0.09194692, -0.3666583, 0.1965089, 2.119053, 358.5563, 0.4128169, 0.1, 0.1 
12.43817, 0.09222578, -0.3660049, 0.194934, 2.135824, 358.6999, 0.6126035, 0.1, 0.1 
12.45507, 0.09237792, -0.3652753, 0.1932851, 2.228041, 358.826, 0.7552592, 0.1, 0.1 
12.47174, 0.09257078, -0.3653941, 0.1920915, 2.250794, 358.9001, 0.8265586, 0.1, 0.1 
12.48816, 0.0925505, -0.3654031, 0.1908855, 2.322754, 358.9288, 0.8627753, 0.1, 0.1 
12.5048, 0.09241899, -0.3653238, 0.1898248, 2.440033, 358.9741, 0.8878589, 0.1, 0.1 
12.5214, 0.09231343, -0.3658613, 0.1895619, 2.277854, 358.9024, 0.7341059, 0.1, 0.1 
12.53823, 0.09192767, -0.3658598, 0.1892274, 2.254844, 358.9638, 0.7738824, 0.1, 0.1 
12.55518, 0.09178526, -0.366571, 0.1894457, 1.999055, 358.8304, 0.5195134, 0.1, 0.1 
12.57155, 0.09124513, -0.3675597, 0.1897554, 1.710058, 358.9985, 0.8235994, 0.1, 0.1 
12.58817, 0.09002091, -0.3666804, 0.1889882, 1.871202, 359.1103, 0.9262986, 0.1, 0.1 
12.60489, 0.08871233, -0.3655996, 0.1883147, 2.223285, 359.1308, 0.8212234, 0.1, 0.1 
12.62159, 0.08705398, -0.3642632, 0.1873596, 1.99443, 358.992, 0.6622669, 0.1, 0.1 
12.63846, 0.08562048, -0.3636337, 0.1872914, 1.982737, 358.9824, 0.5597207, 0.1, 0.1 
12.65502, 0.08445797, -0.3640603, 0.1877996, 1.861889, 358.824, 0.271863, 0.1, 0.1 
12.67167, 0.08310299, -0.3640184, 0.1879445, 1.829009, 358.752, 0.1265803, 0.1, 0.1 
12.68824, 0.08184481, -0.3638526, 0.1880087, 1.874922, 358.7125, 0.07271039, 0.1, 0.1 
12.70543, 0.08050612, -0.3642043, 0.1884003, 1.963466, 358.7156, 0.1155992, 0.1, 0.1 
12.72235, 0.07916255, -0.3642714, 0.1887839, 2.033507, 358.7206, 0.1455369, 0.1, 0.1 
12.73816, 0.0781727, -0.3651715, 0.1896681, 2.016314, 358.6648, 0.1001566, 0.1, 0.1 
12.75499, 0.07609649, -0.3648667, 0.1897216, 2.042037, 358.6026, 0.2142894, 0.1, 0.1 
12.77185, 0.07418793, -0.3655649, 0.1900695, 2.28414, 358.4037, 0.2371092, 0.1, 0.1 
12.78833, 0.07179701, -0.3656414, 0.1900312, 2.555527, 358.3097, 0.4525207, 0.1, 0.1 
12.80489, 0.06943479, -0.3656894, 0.190205, 2.693886, 358.1471, 0.5405886, 0.1, 0.1 
12.82247, 0.06710704, -0.3658357, 0.1905416, 2.685465, 357.9467, 0.5664301, 0.1, 0.1 
12.83914, 0.06497125, -0.3666173, 0.1913209, 2.502145, 357.7672, 0.5990568, 0.1, 0.1 
12.85628, 0.0626457, -0.3668777, 0.1917245, 2.344263, 357.5749, 0.6432909, 0.1, 0.1 
12.87202, 0.06023309, -0.3667718, 0.1920852, 2.195207, 357.3135, 0.5307425, 0.1, 0.1 
12.88833, 0.05838558, -0.3678822, 0.1928627, 2.175319, 357.123, 0.533962, 0.1, 0.1 
12.90485, 0.05571869, -0.3662552, 0.1923845, 1.868959, 356.9738, 0.5792292, 0.1, 0.1 
12.92194, 0.0529962, -0.3645356, 0.1922707, 1.720458, 356.7193, 0.3946247, 0.1, 0.1 
12.93849, 0.05082723, -0.3649018, 0.1933533, 1.517685, 356.3976, 0.07242648, 0.1, 0.1 
12.95671, 0.04866217, -0.36525, 0.1942616, 1.434022, 356.0983, 359.8337, 0.1, 0.1 
12.97186, 0.04620636, -0.3654189, 0.1949536, 1.428556, 355.838, 359.5914, 0.1, 0.1 
12.98827, 0.04336715, -0.3649071, 0.1953399, 1.590134, 355.6437, 359.5954, 0.1, 0.1 
13.00489, 0.04073955, -0.3646694, 0.1959903, 1.602799, 355.5363, 359.607, 0.1, 0.1 
13.02197, 0.03826746, -0.3648448, 0.1968599, 1.558131, 355.388, 359.5515, 0.1, 0.1 
13.03929, 0.03576883, -0.3649118, 0.1975207, 1.616081, 355.2435, 359.5334, 0.1, 0.1 
13.05735, 0.03292355, -0.3645812, 0.1977846, 1.677642, 355.0747, 359.5884, 0.1, 0.1 
13.07176, 0.03006012, -0.3646166, 0.1980614, 1.722615, 354.8606, 359.5865, 0.1, 0.1 
13.08821, 0.02712835, -0.3645911, 0.1980885, 1.80108, 354.636, 359.6379, 0.1, 0.1 
13.10524, 0.02399056, -0.3642884, 0.1979799, 1.873353, 354.4342, 359.7114, 0.1, 0.1 
13.12245, 0.02147483, -0.3649146, 0.1984594, 1.900302, 354.2603, 359.7422, 0.1, 0.1 
13.13847, 0.0188076, -0.3649924, 0.1988534, 1.87207, 354.0418, 359.6528, 0.1, 0.1 
13.15657, 0.01663322, -0.3660207, 0.1996432, 1.898015, 353.8406, 359.6665, 0.1, 0.1 
13.17197, 0.01386242, -0.3641924, 0.1987946, 2.309979, 353.8473, 359.807, 0.1, 0.1 
13.18825, 0.01155873, -0.3638571, 0.1986164, 2.49139, 353.7568, 359.8646, 0.1, 0.1 
13.20489, 0.009638477, -0.3642337, 0.1988441, 2.560208, 353.6563, 359.8882, 0.1, 0.1 
13.22164, 0.008031495, -0.3646472, 0.1989055, 2.586331, 353.5763, 359.8955, 0.1, 0.1 
13.2384, 0.006789401, -0.3652247, 0.1988846, 2.603093, 353.5602, 359.9432, 0.1, 0.1 
13.25504, 0.005743928, -0.3661582, 0.1989765, 2.324374, 353.5796, 0.03553626, 0.1, 0.1 
13.27175, 0.004650395, -0.3663435, 0.1982532, 1.851668, 353.5154, 0.005602853, 0.1, 0.1 
13.28841, 0.003627095, -0.3662314, 0.1965859, 1.622486, 353.3939, 0.05146896, 0.1, 0.1 
13.30484, 0.002563141, -0.3657965, 0.1943999, 1.483681, 353.2638, 359.936, 0.1, 0.1 
13.32185, 0.001467783, -0.3648593, 0.1915292, 1.707369, 353.0863, 359.8997, 0.1, 0.1 
13.33825, 0.0005649105, -0.3646735, 0.1888848, 1.874061, 352.8735, 359.909, 0.1, 0.1 
13.35665, -0.0002272539, -0.3640897, 0.1859923, 2.052567, 352.7101, 359.9046, 0.1, 0.1 
13.37181, -0.0007234104, -0.3645112, 0.1835874, 1.726227, 352.4718, 359.9174, 0.1, 0.1 
13.38815, -0.0009029992, -0.3656432, 0.1818497, 1.720553, 352.4155, 359.9236, 0.1, 0.1 
13.40489, -0.00155377, -0.3640149, 0.1788052, 2.105886, 352.4666, 359.6915, 0.1, 0.1 
13.42236, -0.001909345, -0.3642756, 0.1765819, 1.964969, 352.3032, 359.5627, 0.1, 0.1 
13.44017, -0.002411295, -0.3634568, 0.1739126, 2.018789, 352.3144, 359.6559, 0.1, 0.1 
13.45596, -0.002648372, -0.3633881, 0.1717338, 2.144124, 352.355, 359.7629, 0.1, 0.1 
13.47162, -0.002314586, -0.3643811, 0.1701694, 2.195981, 352.3675, 359.7373, 0.1, 0.1 
13.48929, -0.002287142, -0.3629867, 0.1674601, 2.390107, 352.5208, 0.2842577, 0.1, 0.1 
13.50488, -0.002289444, -0.3623791, 0.1656308, 2.449292, 352.6176, 0.5346835, 0.1, 0.1 
13.52164, -0.002045222, -0.3630656, 0.1647533, 2.123973, 352.5484, 0.3240985, 0.1, 0.1 
13.53824, -0.001784578, -0.3630328, 0.1636422, 2.013986, 352.524, 0.09950159, 0.1, 0.1 
13.55658, -0.001595862, -0.3626664, 0.1624054, 2.026386, 352.5602, 0.002749776, 0.1, 0.1 
13.57181, -0.001331314, -0.3624952, 0.1614256, 2.07236, 352.6295, 359.9405, 0.1, 0.1 
13.58824, -0.0009889528, -0.3622648, 0.1606279, 2.147524, 352.7662, 0.09431271, 0.1, 0.1 
13.60508, -0.0006827768, -0.3620547, 0.1598291, 2.303713, 352.921, 0.2883537, 0.1, 0.1 
13.62238, -8.334778E-05, -0.362266, 0.1593622, 2.223217, 352.9674, 0.2567554, 0.1, 0.1 
13.6392, 0.0007293504, -0.3624714, 0.1590261, 2.086121, 352.9695, 0.1170112, 0.1, 0.1 
13.65797, 0.001510216, -0.362274, 0.1584881, 1.885739, 352.9407, 0.0501422, 0.1, 0.1 
13.67319, 0.002588687, -0.3623925, 0.1578954, 1.626695, 352.8365, 359.9689, 0.1, 0.1 
13.68898, 0.004157053, -0.3629235, 0.1573486, 1.396593, 352.7036, 0.02278194, 0.1, 0.1 
13.70522, 0.00600951, -0.3628847, 0.1567293, 1.515135, 352.6582, 0.1964592, 0.1, 0.1 
13.72157, 0.008282179, -0.3630973, 0.1564957, 1.529262, 352.6819, 0.257227, 0.1, 0.1 
13.7389, 0.01089767, -0.3636902, 0.1565825, 1.288534, 352.6688, 0.174443, 0.1, 0.1 
13.75557, 0.0139326, -0.3648639, 0.1569305, 0.8683518, 352.5601, 359.883, 0.1, 0.1 
13.77235, 0.01745358, -0.3663202, 0.1575686, 0.3688895, 352.399, 359.3007, 0.1, 0.1 
13.78834, 0.02114384, -0.3668976, 0.1581344, 0.1495712, 352.4206, 358.9181, 0.1, 0.1 
13.80498, 0.02498637, -0.3671936, 0.1587482, 359.9676, 352.5671, 358.6456, 0.1, 0.1 
13.82242, 0.0288726, -0.367093, 0.1591954, 359.9601, 352.8224, 358.5016, 0.1, 0.1 
13.8385, 0.03282689, -0.3667563, 0.1596074, 0.05688903, 353.0899, 358.3251, 0.1, 0.1 
13.85568, 0.03625345, -0.365321, 0.1594503, 0.5965202, 353.7293, 359.0173, 0.1, 0.1 
13.87194, 0.04027267, -0.3657787, 0.160252, 0.5198025, 353.7749, 358.5764, 0.1, 0.1 
13.88832, 0.04390891, -0.3656894, 0.1608825, 0.594472, 353.935, 358.4001, 0.1, 0.1 
13.90513, 0.04724459, -0.3650206, 0.1613797, 0.7117951, 354.1458, 358.2981, 0.1, 0.1 
13.92153, 0.05038707, -0.364624, 0.1619093, 1.043437, 354.5875, 358.6627, 0.1, 0.1 
13.93814, 0.05333463, -0.3646197, 0.1625791, 1.380274, 355.0729, 359.3031, 0.1, 0.1 
13.95556, 0.05560414, -0.3629617, 0.1626385, 1.835297, 355.4587, 359.774, 0.1, 0.1 
13.97194, 0.05780351, -0.3626469, 0.1633889, 2.111425, 355.6387, -0.00368137, 0.1, 0.1 
13.9883, 0.05981797, -0.3629725, 0.1647949, 2.171676, 355.6649, 0.05363438, 0.1, 0.1 
14.00503, 0.06138102, -0.3631751, 0.1662111, 2.064859, 355.5974, -0.0004265167, 0.1, 0.1 
14.02166, 0.06257157, -0.3632697, 0.1677548, 1.806186, 355.4583, 359.8924, 0.1, 0.1 
14.03825, 0.06343858, -0.3632617, 0.1695868, 1.831552, 355.4405, 359.9103, 0.1, 0.1 
14.0552, 0.06420638, -0.3633785, 0.1718467, 1.746645, 355.4651, 359.9172, 0.1, 0.1 
14.07168, 0.06484368, -0.363601, 0.1741871, 1.661717, 355.5515, 359.9245, 0.1, 0.1 
14.08824, 0.06521177, -0.3638431, 0.1763517, 1.719249, 355.5243, 359.5985, 0.1, 0.1 
14.10705, 0.0654162, -0.3642365, 0.1788405, 1.503423, 355.4648, 359.2811, 0.1, 0.1 
14.12152, 0.06528345, -0.3641752, 0.1813859, 1.537085, 355.5534, 359.1589, 0.1, 0.1 
14.13822, 0.06504451, -0.3643587, 0.1844984, 1.300802, 355.6081, 359.0468, 0.1, 0.1 
14.15522, 0.06462791, -0.3644002, 0.1872919, 1.494337, 355.8031, 359.586, 0.1, 0.1 
14.17181, 0.06392202, -0.3644631, 0.1898468, 1.706961, 355.9523, 359.8982, 0.1, 0.1 
14.18824, 0.0628803, -0.3643598, 0.1919539, 1.772992, 356.0517, 0.03090548, 0.1, 0.1 
14.20511, 0.06200346, -0.3640773, 0.193681, 1.880092, 356.1679, 0.1238143, 0.1, 0.1 
14.22169, 0.06110726, -0.3634411, 0.1946424, 2.088711, 356.3058, 0.1222606, 0.1, 0.1 
14.23867, 0.06044235, -0.3644432, 0.1962499, 1.904779, 356.2862, 359.7483, 0.1, 0.1 
14.2551, 0.05922082, -0.364066, 0.1971724, 2.389311, 356.6274, 0.04788075, 0.1, 0.1 
14.27185, 0.05775815, -0.3647875, 0.199329, 2.053291, 356.7622, 0.1915217, 0.1, 0.1 
14.28832, 0.05610313, -0.3646827, 0.2011975, 1.684106, 356.5648, 359.5723, 0.1, 0.1 
14.30487, 0.05505181, -0.3639406, 0.2018237, 1.438264, 356.5999, 359.4058, 0.1, 0.1 
14.32196, 0.05472846, -0.3642392, 0.2020166, 1.236493, 356.754, 359.8048, 0.1, 0.1 
14.33807, 0.05470395, -0.3662581, 0.2029455, 1.197582, 356.9357, 359.9127, 0.1, 0.1 
14.35723, 0.0534506, -0.3647644, 0.202469, 1.687558, 357.2937, 0.15165, 0.1, 0.1 
14.37187, 0.05224337, -0.3646266, 0.2030702, 1.808219, 357.3959, 0.2179844, 0.1, 0.1 
14.38832, 0.0514372, -0.3663724, 0.205033, 1.357026, 357.1727, 359.7947, 0.1, 0.1 
14.40526, 0.05100249, -0.3650807, 0.2045657, 1.504584, 357.2801, 0.1225691, 0.1, 0.1 
14.42163, 0.05122023, -0.364427, 0.2041841, 1.185979, 357.1951, 359.9492, 0.1, 0.1 
14.43896, 0.0516627, -0.3644858, 0.2038111, 1.328136, 357.393, 0.186519, 0.1, 0.1 
14.45526, 0.05152978, -0.3639275, 0.2033083, 1.766842, 357.544, 0.2697984, 0.1, 0.1 
14.47164, 0.05113146, -0.3635311, 0.2032158, 2.091761, 357.4842, 359.8905, 0.1, 0.1 
14.48859, 0.05109456, -0.3634837, 0.2032881, 1.970477, 357.387, 359.9411, 0.1, 0.1 
14.50494, 0.05093396, -0.3637326, 0.2034719, 1.853158, 357.1783, 359.6554, 0.1, 0.1 
14.52175, 0.05093472, -0.3636273, 0.2033464, 1.856718, 357.0751, 359.5599, 0.1, 0.1 
14.53856, 0.05121555, -0.3638644, 0.2033999, 1.670035, 357.0093, 359.4996, 0.1, 0.1 
14.55668, 0.05141433, -0.3635255, 0.2030616, 1.68061, 357.1713, 359.7481, 0.1, 0.1 
14.57164, 0.05148485, -0.3626774, 0.2024478, 2.007501, 357.3802, 359.9349, 0.1, 0.1 
14.58841, 0.05165496, -0.3626484, 0.2026396, 2.19873, 357.496, 0.09360766, 0.1, 0.1 
14.60499, 0.05162003, -0.362827, 0.2028588, 2.287226, 357.5161, 0.1596379, 0.1, 0.1 
14.62226, 0.0517131, -0.3639909, 0.2032825, 2.207877, 357.4012, 359.939, 0.1, 0.1 
14.63935, 0.05162141, -0.3636892, 0.2028168, 2.467147, 357.4807, 0.2150681, 0.1, 0.1 
14.65514, 0.05153107, -0.3634341, 0.2025415, 2.55481, 357.5312, 0.4043659, 0.1, 0.1 
14.67195, 0.05147347, -0.3636462, 0.2027574, 2.617312, 357.5442, 0.4536722, 0.1, 0.1 
14.68843, 0.05138201, -0.3635203, 0.2028238, 2.661009, 357.5557, 0.4039991, 0.1, 0.1 
14.70545, 0.0514257, -0.3635736, 0.2028191, 2.617821, 357.5014, 0.1632856, 0.1, 0.1 
14.72257, 0.05176381, -0.3641649, 0.2026696, 2.819267, 357.5971, 0.03590879, 0.1, 0.1 
14.73834, 0.05174959, -0.3641973, 0.2026548, 2.574503, 357.5667, 359.6874, 0.1, 0.1 
14.75528, 0.0515274, -0.3642496, 0.2026681, 2.625074, 357.6142, 359.7482, 0.1, 0.1 
14.77273, 0.05156585, -0.3651986, 0.2033779, 2.450832, 357.6186, 359.8074, 0.1, 0.1 
14.7885, 0.05182983, -0.3644138, 0.2030499, 2.655956, 357.6617, 359.8714, 0.1, 0.1 
14.80495, 0.05166816, -0.3629791, 0.2022871, 3.234716, 357.6922, 0.07515967, 0.1, 0.1 
14.8218, 0.05115958, -0.3636821, 0.2024736, 3.281936, 357.5736, 0.1642982, 0.1, 0.1 
14.83831, 0.05076161, -0.3634055, 0.2019046, 3.23987, 357.3413, 0.2040236, 0.1, 0.1 
14.85531, 0.05075902, -0.3627988, 0.2012317, 3.336373, 357.1068, 0.1621804, 0.1, 0.1 
14.8717, 0.05128273, -0.3625137, 0.2012391, 3.200711, 356.9438, 0.2366368, 0.1, 0.1 
14.88924, 0.05184852, -0.3629942, 0.2016993, 2.738395, 356.9028, 0.2671212, 0.1, 0.1 
14.90496, 0.05197408, -0.3642459, 0.2024968, 2.299908, 356.77, 359.9375, 0.1, 0.1 
14.9216, 0.05190647, -0.3641914, 0.202621, 2.126827, 356.7001, 359.8215, 0.1, 0.1 
14.93856, 0.05178614, -0.3636033, 0.2023621, 2.202226, 356.7253, 359.8984, 0.1, 0.1 
14.9553, 0.05183968, -0.3637481, 0.2023502, 2.20507, 356.6587, 359.7707, 0.1, 0.1 
14.97183, 0.05199208, -0.3651309, 0.202826, 1.916892, 356.5517, 359.3868, 0.1, 0.1 
14.98837, 0.05166361, -0.3646788, 0.202382, 2.107209, 356.5887, 359.329, 0.1, 0.1 
15.00492, 0.05127358, -0.3640406, 0.2020344, 2.204637, 356.7395, 359.5971, 0.1, 0.1 
15.02196, 0.05089508, -0.3631752, 0.2016003, 2.480011, 356.8533, 359.9123, 0.1, 0.1 
15.03824, 0.05060769, -0.3639266, 0.2020448, 2.321918, 356.7645, 359.8653, 0.1, 0.1 
15.05505, 0.05048641, -0.3635678, 0.2019211, 2.454882, 356.7303, 359.9815, 0.1, 0.1 
15.07194, 0.05038948, -0.3630364, 0.2016577, 2.550288, 356.7093, 0.04602727, 0.1, 0.1 
15.08823, 0.05022602, -0.3635195, 0.2017673, 2.442417, 356.6366, 359.8613, 0.1, 0.1 
15.10574, 0.05006114, -0.3639948, 0.2019826, 2.359272, 356.6441, 359.7945, 0.1, 0.1 
15.12167, 0.04971801, -0.3633157, 0.2016686, 2.441553, 356.6511, 359.794, 0.1, 0.1 
15.13845, 0.0494794, -0.3650376, 0.2024085, 1.970852, 356.3801, 359.3766, 0.1, 0.1 
15.15559, 0.04909066, -0.3664628, 0.2032622, 1.225055, 356.2151, 359.0241, 0.1, 0.1 
15.17199, 0.04911864, -0.3640883, 0.2023546, 1.640261, 356.2664, 359.2428, 0.1, 0.1 
15.18838, 0.04954496, -0.3652605, 0.2030259, 1.459576, 356.3358, 359.5219, 0.1, 0.1 
15.20501, 0.04987538, -0.3651399, 0.2028655, 1.448828, 356.5506, 0.01679629, 0.1, 0.1 
15.22158, 0.04971199, -0.3669475, 0.2035436, 0.9749125, 356.5928, 0.1077279, 0.1, 0.1 
15.2382, 0.0491673, -0.3700823, 0.2048453, 359.8551, 356.0927, 359.1125, 0.1, 0.1 
15.25679, 0.04918873, -0.3665276, 0.2032221, 0.6183758, 356.1106, 359.316, 0.1, 0.1 
15.27193, 0.04968566, -0.3646037, 0.2023906, 1.199758, 356.2234, 359.5078, 0.1, 0.1 
15.28845, 0.05044247, -0.363881, 0.2019873, 1.86515, 356.4405, 359.8549, 0.1, 0.1 
15.30505, 0.05072827, -0.3633275, 0.2014011, 2.514796, 356.6139, 359.9001, 0.1, 0.1 
15.32171, 0.05058572, -0.3650046, 0.2019578, 2.206504, 356.5696, 359.9744, 0.1, 0.1 
15.33832, 0.05054129, -0.3632128, 0.2011268, 2.798138, 356.7076, 0.2340981, 0.1, 0.1 
15.35531, 0.05059343, -0.3622442, 0.2008721, 3.095307, 356.7344, 0.3056523, 0.1, 0.1 
15.37205, 0.05010943, -0.3653966, 0.2023528, 1.983413, 356.5489, -0.004108686, 0.1, 0.1 
15.38836, 0.05013053, -0.3661482, 0.2025376, 1.854605, 356.5927, 0.04119122, 0.1, 0.1 
15.40508, 0.05040141, -0.3650711, 0.2019618, 2.053806, 356.6505, 0.1286947, 0.1, 0.1 
15.42168, 0.04993263, -0.3667475, 0.2028024, 1.320676, 356.6485, 0.1267517, 0.1, 0.1 
15.43833, 0.05001044, -0.3645124, 0.2017948, 1.819391, 356.633, 0.08184131, 0.1, 0.1 
15.4555, 0.04986427, -0.3666756, 0.2026754, 1.087471, 356.5149, 359.6719, 0.1, 0.1 
15.47173, 0.04966784, -0.3682113, 0.2032276, 0.499495, 356.4103, 359.1902, 0.1, 0.1 
15.48848, 0.04965157, -0.3663637, 0.202133, 1.214272, 356.4534, 359.224, 0.1, 0.1 
15.50605, 0.04983019, -0.364791, 0.2014467, 1.867283, 356.4701, 359.1942, 0.1, 0.1 
15.5217, 0.04975186, -0.3660686, 0.2022024, 1.410697, 356.4217, 359.0122, 0.1, 0.1 
15.53839, 0.04972195, -0.36563, 0.2021687, 1.389976, 356.4037, 359.0845, 0.1, 0.1 
15.5569, 0.04940266, -0.3668795, 0.2027198, 0.8462272, 356.3779, 358.8377, 0.1, 0.1 
15.57175, 0.0492909, -0.3647127, 0.2018526, 1.496152, 356.4709, 359.0137, 0.1, 0.1 
15.58842, 0.04897957, -0.3635326, 0.2012586, 2.154644, 356.4724, 359.1002, 0.1, 0.1 
15.60545, 0.04842173, -0.3642967, 0.2013928, 2.285124, 356.4284, 359.1499, 0.1, 0.1 
15.62189, 0.04826777, -0.3644623, 0.2014529, 2.433374, 356.3879, 359.19, 0.1, 0.1 
15.63826, 0.04820384, -0.3645684, 0.2013227, 2.515451, 356.3383, 359.1105, 0.1, 0.1 
15.65667, 0.04835226, -0.3622373, 0.200207, 2.942716, 356.3849, 359.1129, 0.1, 0.1 
15.67199, 0.04844483, -0.3609973, 0.199802, 3.145181, 356.341, 358.9427, 0.1, 0.1 
15.6885, 0.04853506, -0.3626636, 0.2004626, 2.878901, 356.3369, 358.8706, 0.1, 0.1 
15.70497, 0.04856471, -0.3628079, 0.2005507, 2.842806, 356.3925, 358.8461, 0.1, 0.1 
15.72225, 0.04792976, -0.36543, 0.2012617, 1.785132, 356.3708, 358.4652, 0.1, 0.1 
15.73835, 0.04828978, -0.3639672, 0.2004263, 2.124742, 356.4561, 358.706, 0.1, 0.1 
15.75596, 0.0484914, -0.3607808, 0.1992476, 2.968609, 356.401, 358.7985, 0.1, 0.1 
15.77195, 0.04827286, -0.3597536, 0.1992158, 3.247014, 356.2979, 358.9356, 0.1, 0.1 
15.78862, 0.04741617, -0.3627822, 0.2007186, 2.522654, 356.2813, 358.0039, 0.1, 0.1 
15.80529, 0.04701632, -0.3646344, 0.2013904, 1.890994, 356.3359, 357.905, 0.1, 0.1 
15.82179, 0.0468989, -0.3653269, 0.2011356, 1.447458, 356.2985, 358.2096, 0.1, 0.1 
15.83864, 0.04717896, -0.3641128, 0.2005946, 1.635176, 356.3492, 358.5726, 0.1, 0.1 
15.85661, 0.04737775, -0.3631387, 0.2002157, 1.92027, 356.4081, 358.8788, 0.1, 0.1 
15.8721, 0.04744056, -0.3633363, 0.1997716, 2.11722, 356.4445, 359.4953, 0.1, 0.1 
15.88838, 0.04739625, -0.362957, 0.1988294, 2.389373, 356.456, 359.8822, 0.1, 0.1 
15.90499, 0.04770982, -0.3619497, 0.198027, 3.355374, 356.4188, 359.754, 0.1, 0.1 
15.92174, 0.04793231, -0.3608372, 0.1976642, 3.83947, 356.4082, 359.6238, 0.1, 0.1 
15.93843, 0.04749957, -0.3612928, 0.1979445, 3.96435, 356.3631, 359.1994, 0.1, 0.1 
15.95785, 0.04698426, -0.3632765, 0.1988447, 2.011837, 356.4941, 359.0605, 0.1, 0.1 
15.97212, 0.04710769, -0.36265, 0.1988886, 1.961861, 356.5841, 358.8531, 0.1, 0.1 
15.98853, 0.04716603, -0.3627387, 0.1990231, 1.939804, 356.6319, 358.9261, 0.1, 0.1 
16.00503, 0.04717002, -0.363053, 0.1986579, 1.884647, 356.589, 359.4625, 0.1, 0.1 
16.02187, 0.0474968, -0.3626971, 0.1982357, 1.893056, 356.5407, 0.1548143, 0.1, 0.1 
16.0383, 0.04792971, -0.3609346, 0.1976167, 3.100667, 356.3527, 0.5432063, 0.1, 0.1 
16.05583, 0.04806591, -0.3600395, 0.1974894, 3.580973, 356.42, 0.5183333, 0.1, 0.1 
16.07198, 0.04810364, -0.3607154, 0.1979923, 3.090272, 356.4499, 0.2068372, 0.1, 0.1 
16.08857, 0.04838514, -0.3616768, 0.1990272, 2.470043, 356.497, 359.9081, 0.1, 0.1 
16.10511, 0.048454, -0.3619528, 0.199306, 2.084725, 356.508, 359.8581, 0.1, 0.1 
16.12186, 0.04848346, -0.3623253, 0.1992672, 2.387801, 356.441, 359.5431, 0.1, 0.1 
16.13855, 0.04883526, -0.361714, 0.1990552, 3.008993, 356.5297, 359.7907, 0.1, 0.1 
16.15672, 0.0491871, -0.3606932, 0.1988072, 3.497515, 356.561, 359.8173, 0.1, 0.1 
16.172, 0.04940078, -0.360141, 0.1986172, 3.655383, 356.5764, 359.8954, 0.1, 0.1 
16.18893, 0.04938675, -0.3605392, 0.1989191, 3.696675, 356.5592, 359.9527, 0.1, 0.1 
16.20505, 0.04879472, -0.3625486, 0.1995499, 3.149671, 356.5347, 359.6406, 0.1, 0.1 
16.22181, 0.04860953, -0.3625524, 0.1997152, 3.090168, 356.4638, 359.4814, 0.1, 0.1 
16.2383, 0.04858264, -0.3622799, 0.1997666, 2.859788, 356.3717, 359.3408, 0.1, 0.1 
16.25666, 0.04874232, -0.3617016, 0.1997334, 3.056976, 356.3332, 359.2816, 0.1, 0.1 
16.27197, 0.04881646, -0.3622534, 0.1997322, 2.944283, 356.4234, 359.6083, 0.1, 0.1 
16.28847, 0.04895342, -0.3624947, 0.1993847, 3.141224, 356.5036, 359.7966, 0.1, 0.1 
16.30504, 0.04897588, -0.3621668, 0.199041, 2.532017, 356.6763, 359.9264, 0.1, 0.1 
16.32179, 0.04878402, -0.3623123, 0.1991408, 1.998214, 356.7167, 359.8209, 0.1, 0.1 
16.33854, 0.04885524, -0.3615902, 0.1992318, 2.534857, 356.6622, 0.1382105, 0.1, 0.1 
16.35561, 0.04870448, -0.3620323, 0.1995964, 2.965194, 356.6124, 0.06725154, 0.1, 0.1 
16.3719, 0.04861987, -0.3621717, 0.1996021, 3.195302, 356.5701, 359.9024, 0.1, 0.1 
16.38872, 0.04850984, -0.3628858, 0.1996013, 2.534758, 356.6402, 359.6368, 0.1, 0.1 
16.40537, 0.0485407, -0.3627057, 0.1994869, 1.920054, 356.6702, 359.5224, 0.1, 0.1 
16.42178, 0.04860684, -0.3623265, 0.1996031, 1.983611, 356.653, 359.7316, 0.1, 0.1 
16.43858, 0.04845078, -0.3625629, 0.1999046, 2.09223, 356.642, 359.7591, 0.1, 0.1 
16.45523, 0.04832101, -0.3624356, 0.1998771, 1.956606, 356.5971, 359.7582, 0.1, 0.1 
16.47198, 0.04831725, -0.3624219, 0.1997286, 1.85286, 356.6162, 359.6251, 0.1, 0.1 
16.48907, 0.04825934, -0.3628094, 0.199886, 1.883998, 356.5958, 359.7577, 0.1, 0.1 
16.50506, 0.04829045, -0.3629382, 0.2000176, 1.947785, 356.6097, 359.6699, 0.1, 0.1 
16.52209, 0.0482635, -0.3632964, 0.2002268, 1.817736, 356.6612, 359.6413, 0.1, 0.1 
16.53836, 0.04790484, -0.3643749, 0.2003779, 1.704633, 356.767, 359.6078, 0.1, 0.1 
16.55547, 0.04755626, -0.3642538, 0.2005806, 1.523283, 356.573, 359.7209, 0.1, 0.1 
16.5721, 0.04750949, -0.3641867, 0.2008159, 1.960262, 356.4573, 359.5033, 0.1, 0.1 
16.58851, 0.04776215, -0.3643917, 0.2011082, 2.148457, 356.4568, 359.4985, 0.1, 0.1 
16.60519, 0.04806515, -0.3644618, 0.2010563, 2.334958, 356.5152, 359.526, 0.1, 0.1 
16.62274, 0.04836659, -0.3639337, 0.2007974, 2.524125, 356.6015, 359.6724, 0.1, 0.1 
16.63845, 0.04834059, -0.3638301, 0.200636, 2.547711, 356.6429, 359.7466, 0.1, 0.1 
16.65494, 0.04820064, -0.3632191, 0.2005467, 2.580205, 356.5801, 359.7385, 0.1, 0.1 
16.67186, 0.04784175, -0.3642811, 0.2013327, 2.190387, 356.4552, 359.564, 0.1, 0.1 
16.68862, 0.04774535, -0.3643068, 0.2017793, 2.007791, 356.4197, 359.4432, 0.1, 0.1 
16.70506, 0.04776778, -0.3654144, 0.2020913, 1.954817, 356.4062, 359.3804, 0.1, 0.1 
16.72214, 0.04803009, -0.3656035, 0.2017698, 2.051619, 356.4611, 359.2036, 0.1, 0.1 
16.73881, 0.04819562, -0.3652569, 0.2017173, 1.561936, 356.5499, 359.2877, 0.1, 0.1 
16.75546, 0.04827706, -0.3639884, 0.2015047, 1.522555, 356.5832, 359.4567, 0.1, 0.1 
16.77257, 0.04820959, -0.3636922, 0.2015908, 2.060816, 356.5748, 359.676, 0.1, 0.1 
16.78866, 0.04802372, -0.3646879, 0.2019189, 2.220703, 356.5769, 359.7641, 0.1, 0.1 
16.80521, 0.04768283, -0.3675146, 0.2030029, 1.533745, 356.5259, 359.3133, 0.1, 0.1 
16.82178, 0.04790396, -0.3660939, 0.202238, 1.37422, 356.5474, 359.3127, 0.1, 0.1 
16.83838, 0.04797889, -0.3642582, 0.2017476, 1.724301, 356.4713, 359.6204, 0.1, 0.1 
16.85525, 0.0479944, -0.36415, 0.2020694, 2.059072, 356.4788, 359.7311, 0.1, 0.1 
16.87194, 0.0479634, -0.3652679, 0.2027183, 1.79941, 356.5019, 359.7205, 0.1, 0.1 
16.88848, 0.04789208, -0.368206, 0.2040743, 1.465703, 356.4325, 359.0587, 0.1, 0.1 
16.90515, 0.04842318, -0.3663573, 0.2029755, 1.811365, 356.5405, 358.8737, 0.1, 0.1 
16.92194, 0.04857267, -0.3646553, 0.2022931, 1.945048, 356.5814, 358.8668, 0.1, 0.1 
