0, 0, 0, 0, 0, 0, 0
0.02, 0, 0, 0, 0, 0, 0
0.06444633, 0, 0, 0, 0, 0, 0
0.08660896, 0, 0, 0, 0, 0, 0
0.1032809, 0, 0, 0, 0, 0, 0
0.1199126, 0, 0, 0, 0, 0, 0
0.1366977, 0, 0, 0, 0, 0, 0
0.1533039, 0, 0, 0, 0, 0, 0
0.1700396, 0, 0, 0, 0, 0, 0
0.1866401, 0, 0, 0, 0, 0, 0
0.2034362, 0, 0, 0, 0, 0, 0
0.2200255, 0, 0, 0, 0, 0, 0
0.2365935, 0, 0, 0, 0, 0, 0
0.2532582, 0, 0, 0, 0, 0, 0
0.2803316, 0, 0, 0, 0, 0, 0
0.2995472, 0, 0, 0, 0, 0, 0
0.3214598, 0, 0, 0, 0, 0, 0
0.3370362, 0, 0, 0, 0, 0, 0
0.3536464, 0, 0, 0, 0, 0, 0
0.3705436, 0, 0, 0, 0, 0, 0
0.4561213, 0, 0, 0, 0, 0, 0
0.4701245, 0, 0, 0, 0, 0, 0
0.486649, 0, 0, 0, 0, 0, 0
0.5033126, 0, 0, 0, 0, 0, 0
0.520082, 0, 0, 0, 0, 0, 0
0.5454381, 0, 0, 0, 65.14484, 359.8821, 2.610716
0.5532275, 0, 0, 0, 65.15633, 359.8391, 2.588571
0.5700508, 0, 0, 0, 65.16785, 359.8253, 2.582268
0.5866275, 0, 0, 0, 65.16616, 359.7841, 2.537847
0.6034445, 0, 0, 0, 65.15477, 359.7596, 2.507374
0.6199514, 0, 0, 0, 65.1395, 359.7229, 2.466148
0.636659, 0, 0, 0, 65.14228, 359.6667, 2.410759
0.6534636, 0, 0, 0, 65.15194, 359.6472, 2.386277
0.6699827, 0, 0, 0, 65.18559, 359.6682, 2.376773
0.6866414, 0, 0, 0, 65.20213, 359.7222, 2.38472
0.7033114, 0, 0, 0, 65.1954, 359.7212, 2.365395
0.7200127, 0, 0, 0, 65.16671, 359.6521, 2.266089
0.7366644, 0, 0, 0, 65.14969, 359.5853, 2.155684
0.7533164, 0, 0, 0, 65.15466, 359.5637, 2.111105
0.7699425, 0, 0, 0, 65.17603, 359.5923, 2.098515
0.7866625, 0, 0, 0, 65.14412, 359.6218, 2.099631
0.803355, 0, 0, 0, 65.11092, 359.5922, 2.067398
0.8199602, 0, 0, 0, 65.0603, 359.5051, 2.000906
0.836677, 0, 0, 0, 65.02843, 359.4086, 1.916505
0.8532483, 0, 0, 0, 65.0095, 359.3741, 1.876808
0.8701112, 0, 0, 0, 64.96102, 359.3304, 1.811938
0.886588, 0, 0, 0, 64.90635, 359.2697, 1.758649
0.9033293, 0, 0, 0, 64.88248, 359.2338, 1.737955
0.9199756, 0, 0, 0, 64.83152, 359.1621, 1.704837
0.936623, 0, 0, 0, 64.74173, 359.1077, 1.687258
0.9532484, 0, 0, 0, 64.68324, 359.0854, 1.679872
0.9699769, 0, 0, 0, 64.59106, 359.0215, 1.626916
0.9867063, 0, 0, 0, 64.57302, 359.0304, 1.636439
1.00337, 0, 0, 0, 64.57306, 359.0539, 1.660399
1.019992, 0, 0, 0, 64.51514, 359.0395, 1.648892
1.036608, 0, 0, 0, 64.39001, 358.9122, 1.525606
1.053322, 0, 0, 0, 64.33981, 358.8307, 1.448365
1.069999, 0, 0, 0, 64.30864, 358.6367, 1.284025
1.086658, 0, 0, 0, 64.30727, 358.4264, 1.112511
1.107426, 0, 0, 0, 64.31485, 358.3323, 1.02555
1.122078, 0, 0, 0, 64.40275, 358.1649, 0.8472579
1.139556, 0, 0, 0, 64.51064, 357.9791, 0.6489804
1.155318, 0, 0, 0, 64.54585, 357.8819, 0.5478022
1.171507, 0, 0, 0, 64.60564, 357.6593, 0.3401932
1.189484, 0, 0, 0, 64.6466, 357.5309, 0.2255523
1.204846, 0, 0, 0, 64.75272, 357.3335, 0.04280644
1.222611, 0, 0, 0, 64.8135, 357.1675, 359.8396
1.238531, 0, 0, 0, 64.79258, 357.0715, 359.7044
1.254964, 0, 0, 0, 64.62952, 356.806, 359.3286
1.271778, 0, 0, 0, 64.36728, 356.4272, 358.8314
1.28882, 0, 0, 0, 64.23615, 356.2072, 358.5684
1.304615, 0, 0, 0, 63.9945, 355.7909, 358.0973
1.321744, 0, 0, 0, 63.74137, 355.4321, 357.7303
1.338261, 0, 0, 0, 63.60297, 355.2622, 357.5672
1.354659, 0, 0, 0, 63.34755, 354.9984, 357.3103
1.37093, 0, 0, 0, 63.20763, 354.8564, 357.1558
1.387463, 0, 0, 0, 63.17056, 354.8141, 357.1021
1.404232, 0, 0, 0, 63.09523, 354.8154, 357.0752
1.420661, 0, 0, 0, 63.01871, 355.1227, 357.3495
1.437512, 0, 0, 0, 62.99524, 355.1047, 357.3629
1.453998, 0, 0, 0, 62.90401, 355.0695, 357.3313
1.470725, 0, 0, 0, 63.02013, 355.1595, 357.3876
1.487595, 0, 0, 0, 63.14228, 355.2267, 357.4326
1.504749, 0, 0, 0, 63.35954, 355.3665, 357.5557
1.52096, 0, 0, 0, 63.44015, 355.4722, 357.7097
1.537551, 0, 0, 0, 63.42544, 355.4733, 357.7594
1.554132, 0, 0, 0, 63.39655, 355.4282, 357.8243
1.571112, 0, 0, 0, 63.52629, 355.4251, 357.8986
1.587749, 0, -1.862645E-09, 0, 63.3882, 355.4589, 358.2318
1.604487, 0.0001328634, -0.000895258, 0.0006585345, 63.56215, 355.5781, 358.3347
1.620782, 0.0003438974, -0.001726018, 0.001206845, 63.66506, 355.6541, 358.3598
1.637693, 0.001277664, -0.001881694, 0.002748784, 64.14855, 354.8707, 357.7233
1.654197, 0.003357248, -0.00110267, 0.006163639, 64.39594, 354.2985, 357.3183
1.671737, 0.004259407, -0.001451481, 0.007833585, 64.54369, 353.9798, 357.0584
1.688636, 0.004812326, -0.002248398, 0.008952226, 64.75244, 353.8662, 356.9441
1.704266, 0.005274955, -0.003145916, 0.009846658, 64.99607, 353.9441, 356.9835
1.722421, 0.005707603, -0.003926462, 0.01057015, 65.17442, 354.1757, 357.1663
1.737625, 0.006129856, -0.004538415, 0.01117321, 65.22603, 354.2923, 357.2662
1.754462, 0.005562969, -0.005577749, 0.0114828, 65.58085, 353.8223, 357.1268
1.770998, 0.005659083, -0.006236281, 0.01191416, 65.48828, 353.8275, 357.1137
1.787647, 0.00593279, -0.006806509, 0.01242786, 65.4461, 353.9873, 357.2496
1.804479, 0.006214509, -0.007409065, 0.01300966, 65.4856, 354.2786, 357.5229
1.820954, 0.006498806, -0.008010882, 0.01364829, 65.53374, 354.4727, 357.7377
1.838066, 0.006836869, -0.008585291, 0.01430473, 65.53386, 354.4496, 357.7563
1.854546, 0.006632913, -0.009803926, 0.01486979, 65.93489, 353.88, 357.3811
1.871236, 0.006880397, -0.01065234, 0.01546728, 65.94138, 353.8933, 357.3718
1.887679, 0.00723465, -0.01117739, 0.01597979, 65.8666, 354.2319, 357.6774
1.904596, 0.007561906, -0.01130897, 0.01631936, 65.5778, 354.7234, 358.1673
1.920935, 0.007904793, -0.01127837, 0.01652632, 65.14043, 354.8946, 358.3684
1.93837, 0.008317187, -0.01139231, 0.01671866, 64.76376, 354.7323, 358.2314
1.971852, 0.008923762, -0.01219198, 0.01699824, 64.88001, 354.0674, 357.6708
1.986701, 0.00983387, -0.01282931, 0.01738843, 64.42419, 354.1739, 357.8398
2.003393, 0.0101408, -0.01287079, 0.01754483, 64.10441, 354.3781, 358.1241
2.020079, 0.01042877, -0.01312453, 0.01781327, 63.88622, 354.3056, 358.1448
2.036662, 0.01072151, -0.013674, 0.01820322, 63.86226, 354.1199, 358.0336
2.053387, 0.0107594, -0.0152609, 0.0188833, 64.27676, 353.8246, 357.8209
2.070134, 0.01104478, -0.01610982, 0.01927884, 64.32209, 353.7151, 357.6847
2.086689, 0.01135596, -0.01638515, 0.01940142, 64.17065, 353.856, 357.7782
2.103338, 0.01159344, -0.01634423, 0.01938206, 63.87172, 353.9772, 357.8921
2.120019, 0.01175845, -0.01630962, 0.01941425, 63.56626, 353.8296, 357.7975
2.136729, 0.01188524, -0.01642473, 0.01960836, 63.35491, 353.5143, 357.5677
2.153355, 0.011711, -0.0168084, 0.01994948, 63.4929, 353.0599, 357.2616
2.170089, 0.01167837, -0.01711185, 0.02032633, 63.43734, 352.9911, 357.2585
2.186689, 0.01167846, -0.01726718, 0.02064024, 63.3225, 353.1424, 357.4427
2.203397, 0.01171565, -0.01737004, 0.02088728, 63.15294, 353.3162, 357.6207
2.22005, 0.01179124, -0.01762532, 0.02115501, 63.05048, 353.3759, 357.6599
2.236782, 0.01186999, -0.01812607, 0.02150327, 63.11921, 353.3508, 357.6045
2.253427, 0.01210733, -0.02048039, 0.02247491, 63.42391, 353.4747, 357.7014
2.271615, 0.01224796, -0.02179642, 0.0230299, 63.67938, 353.2358, 357.4265
2.289517, 0.01235973, -0.02278982, 0.02344389, 63.97189, 352.8728, 357.0217
2.306233, 0.01241974, -0.02358222, 0.02376861, 64.25127, 352.6085, 356.7153
2.321035, 0.01245475, -0.0241867, 0.02397896, 64.47243, 352.3723, 356.4338
2.338024, 0.01251039, -0.02459284, 0.02404892, 64.58622, 352.0403, 356.0478
2.35441, 0.01284636, -0.02547385, 0.02414075, 64.6458, 351.8715, 355.7729
2.371076, 0.01301698, -0.02592294, 0.02408274, 64.69939, 351.4492, 355.2771
2.387614, 0.01312228, -0.0262713, 0.0239726, 64.80088, 351.0091, 354.7568
2.404739, 0.01317871, -0.02657804, 0.02382562, 64.91159, 350.4929, 354.185
2.420934, 0.01319577, -0.02676315, 0.02362376, 64.97091, 349.9715, 353.6454
2.438206, 0.01314904, -0.02672469, 0.0232273, 64.96829, 349.9485, 353.5256
2.454561, 0.0130583, -0.02651064, 0.02258286, 64.93466, 349.729, 353.3164
2.471251, 0.01304193, -0.02639023, 0.02208926, 64.91016, 349.5211, 353.1187
2.487783, 0.01307322, -0.02637314, 0.02167109, 64.93279, 349.3434, 352.9461
2.505596, 0.01316629, -0.02650006, 0.02133664, 65.04423, 349.1953, 352.7917
2.521332, 0.01330876, -0.02663734, 0.0210413, 65.16645, 349.0985, 352.6909
2.538864, 0.01348584, -0.02665299, 0.02070091, 65.19565, 349.2532, 352.763
2.554659, 0.01368212, -0.02657032, 0.02031677, 65.15697, 349.204, 352.7278
2.573068, 0.01389093, -0.0264557, 0.01996015, 65.09105, 349.0922, 352.6473
2.58808, 0.01412213, -0.02636663, 0.01963923, 65.03294, 348.9398, 352.5284
2.605007, 0.01435934, -0.02632276, 0.01936568, 65.03001, 348.8677, 352.4843
2.621014, 0.01461668, -0.02631108, 0.01912323, 65.08933, 348.9678, 352.5779
2.638708, 0.01493247, -0.02632441, 0.01888402, 65.14674, 349.2566, 352.799
2.654412, 0.01530198, -0.02640378, 0.01865042, 65.19598, 349.4552, 352.9699
2.670989, 0.01556732, -0.02639022, 0.01843656, 65.2384, 349.5865, 353.1015
2.687723, 0.01575871, -0.02634481, 0.01821999, 65.28378, 349.7289, 353.2536
2.704567, 0.01589771, -0.02628311, 0.01800019, 65.32334, 349.8525, 353.391
2.721076, 0.016006, -0.026231, 0.01780143, 65.37613, 349.9556, 353.5068
2.738057, 0.01604768, -0.02625702, 0.01761009, 65.4234, 350.1206, 353.6701
2.754608, 0.01599193, -0.02638107, 0.01736332, 65.48318, 350.3052, 353.8967
2.77125, 0.01590944, -0.02631489, 0.01714185, 65.53633, 350.469, 354.1257
2.787908, 0.01579934, -0.02617641, 0.01690188, 65.57223, 350.5966, 354.3286
2.804646, 0.01569031, -0.0259632, 0.0166458, 65.56657, 350.6581, 354.4734
2.821063, 0.01558173, -0.0256936, 0.01638127, 65.52486, 350.6326, 354.5439
2.838673, 0.01551759, -0.02541357, 0.01602923, 65.43028, 350.5807, 354.5807
2.854983, 0.01553316, -0.02515697, 0.01552287, 65.34799, 350.5362, 354.6214
2.878636, 0.01551811, -0.02491654, 0.01516412, 65.2859, 350.432, 354.5938
2.887938, 0.01547848, -0.02464415, 0.01486447, 65.21938, 350.3318, 354.5757
2.904662, 0.01543111, -0.02431931, 0.01456504, 65.14188, 350.3082, 354.6185
2.920867, 0.0153855, -0.02398584, 0.01427859, 65.06548, 350.2768, 354.6414
2.937602, 0.01532316, -0.02370429, 0.01402066, 65.03157, 350.2588, 354.6645
2.954371, 0.01549225, -0.02375325, 0.01350997, 65.0246, 350.2106, 354.6487
2.971327, 0.01550454, -0.0236285, 0.01317023, 65.06015, 350.2372, 354.6725
2.988149, 0.01545453, -0.02341359, 0.01288657, 65.08105, 350.2639, 354.694
3.004526, 0.01534699, -0.02317361, 0.0126589, 65.10365, 350.2805, 354.7227
3.021063, 0.01519795, -0.02295934, 0.01249247, 65.15022, 350.2859, 354.7479
3.037719, 0.01500891, -0.0229225, 0.01236296, 65.20818, 350.3469, 354.8152
3.054476, 0.01479493, -0.02309672, 0.01222399, 65.33773, 350.4515, 354.9335
3.071132, 0.01460717, -0.02297043, 0.01209233, 65.46311, 350.5468, 355.044
3.08746, 0.01445244, -0.02262576, 0.01189808, 65.52389, 350.6198, 355.134
3.104507, 0.01434229, -0.02209149, 0.01160208, 65.50021, 350.6791, 355.2043
3.121422, 0.01425132, -0.02142093, 0.01122373, 65.40671, 350.7279, 355.2641
3.137988, 0.0141639, -0.02071964, 0.01069522, 65.27087, 350.7724, 355.343
3.154621, 0.01413111, -0.0200438, 0.009956323, 65.17162, 350.8069, 355.4064
3.171093, 0.01413066, -0.01933897, 0.009483793, 65.102, 350.8397, 355.4678
3.18806, 0.01421147, -0.01865313, 0.009120047, 65.05217, 350.8525, 355.4987
3.204732, 0.01438056, -0.01801878, 0.008801043, 65.01025, 350.8326, 355.487
3.221283, 0.01461485, -0.01744106, 0.008520409, 64.98603, 350.7695, 355.4387
3.238134, 0.0149542, -0.0167506, 0.008159883, 64.9649, 350.7439, 355.4188
3.254532, 0.01544434, -0.01584535, 0.007637553, 64.92577, 350.5564, 355.2723
3.271291, 0.01591745, -0.01520542, 0.007298138, 64.84323, 350.2137, 355.0126
3.287858, 0.01641814, -0.01465423, 0.007028851, 64.71375, 349.7787, 354.6979
3.304755, 0.01695034, -0.01417199, 0.006826993, 64.59716, 349.3813, 354.4397
3.321152, 0.01747574, -0.01377481, 0.006722204, 64.52311, 348.9867, 354.229
3.337769, 0.01791035, -0.01368535, 0.006737052, 64.4548, 348.4783, 354.0421
3.354438, 0.01827933, -0.01403978, 0.00682516, 64.42523, 347.8485, 353.8653
3.371565, 0.01878199, -0.01402588, 0.006853652, 64.36631, 347.3531, 353.7334
3.387894, 0.01941537, -0.01388147, 0.006838143, 64.27071, 346.9926, 353.684
3.404354, 0.02017711, -0.01375703, 0.006830093, 64.19508, 346.7382, 353.6938
3.421399, 0.02099966, -0.01374007, 0.006877928, 64.18385, 346.54, 353.7426
3.437741, 0.02180308, -0.01383733, 0.006984686, 64.21351, 346.2811, 353.7651
3.455476, 0.02256573, -0.01400265, 0.007111202, 64.21834, 345.8515, 353.6803
3.471453, 0.02330851, -0.01416726, 0.007236499, 64.16422, 345.2391, 353.4853
3.487918, 0.02406336, -0.01425493, 0.007344231, 64.06455, 344.6838, 353.3848
3.504469, 0.02487782, -0.01455433, 0.007571604, 63.98099, 344.2958, 353.4003
3.521203, 0.02571199, -0.01528865, 0.008027237, 63.95321, 343.9955, 353.5076
3.537677, 0.02654649, -0.01560296, 0.008333355, 63.95741, 343.7096, 353.6577
3.55434, 0.02737895, -0.01572165, 0.008588545, 63.93559, 343.3631, 353.7868
3.571476, 0.02823355, -0.01570729, 0.00881952, 63.88469, 342.9804, 353.908
3.587684, 0.02913458, -0.01559869, 0.009010912, 63.82592, 342.6809, 354.1134
3.605053, 0.03020777, -0.0154637, 0.009165607, 63.74165, 342.4563, 354.299
3.621385, 0.03154628, -0.01534813, 0.009314332, 63.65687, 342.2897, 354.4621
3.637819, 0.03301673, -0.01520941, 0.009410374, 63.57647, 342.2402, 354.6622
3.654559, 0.03460236, -0.01517168, 0.009537548, 63.56231, 342.3041, 354.9111
3.671478, 0.0363313, -0.01538103, 0.009754932, 63.67114, 342.3135, 355.0429
3.687824, 0.03813483, -0.01580052, 0.01003471, 63.87698, 342.2528, 355.0835
3.705135, 0.03989399, -0.01638306, 0.01032735, 63.96452, 342.2928, 355.1937
3.721891, 0.0416296, -0.01716883, 0.01062232, 64.03716, 342.1852, 355.1632
3.737868, 0.04372702, -0.01769667, 0.01077808, 64.04754, 341.9897, 354.951
3.755893, 0.04604942, -0.01822952, 0.01088576, 64.10217, 341.8412, 354.6622
3.772343, 0.04838064, -0.01876802, 0.01096115, 64.20773, 341.8127, 354.4468
3.791018, 0.05050617, -0.01928582, 0.01102074, 64.34144, 341.8282, 354.3435
3.80483, 0.05225026, -0.01992569, 0.01105996, 64.39841, 341.9057, 354.4039
3.82152, 0.05371446, -0.02072349, 0.01101957, 64.49757, 341.7916, 354.3723
3.838406, 0.05543382, -0.02121144, 0.01090946, 64.57147, 341.7253, 354.2867
3.857264, 0.05733525, -0.02158643, 0.01075698, 64.63535, 341.6081, 354.0456
3.871543, 0.05910975, -0.02187588, 0.01056381, 64.68674, 341.4446, 353.795
3.888249, 0.06052164, -0.02202706, 0.01031438, 64.71653, 341.3518, 353.7464
3.904788, 0.06160189, -0.02207576, 0.009959355, 64.65841, 341.3577, 353.8712
3.921465, 0.06254323, -0.02209657, 0.009470709, 64.57949, 341.0906, 353.757
3.938106, 0.06353305, -0.02204647, 0.009063096, 64.50393, 340.8847, 353.6376
3.95455, 0.06443799, -0.02199806, 0.008734673, 64.48976, 340.7714, 353.599
3.97153, 0.06526878, -0.02198135, 0.008475446, 64.53605, 340.7008, 353.5962
3.987862, 0.06613837, -0.02193953, 0.008239619, 64.57964, 340.6115, 353.5325
4.006905, 0.06713362, -0.02182052, 0.007979963, 64.55722, 340.5739, 353.4651
4.021413, 0.06812694, -0.02161991, 0.007717553, 64.5405, 340.4546, 353.4369
4.038721, 0.06871202, -0.02136815, 0.007546052, 64.5323, 340.3137, 353.4954
4.055552, 0.06912693, -0.02110133, 0.007398035, 64.54298, 340.1839, 353.5867
4.073245, 0.06951543, -0.02077903, 0.007225502, 64.53288, 340.0685, 353.6626
4.087749, 0.06987919, -0.02032017, 0.007022593, 64.45459, 339.9507, 353.724
4.109104, 0.07032987, -0.01985154, 0.006849117, 64.28994, 339.8806, 353.8533
4.120913, 0.07092386, -0.01948581, 0.006734259, 64.0808, 339.6281, 353.932
4.137887, 0.0709964, -0.01883576, 0.006608821, 63.81579, 339.2909, 354.0003
4.154447, 0.07081961, -0.01814029, 0.00652916, 63.52472, 338.8359, 354.0105
4.172154, 0.0704097, -0.01750023, 0.006566651, 63.26258, 338.2916, 354.0281
4.187701, 0.06976458, -0.01693523, 0.00673772, 63.09818, 337.8897, 354.2847
4.204319, 0.06929439, -0.01675723, 0.00710393, 63.01912, 337.6708, 354.7276
4.220998, 0.06936165, -0.01711029, 0.007654488, 62.95797, 337.4803, 355.1439
4.237526, 0.06932115, -0.01695589, 0.008086156, 62.89142, 337.319, 355.4844
4.269674, 0.06935134, -0.0165996, 0.008498796, 62.81973, 337.2346, 355.8368
4.27145, 0.06876063, -0.01555277, 0.009372257, 62.62715, 336.9751, 356.8863
4.287478, 0.06826139, -0.01470153, 0.009670384, 62.4821, 336.7358, 357.486
4.304078, 0.06802095, -0.01345496, 0.009774856, 62.31138, 336.3638, 357.8986
4.320828, 0.06806186, -0.012578, 0.01015826, 62.11683, 336.0669, 358.2746
4.337394, 0.06835261, -0.0118514, 0.01070745, 61.99486, 336.0319, 358.7875
4.354486, 0.06892673, -0.01133069, 0.01142448, 62.0194, 336.1664, 359.322
4.371319, 0.06981832, -0.01096973, 0.01226838, 62.13835, 336.3618, 359.7639
4.387753, 0.07082494, -0.01084722, 0.01326019, 62.23358, 336.6693, 0.2466187
4.404443, 0.07177987, -0.01097452, 0.01443645, 62.25685, 336.6642, 0.4325574
4.421067, 0.07296246, -0.01062711, 0.01538314, 62.16147, 336.522, 0.5059725
4.437984, 0.07424735, -0.01016836, 0.01628523, 62.02737, 336.3219, 0.5213146
4.454421, 0.07555077, -0.009829748, 0.01723677, 61.96778, 336.1576, 0.5574756
4.471531, 0.07692021, -0.009643468, 0.01828052, 61.99874, 336.044, 0.5963833
4.48786, 0.07834156, -0.009596761, 0.01940162, 62.06632, 336.0792, 0.7180771
4.504624, 0.07964706, -0.009709677, 0.02056034, 62.14325, 336.0622, 0.8020934
4.521295, 0.08081222, -0.009756578, 0.02171547, 62.19942, 335.7884, 0.7792773
4.537776, 0.08152308, -0.009841255, 0.02285564, 62.22223, 335.0582, 0.5880917
4.555712, 0.0817403, -0.009951382, 0.02396534, 62.24694, 334.1961, 0.5086365
4.571513, 0.08175841, -0.01007485, 0.02505921, 62.3249, 333.6225, 0.7238762
4.587841, 0.0818646, -0.01016312, 0.02608337, 62.46752, 333.3672, 1.116596
4.604648, 0.08211397, -0.01016421, 0.02697134, 62.58271, 333.2392, 1.50192
4.621195, 0.08232479, -0.01024576, 0.02795339, 62.66428, 333.1181, 1.889335
4.637817, 0.08243489, -0.01040436, 0.02894361, 62.73795, 332.9245, 2.248174
4.654583, 0.08241088, -0.01064832, 0.02991308, 62.80199, 332.57, 2.521264
4.671481, 0.08225114, -0.01097876, 0.0308532, 62.86203, 332.093, 2.740947
4.688097, 0.08210084, -0.01131757, 0.03172773, 62.92693, 331.6313, 2.964555
4.70442, 0.08214068, -0.01163896, 0.03256742, 63.05938, 331.2703, 3.1489
4.721234, 0.08233461, -0.01221021, 0.03357574, 63.23403, 330.9978, 3.283054
4.737958, 0.08273462, -0.01288099, 0.03465534, 63.42823, 330.8081, 3.361606
4.754588, 0.08322793, -0.01358008, 0.03572477, 63.59248, 330.5604, 3.336534
4.77247, 0.08365713, -0.01429548, 0.03673285, 63.72543, 330.2368, 3.284172
4.789176, 0.0841312, -0.01515406, 0.03773868, 63.8138, 329.8636, 3.229356
4.804506, 0.08477425, -0.01617171, 0.03876211, 63.98176, 329.5259, 3.141225
4.821223, 0.08543362, -0.01709583, 0.03970284, 64.17773, 329.3617, 3.096459
4.837966, 0.08613143, -0.0179856, 0.04056329, 64.38999, 329.3075, 3.079854
4.854635, 0.08688916, -0.01883251, 0.0413576, 64.58557, 329.2086, 2.974183
4.871428, 0.08769664, -0.01959347, 0.04207452, 64.74274, 329.0409, 2.779933
4.887853, 0.08843136, -0.02032298, 0.04257962, 64.82956, 328.9398, 2.622788
4.90448, 0.0889993, -0.02105353, 0.04289306, 64.98231, 328.8348, 2.456219
4.9212, 0.089541, -0.02162019, 0.04324669, 65.13697, 328.7288, 2.308058
4.937915, 0.0900382, -0.0220385, 0.04355172, 65.28937, 328.6245, 2.158215
4.954436, 0.0905425, -0.02226698, 0.04375468, 65.39081, 328.5017, 1.962102
4.972354, 0.09106094, -0.0222757, 0.04383293, 65.41183, 328.3496, 1.708634
4.987815, 0.09154379, -0.02216125, 0.04382689, 65.35847, 328.2322, 1.497683
5.004536, 0.0918958, -0.02198592, 0.04377636, 65.33045, 328.1067, 1.306266
5.021766, 0.0920717, -0.02164628, 0.04366014, 65.32526, 328.0265, 1.163303
5.037796, 0.09214203, -0.0211705, 0.04347818, 65.30311, 327.9495, 1.030758
5.054512, 0.09215079, -0.02053907, 0.04321883, 65.22079, 327.8534, 0.8985689
5.071451, 0.09211542, -0.01979689, 0.0429035, 65.10492, 327.7846, 0.8034244
5.087861, 0.09201706, -0.01908837, 0.04259153, 64.91858, 327.7637, 0.8333002
5.104601, 0.09188935, -0.01845622, 0.04232031, 64.83169, 327.7086, 0.8240786
5.121279, 0.0917509, -0.01771104, 0.04200555, 64.7635, 327.6635, 0.8196822
5.137823, 0.09171298, -0.01689944, 0.04164787, 64.67964, 327.6701, 0.8185245
5.154685, 0.09178574, -0.01604244, 0.04127079, 64.57857, 327.7149, 0.811513
5.171673, 0.09191708, -0.01518554, 0.04089517, 64.47041, 327.7302, 0.7661162
5.18819, 0.09206468, -0.01434925, 0.04051146, 64.35478, 327.7227, 0.7032936
5.204653, 0.09236398, -0.01395677, 0.04033587, 64.17291, 327.6688, 0.6397582
5.221795, 0.09252269, -0.01333421, 0.03998663, 64.03701, 327.6016, 0.5299633
5.237995, 0.09256791, -0.01267871, 0.03959879, 63.91554, 327.5321, 0.4388679
5.25481, 0.09253537, -0.01207884, 0.03923491, 63.83371, 327.4828, 0.3680477
5.271502, 0.09246899, -0.01153327, 0.03890506, 63.76471, 327.4474, 0.2996615
5.288396, 0.09232947, -0.01110035, 0.03852711, 63.66656, 327.3834, 0.2172382
5.304804, 0.09207074, -0.01084725, 0.03811334, 63.60944, 327.2873, 0.07531083
5.32145, 0.09181339, -0.01065489, 0.03784387, 63.58904, 327.1759, 359.9375
5.338097, 0.09153931, -0.01054029, 0.03763612, 63.60745, 327.0915, 359.8249
5.3551, 0.09126737, -0.01047562, 0.03743535, 63.64664, 327.0764, 359.7507
5.371635, 0.09097252, -0.0104274, 0.03720424, 63.68045, 327.1288, 359.7263
5.388186, 0.09068158, -0.01055908, 0.03698268, 63.71049, 327.1577, 359.7099
5.404534, 0.09040944, -0.01088935, 0.03677835, 63.73322, 327.0674, 359.5884
5.421236, 0.09002846, -0.0109927, 0.03651901, 63.7416, 326.9601, 359.4557
5.43797, 0.0896304, -0.01101104, 0.03621607, 63.73223, 326.844, 359.2915
5.45498, 0.08919401, -0.01098352, 0.03586029, 63.70121, 326.7176, 359.1133
5.471518, 0.08865537, -0.01094109, 0.03545991, 63.6682, 326.5815, 358.9595
5.488137, 0.08796275, -0.01092843, 0.03495634, 63.64775, 326.4379, 358.8509
5.504726, 0.0871539, -0.01091595, 0.03432979, 63.63361, 326.3107, 358.7694
5.521533, 0.08641092, -0.01079451, 0.03378651, 63.57898, 326.166, 358.6592
5.538038, 0.08566839, -0.0106092, 0.03325277, 63.49929, 326.0385, 358.5627
5.555175, 0.08485923, -0.01042299, 0.03272901, 63.4352, 325.9268, 358.5017
5.57147, 0.08397141, -0.01028138, 0.03222084, 63.41931, 325.8795, 358.5201
5.588098, 0.08298658, -0.01026657, 0.03169611, 63.42551, 325.8689, 358.5959
5.605002, 0.08196616, -0.01035658, 0.03113653, 63.42889, 325.8263, 358.607
5.62197, 0.08106039, -0.01029157, 0.03062171, 63.41176, 325.7369, 358.5644
5.637683, 0.08015287, -0.01016849, 0.03011265, 63.38678, 325.6149, 358.5104
5.654478, 0.07923147, -0.01005725, 0.02960386, 63.38644, 325.5049, 358.469
5.671398, 0.07833136, -0.009967492, 0.02908908, 63.41579, 325.4522, 358.4515
5.68821, 0.07731507, -0.009926227, 0.02865869, 63.45605, 325.4183, 358.4552
5.704834, 0.07609741, -0.009912424, 0.02833784, 63.47188, 325.3642, 358.4421
5.721458, 0.07496978, -0.009761486, 0.02781833, 63.46069, 325.2575, 358.4308
5.737737, 0.07386234, -0.009529602, 0.02723064, 63.42083, 325.1149, 358.414
5.754814, 0.07281625, -0.009256078, 0.02664062, 63.35979, 324.9449, 358.3511
5.772144, 0.07181946, -0.008972425, 0.0260689, 63.29968, 324.7966, 358.272
5.788037, 0.0707376, -0.008592333, 0.02544236, 63.27792, 324.7222, 358.2646
5.804394, 0.06949162, -0.008090117, 0.0247385, 63.27032, 324.6485, 358.3037
5.821299, 0.06823731, -0.007703532, 0.02412897, 63.26715, 324.56, 358.3586
5.838237, 0.06702262, -0.007290226, 0.02354165, 63.22163, 324.4354, 358.3792
5.854854, 0.06588446, -0.006842709, 0.02297076, 63.12921, 324.2455, 358.319
5.871409, 0.06479768, -0.006402275, 0.02243697, 63.02846, 324.0331, 358.2232
5.888097, 0.0639215, -0.006097378, 0.02198924, 62.95945, 323.8748, 358.1697
5.904586, 0.06330898, -0.005978744, 0.02161793, 62.9264, 323.7382, 358.1351
5.92112, 0.06244347, -0.005747765, 0.02121371, 62.90552, 323.602, 358.0921
5.937967, 0.06153614, -0.005472182, 0.02078529, 62.8646, 323.4476, 358.0242
5.954836, 0.06062476, -0.005154992, 0.02034807, 62.79133, 323.267, 357.9524
5.972032, 0.05973843, -0.004850299, 0.01993697, 62.73071, 323.1114, 357.9112
5.988204, 0.0589268, -0.004598174, 0.01947772, 62.71783, 323.0379, 357.9391
6.004422, 0.05823138, -0.004409643, 0.01892944, 62.71982, 322.9604, 357.9373
6.021248, 0.05758648, -0.004231384, 0.0185257, 62.71963, 322.8867, 357.9315
6.038698, 0.05699101, -0.004025983, 0.01815216, 62.70082, 322.8053, 357.9368
6.05502, 0.0564921, -0.003801584, 0.01778529, 62.67427, 322.7339, 357.9539
6.071847, 0.05614252, -0.003557835, 0.01742697, 62.63611, 322.7022, 357.9841
6.088292, 0.05560277, -0.003365416, 0.01700158, 62.57766, 322.6638, 357.9852
6.104795, 0.05472826, -0.003284037, 0.01652029, 62.51958, 322.6637, 357.9833
6.121284, 0.05444605, -0.003150962, 0.01624201, 62.47991, 322.655, 357.9803
6.137802, 0.05438574, -0.003032899, 0.0160706, 62.45689, 322.6164, 357.9589
6.154856, 0.05447892, -0.002918615, 0.01596232, 62.42488, 322.5768, 357.926
6.1717, 0.05472194, -0.002811702, 0.0159022, 62.37194, 322.5456, 357.8717
6.18787, 0.05488429, -0.002771342, 0.01581246, 62.34002, 322.5722, 357.8591
6.204473, 0.05484413, -0.002841791, 0.01569984, 62.35659, 322.6471, 357.8759
6.221569, 0.05514137, -0.002993647, 0.01577605, 62.41132, 322.7106, 357.8766
6.237872, 0.0556403, -0.003179047, 0.01593681, 62.46542, 322.759, 357.8344
6.254882, 0.05629471, -0.003354456, 0.016122, 62.48222, 322.77, 357.7271
6.271644, 0.05703565, -0.003522824, 0.0162983, 62.46799, 322.7561, 357.5921
6.288264, 0.05770115, -0.003708917, 0.01640616, 62.46088, 322.7699, 357.4908
6.30495, 0.05828288, -0.003960301, 0.01646515, 62.48836, 322.8099, 357.3793
6.321244, 0.05917843, -0.004239507, 0.01670898, 62.52375, 322.8635, 357.2505
6.337867, 0.06023082, -0.004517174, 0.0170264, 62.54983, 322.9431, 357.1305
6.354833, 0.06135012, -0.004791854, 0.01737823, 62.56796, 323.0082, 357.0026
6.371479, 0.06247398, -0.005060991, 0.01776199, 62.59859, 323.0808, 356.9063
6.387952, 0.06353334, -0.005432375, 0.01819291, 62.65271, 323.1942, 356.8585
6.404492, 0.06453829, -0.005948642, 0.01865681, 62.73571, 323.368, 356.8295
6.421519, 0.06571551, -0.00629041, 0.01907417, 62.81476, 323.5538, 356.7929
6.438121, 0.06693868, -0.006545076, 0.01943997, 62.87361, 323.7197, 356.7454
6.454819, 0.06814484, -0.006725581, 0.01975973, 62.89828, 323.8285, 356.6777
6.471464, 0.06931411, -0.0068349, 0.02003394, 62.89104, 323.9104, 356.617
6.488045, 0.0704109, -0.006862952, 0.02029837, 62.85377, 323.9677, 356.5583
6.504486, 0.07143005, -0.006841179, 0.02057726, 62.82297, 324.0232, 356.4491
6.521334, 0.0725456, -0.006867677, 0.0208407, 62.81313, 324.1164, 356.3399
6.53784, 0.07363079, -0.00693642, 0.02108549, 62.83742, 324.2352, 356.2513
6.554505, 0.07461904, -0.007006417, 0.02131117, 62.87632, 324.3487, 356.194
6.571574, 0.07552317, -0.007019924, 0.02151098, 62.88459, 324.4109, 356.1347
6.588414, 0.07637223, -0.006981148, 0.02163192, 62.83646, 324.4249, 356.068
6.60475, 0.07718554, -0.006933819, 0.0216701, 62.77417, 324.4258, 355.9625
6.621434, 0.07795094, -0.006883213, 0.02179617, 62.72581, 324.4554, 355.8865
6.637959, 0.07861406, -0.006861904, 0.02198152, 62.72075, 324.5219, 355.8584
6.654698, 0.07916523, -0.006848502, 0.02220245, 62.73379, 324.5794, 355.848
6.671583, 0.07963058, -0.006819832, 0.02243125, 62.74427, 324.6344, 355.8528
6.68809, 0.08009226, -0.006790366, 0.02263635, 62.72269, 324.6816, 355.8657
6.704551, 0.08059627, -0.006779958, 0.02279589, 62.69035, 324.7152, 355.8446
6.721474, 0.08101637, -0.006743005, 0.02298282, 62.65052, 324.7477, 355.813
6.737864, 0.08137036, -0.006744816, 0.0232077, 62.6383, 324.792, 355.7914
6.754496, 0.08168056, -0.006794757, 0.02347226, 62.65834, 324.8646, 355.7896
6.772434, 0.0819847, -0.006874979, 0.02376463, 62.69474, 324.9527, 355.7863
6.78838, 0.0822947, -0.007034258, 0.02407403, 62.71463, 325.0273, 355.7646
6.804514, 0.08258903, -0.007299914, 0.02439394, 62.75237, 325.1237, 355.7467
6.821224, 0.08283125, -0.007485487, 0.0247163, 62.80416, 325.2132, 355.743
6.837997, 0.08305641, -0.007644015, 0.0250549, 62.85487, 325.2594, 355.7104
6.854732, 0.08329395, -0.007771449, 0.02539302, 62.88327, 325.2755, 355.6458
6.871505, 0.08353644, -0.007875138, 0.02571077, 62.90203, 325.3153, 355.5876
6.88796, 0.08373573, -0.007985653, 0.025981, 62.92077, 325.3738, 355.5425
6.904715, 0.08384512, -0.008105933, 0.02620306, 62.95962, 325.4387, 355.5014
6.921554, 0.08386889, -0.008187535, 0.02642982, 62.99679, 325.489, 355.4922
6.937857, 0.08380619, -0.008230193, 0.02662367, 63.02445, 325.5139, 355.4921
6.954752, 0.08367281, -0.008225871, 0.02675853, 63.03421, 325.5405, 355.5077
6.971428, 0.0834615, -0.008177967, 0.0268232, 63.02223, 325.571, 355.5402
6.987906, 0.08330234, -0.008044428, 0.02677525, 62.9949, 325.5827, 355.5729
7.004705, 0.08325169, -0.007814134, 0.02661817, 62.98158, 325.5893, 355.6135
7.021424, 0.08291423, -0.007698334, 0.02654971, 63.00026, 325.6263, 355.692
7.0379, 0.08248056, -0.007624022, 0.02649879, 63.02228, 325.6287, 355.7341
7.054541, 0.08201955, -0.007552326, 0.0264218, 63.02032, 325.5752, 355.7097
7.07166, 0.08151628, -0.007452402, 0.02629758, 62.98413, 325.493, 355.6604
7.087967, 0.080916, -0.00741314, 0.02616857, 62.93772, 325.3879, 355.6089
7.104782, 0.08020067, -0.007489864, 0.02603629, 62.93321, 325.3153, 355.6068
7.12127, 0.07944133, -0.007463816, 0.02586592, 62.96944, 325.2797, 355.6458
7.137908, 0.07867857, -0.007344713, 0.02564276, 62.9831, 325.2525, 355.6864
7.154765, 0.07790434, -0.007131404, 0.02536095, 62.94085, 325.1828, 355.7011
7.17161, 0.07709179, -0.00686999, 0.02505422, 62.86257, 325.0628, 355.7014
7.188027, 0.07621349, -0.006716967, 0.02473775, 62.81126, 324.9522, 355.7107
7.204796, 0.07530119, -0.006764071, 0.02441589, 62.82837, 324.8759, 355.7281
7.221529, 0.07450245, -0.006766014, 0.02412728, 62.87967, 324.8325, 355.7511
7.237872, 0.07378617, -0.006707744, 0.0238045, 62.88796, 324.7552, 355.7346
7.254856, 0.07310788, -0.006602068, 0.023443, 62.84498, 324.6078, 355.6698
7.271591, 0.07244117, -0.006516273, 0.02306448, 62.8031, 324.4475, 355.6073
7.288122, 0.07177681, -0.006541889, 0.02272248, 62.81079, 324.3233, 355.5613
7.304578, 0.07111502, -0.006693206, 0.02242425, 62.84071, 324.2388, 355.5296
7.321156, 0.07054897, -0.00677694, 0.02211089, 62.87498, 324.1616, 355.4926
7.33776, 0.07005041, -0.006785336, 0.02178312, 62.87251, 324.0521, 355.4279
7.354819, 0.06960186, -0.006730415, 0.021444, 62.84222, 323.948, 355.3711
7.371528, 0.06918104, -0.006655414, 0.02110646, 62.81738, 323.8627, 355.3346
7.387974, 0.06873777, -0.006643458, 0.02079678, 62.8162, 323.8078, 355.3278
7.404558, 0.06828418, -0.006715347, 0.02051097, 62.80754, 323.8084, 355.3707
7.421818, 0.06795872, -0.006647136, 0.02017187, 62.7902, 323.813, 355.4197
7.437871, 0.06774665, -0.006529587, 0.01981546, 62.75893, 323.7991, 355.4435
7.454567, 0.06763875, -0.006418137, 0.01945879, 62.73739, 323.7977, 355.4602
7.471395, 0.06762218, -0.006326999, 0.01909573, 62.72913, 323.8059, 355.4673
7.487823, 0.06765903, -0.006288024, 0.01876754, 62.7318, 323.8224, 355.4676
7.504639, 0.06771767, -0.006306706, 0.01849414, 62.70668, 323.8312, 355.4562
7.521527, 0.06784617, -0.006247815, 0.01812907, 62.67955, 323.8329, 355.4339
7.537898, 0.0680133, -0.006157707, 0.01773521, 62.66487, 323.8577, 355.4225
7.554749, 0.06818495, -0.006011805, 0.01731264, 62.63414, 323.8907, 355.4246
7.571542, 0.06833196, -0.005813209, 0.01686227, 62.57159, 323.8881, 355.4141
7.587901, 0.06841835, -0.005587695, 0.01635412, 62.50029, 323.8934, 355.4353
7.604745, 0.06844372, -0.005371237, 0.01580453, 62.44183, 323.926, 355.4985
7.62151, 0.06847424, -0.00521576, 0.0153816, 62.42954, 323.9511, 355.5594
7.638203, 0.06856835, -0.005098613, 0.015033, 62.45113, 323.9953, 355.6101
7.654649, 0.06877071, -0.004967655, 0.01470808, 62.45709, 324.031, 355.6187
7.67138, 0.0690639, -0.004799863, 0.01436388, 62.42893, 324.0456, 355.5893
7.688254, 0.06939673, -0.00456911, 0.01395129, 62.38747, 324.0788, 355.5822
7.704413, 0.06974829, -0.004294154, 0.01349988, 62.34911, 324.1169, 355.5944
7.721211, 0.07013294, -0.004078403, 0.01312175, 62.32689, 324.1436, 355.5996
7.738158, 0.07060245, -0.003853804, 0.01277786, 62.29691, 324.1848, 355.5951
7.754486, 0.07115304, -0.003587808, 0.01244691, 62.22912, 324.2148, 355.5632
7.771795, 0.07173799, -0.003311696, 0.01213203, 62.13651, 324.231, 355.5153
7.788731, 0.07231411, -0.003118554, 0.01186386, 62.08335, 324.2631, 355.4842
7.804588, 0.07290897, -0.003046352, 0.01168352, 62.08059, 324.2941, 355.445
7.821454, 0.07351148, -0.002972668, 0.01155139, 62.10569, 324.3708, 355.4354
7.83821, 0.07414804, -0.002848383, 0.01142725, 62.10066, 324.4525, 355.4216
7.854946, 0.07479642, -0.002682149, 0.01128291, 62.05206, 324.5115, 355.3956
7.871761, 0.07544042, -0.002516242, 0.01114522, 61.98322, 324.553, 355.364
7.888277, 0.07606314, -0.002472332, 0.01114899, 61.94288, 324.5974, 355.3173
7.904605, 0.07666226, -0.002612265, 0.01135209, 61.95704, 324.694, 355.2904
7.922419, 0.0773347, -0.002703112, 0.01151363, 62.00428, 324.8198, 355.2695
7.937908, 0.0780299, -0.002750867, 0.01166428, 62.04277, 324.9696, 355.2634
7.954624, 0.078724, -0.002754115, 0.01179873, 62.05212, 325.1247, 355.2661
7.971602, 0.07937985, -0.002705481, 0.01192674, 62.02121, 325.2509, 355.275
7.988171, 0.07984786, -0.002792171, 0.01214051, 61.98733, 325.3983, 355.332
8.004622, 0.08009136, -0.003105561, 0.01248829, 61.98436, 325.5895, 355.4355
8.021408, 0.08055668, -0.003243856, 0.01278638, 62.01371, 325.7744, 355.5116
8.03789, 0.08111206, -0.003334001, 0.01308039, 62.0437, 325.9551, 355.5606
8.054808, 0.08165693, -0.00340642, 0.01337538, 62.06975, 326.1388, 355.6171
8.071656, 0.08212395, -0.003480665, 0.01368107, 62.09695, 326.2935, 355.6778
8.088144, 0.08252299, -0.00361772, 0.01400879, 62.15226, 326.4266, 355.7333
8.105905, 0.08290344, -0.00382491, 0.01433028, 62.21703, 326.5956, 355.8079
8.121673, 0.08325727, -0.003970993, 0.01462671, 62.27616, 326.7607, 355.8595
8.138389, 0.08354418, -0.004078855, 0.01489793, 62.31361, 326.8507, 355.854
8.156092, 0.08374394, -0.004151566, 0.01513189, 62.32466, 326.8782, 355.8054
8.171622, 0.08385066, -0.004197497, 0.01532188, 62.32762, 326.8918, 355.7542
8.188024, 0.08373211, -0.004326299, 0.0155488, 62.31401, 326.8914, 355.705
8.204606, 0.08329954, -0.004592929, 0.01582741, 62.28275, 326.8668, 355.645
8.222028, 0.08293688, -0.004698122, 0.01593857, 62.25081, 326.8041, 355.569
8.238745, 0.08252713, -0.004766151, 0.01600406, 62.22597, 326.7255, 355.4797
8.254622, 0.08201673, -0.004851907, 0.01606857, 62.22493, 326.6391, 355.3878
8.271612, 0.08137552, -0.004962934, 0.01613639, 62.24033, 326.5244, 355.2868
8.288167, 0.08060178, -0.005033672, 0.01608914, 62.25716, 326.4003, 355.213
8.304615, 0.07973099, -0.005029697, 0.01588669, 62.27519, 326.2688, 355.1405
8.321605, 0.07870883, -0.005069491, 0.01580528, 62.28564, 326.1063, 355.0791
8.337994, 0.07758524, -0.005094703, 0.01574037, 62.28281, 325.9352, 355.0352
8.354811, 0.07640566, -0.005110009, 0.01566748, 62.27156, 325.769, 355.0051
8.372164, 0.07519484, -0.005145399, 0.01558845, 62.26919, 325.6168, 354.9821
8.388008, 0.07405762, -0.005135491, 0.01546068, 62.27461, 325.451, 354.9607
8.404795, 0.0730298, -0.005077914, 0.01529529, 62.29909, 325.2676, 354.9204
8.421475, 0.07181706, -0.005172975, 0.01522644, 62.34149, 325.0821, 354.8921
8.438033, 0.0705816, -0.005339943, 0.01520222, 62.4129, 324.9134, 354.8662
8.454739, 0.06938414, -0.005502407, 0.01516964, 62.48782, 324.7881, 354.8619
8.471427, 0.0682295, -0.005604848, 0.01508273, 62.52542, 324.6787, 354.8725
8.488064, 0.06705272, -0.005769573, 0.01501308, 62.52341, 324.5363, 354.8686
8.504619, 0.06583659, -0.006068591, 0.01501594, 62.50676, 324.3979, 354.8757
8.521527, 0.06481878, -0.006182438, 0.014958, 62.50739, 324.2883, 354.8907
8.538601, 0.06397368, -0.006253786, 0.01492261, 62.53616, 324.2033, 354.89
8.55483, 0.06328361, -0.006303146, 0.01489339, 62.58062, 324.1491, 354.8821
8.571651, 0.06271511, -0.006301851, 0.01481199, 62.6095, 324.1485, 354.9062
8.588002, 0.06220879, -0.006342663, 0.0147008, 62.6073, 324.1734, 354.9677
8.604806, 0.06176531, -0.006494069, 0.0146238, 62.589, 324.1515, 355.0013
8.621305, 0.0614663, -0.006505878, 0.01447357, 62.57816, 324.1335, 355.0286
8.63796, 0.06136747, -0.006487795, 0.0143178, 62.58213, 324.1562, 355.0353
8.654807, 0.06144512, -0.006469432, 0.01416325, 62.59709, 324.2131, 355.025
8.671663, 0.06163522, -0.006447904, 0.01399521, 62.60907, 324.2924, 355.0179
8.688107, 0.06178357, -0.006505331, 0.0138246, 62.62003, 324.3706, 355.0071
8.704824, 0.06183521, -0.006673688, 0.01366983, 62.62432, 324.4314, 354.9773
8.72167, 0.06217348, -0.006740462, 0.01354107, 62.63264, 324.5022, 354.9306
8.737978, 0.06270061, -0.006785089, 0.01345723, 62.651, 324.5797, 354.8375
8.754782, 0.06336088, -0.006833543, 0.01341109, 62.68782, 324.6939, 354.7215
8.771786, 0.06410357, -0.006880453, 0.01338681, 62.74891, 324.8905, 354.6337
8.788649, 0.06490709, -0.006966208, 0.01341452, 62.82568, 325.155, 354.5972
8.804995, 0.06582703, -0.007163462, 0.01354122, 62.89293, 325.4301, 354.5403
8.821342, 0.06671498, -0.00721027, 0.01360915, 62.95191, 325.7605, 354.5049
8.838092, 0.06761666, -0.007200365, 0.0136421, 63.00062, 326.0946, 354.4135
8.854872, 0.06844892, -0.007156402, 0.01362646, 63.04015, 326.4229, 354.2992
8.871647, 0.06911349, -0.007073601, 0.01353627, 63.09388, 326.799, 354.2462
8.888057, 0.06964886, -0.007003075, 0.0134107, 63.12591, 327.3217, 354.2795
8.906037, 0.07006711, -0.006957059, 0.01326956, 63.08896, 327.8479, 354.2713
8.921354, 0.07041074, -0.006608172, 0.01298607, 62.9996, 328.3105, 354.2202
8.938, 0.07052799, -0.006152326, 0.01261684, 62.89253, 328.6623, 354.1302
8.954607, 0.07036804, -0.005685806, 0.01220062, 62.78219, 328.8075, 353.9277
8.971745, 0.06995633, -0.005230749, 0.01175442, 62.68843, 328.8746, 353.7125
8.988022, 0.06929241, -0.00471518, 0.01121632, 62.61987, 328.9968, 353.5713
9.004679, 0.068448, -0.004123101, 0.01055401, 62.57539, 329.1491, 353.4449
9.021319, 0.06771878, -0.003629501, 0.01005913, 62.53809, 329.3169, 353.2637
9.038215, 0.06714908, -0.0031722, 0.009651102, 62.48911, 329.5062, 352.9867
9.054994, 0.06673045, -0.002733738, 0.009299975, 62.42172, 329.7242, 352.6182
9.071608, 0.06639057, -0.002316868, 0.008994624, 62.34776, 330.0221, 352.2364
9.088332, 0.06607884, -0.001918385, 0.00872739, 62.30188, 330.4296, 351.8938
9.104884, 0.0657985, -0.001553463, 0.008517262, 62.29429, 330.907, 351.6019
9.121506, 0.06541905, -0.001311976, 0.008424871, 62.30948, 331.4866, 351.3817
9.138122, 0.06504872, -0.001122916, 0.008430481, 62.31108, 332.1552, 351.2002
9.154922, 0.06480139, -0.001009415, 0.008536596, 62.33818, 333.0459, 351.1323
9.172765, 0.06475799, -0.00106803, 0.008747686, 62.46259, 334.2113, 351.1709
9.188095, 0.06482914, -0.001308451, 0.009088714, 62.69924, 335.6732, 351.3736
9.2048, 0.06469042, -0.001606518, 0.009585045, 62.93967, 337.118, 351.6899
9.221375, 0.06401789, -0.001771037, 0.01005848, 63.10774, 338.2538, 351.9823
9.238201, 0.06287007, -0.001801591, 0.01057112, 63.18516, 339.0503, 352.2142
9.25473, 0.06153663, -0.001675738, 0.01106526, 63.19456, 339.8633, 352.5479
9.27179, 0.06032159, -0.001380395, 0.01148664, 63.13896, 340.892, 352.9844
9.289157, 0.05924442, -0.00114429, 0.01185399, 63.08516, 342.2607, 353.5717
9.305031, 0.05814695, -0.001154661, 0.01220392, 63.11361, 343.7022, 354.1608
9.322409, 0.05689872, -0.001039248, 0.01262557, 63.17902, 344.9528, 354.6467
9.339535, 0.05536113, -0.0009034146, 0.01310383, 63.2363, 345.8343, 354.9496
9.354796, 0.05360305, -0.0007050857, 0.01357378, 63.22833, 346.4261, 355.1079
9.371839, 0.05182077, -0.0003778227, 0.01393399, 63.12578, 346.9982, 355.2416
9.388141, 0.05015176, -4.071742E-05, 0.01410011, 62.94049, 347.8257, 355.4917
9.404577, 0.04860733, 0.0001503434, 0.01408207, 62.75217, 348.8891, 355.8154
9.422419, 0.04707832, 0.0004842039, 0.01406775, 62.60202, 350.0708, 356.2059
9.43805, 0.04529873, 0.0008274168, 0.01411387, 62.48305, 351.1481, 356.6219
9.454944, 0.04323587, 0.001151844, 0.01424083, 62.34631, 351.9602, 356.9536
9.471506, 0.04107685, 0.001440817, 0.0144249, 62.1946, 352.6341, 357.2063
9.489032, 0.03900228, 0.001574112, 0.01457819, 62.11315, 353.5537, 357.5938
9.504733, 0.03708636, 0.00143137, 0.01463629, 62.1859, 354.7864, 358.0924
9.521632, 0.035401, 0.001217512, 0.01477144, 62.34107, 356.1362, 358.588
9.538034, 0.0338247, 0.001041718, 0.01486142, 62.44797, 357.367, 358.951
9.555032, 0.03219969, 0.0009937299, 0.01488461, 62.41578, 358.283, 359.1135
9.57149, 0.03052365, 0.0009914128, 0.01487842, 62.28542, 358.8723, 359.063
9.588484, 0.02892327, 0.0009173341, 0.01473816, 62.13972, 359.2869, 358.8877
9.604884, 0.02745927, 0.0007425006, 0.01440474, 62.07038, 359.6332, 358.6237
9.62139, 0.02591729, 0.000379126, 0.01439228, 62.09247, 0.0019395, 358.3509
9.638026, 0.02423146, -6.148033E-05, 0.01455421, 62.19122, 0.4742661, 358.2141
9.654855, 0.02232108, -0.0004871506, 0.01479031, 62.29613, 0.9324082, 358.1732
9.671391, 0.02024252, -0.0008453269, 0.01503223, 62.33704, 1.230207, 358.0757
9.688105, 0.01837219, -0.001225683, 0.01513529, 62.28487, 1.423432, 357.9319
9.704741, 0.016947, -0.00171719, 0.01503943, 62.2564, 1.611465, 357.7473
9.722223, 0.01503666, -0.002077365, 0.01511227, 62.24635, 1.865095, 357.5924
9.738582, 0.01290305, -0.002340622, 0.01525013, 62.23987, 2.21333, 357.5297
9.756209, 0.01060649, -0.002529493, 0.01542383, 62.23489, 2.733038, 357.6552
9.771688, 0.008265264, -0.002741832, 0.0156139, 62.25615, 3.40258, 357.9071
9.788762, 0.006352734, -0.003099076, 0.0157124, 62.2799, 4.062464, 358.0683
9.80475, 0.005082918, -0.003609147, 0.01568437, 62.36058, 4.598329, 358.0154
9.821678, 0.003331882, -0.004143909, 0.01580584, 62.46664, 5.057609, 357.8637
9.837995, 0.001303737, -0.004670726, 0.01598475, 62.5921, 5.588817, 357.8147
9.854853, -0.0009000888, -0.005184112, 0.01619649, 62.74908, 6.256201, 357.9398
9.871696, -0.003162809, -0.005693415, 0.01643337, 62.94043, 7.008858, 358.1604
9.888152, -0.005380567, -0.006290196, 0.0165993, 63.10322, 7.750601, 358.3841
9.904667, -0.007504227, -0.007021857, 0.0166203, 63.27352, 8.370749, 358.5011
9.921423, -0.00973477, -0.007629298, 0.01672678, 63.40463, 8.758483, 358.4154
9.938098, -0.01207105, -0.00815855, 0.01688019, 63.49379, 9.01175, 358.2436
9.954839, -0.01448917, -0.008639297, 0.01706041, 63.57257, 9.233393, 358.061
9.971895, -0.01701573, -0.009072875, 0.01726994, 63.66152, 9.498205, 357.9565
9.988196, -0.01954156, -0.009513857, 0.01744108, 63.72683, 9.797178, 357.9117
10.00471, -0.02194546, -0.009967638, 0.0175532, 63.84345, 10.17397, 357.9398
10.02158, -0.02447315, -0.01029155, 0.01770017, 63.97129, 10.66309, 358.0431
10.03813, -0.02701296, -0.01051408, 0.01780158, 64.07014, 11.19052, 358.1469
10.05611, -0.02957196, -0.01064762, 0.0178545, 64.12645, 11.70942, 358.235
10.07172, -0.03215417, -0.01072492, 0.0179035, 64.14706, 12.14404, 358.2649
10.08812, -0.03477725, -0.01093638, 0.01794253, 64.1114, 12.43165, 358.1537
10.10495, -0.03740952, -0.01138388, 0.01795232, 64.0815, 12.63824, 357.9356
10.12162, -0.03986349, -0.01165178, 0.0179291, 64.05382, 12.79461, 357.638
10.13793, -0.04229282, -0.01191063, 0.01790226, 64.03106, 12.89382, 357.3003
10.15644, -0.04480048, -0.01216326, 0.01788583, 63.99767, 12.99914, 357.0123
10.17226, -0.04740989, -0.0123822, 0.01792268, 63.94234, 13.09473, 356.7723
10.18813, -0.05001691, -0.01277578, 0.01802948, 63.84431, 13.1039, 356.5183
10.20468, -0.05253745, -0.0134564, 0.01816215, 63.78466, 13.10883, 356.3111
10.22223, -0.05526942, -0.01383992, 0.01843743, 63.73297, 13.17241, 356.1791
10.23875, -0.05815883, -0.01414422, 0.01885457, 63.70152, 13.29662, 356.1568
10.25608, -0.06123792, -0.01442534, 0.01944559, 63.70719, 13.48979, 356.2992
10.27165, -0.06448472, -0.01466039, 0.02018628, 63.74011, 13.77967, 356.6388
10.28823, -0.06782481, -0.01503148, 0.02093771, 63.72837, 14.08661, 357.0503
10.30592, -0.07110044, -0.01568243, 0.02156378, 63.71405, 14.35206, 357.404
10.32181, -0.07405309, -0.01608417, 0.0220907, 63.69837, 14.57981, 357.6248
10.33797, -0.07675037, -0.01648319, 0.02251628, 63.7186, 14.81631, 357.7618
10.35603, -0.0793146, -0.01690321, 0.02288655, 63.76825, 15.04824, 357.8695
10.37193, -0.08182288, -0.01727301, 0.02322651, 63.80957, 15.26919, 357.9784
10.38831, -0.08455497, -0.01781183, 0.02360406, 63.81682, 15.50666, 358.1491
10.40493, -0.08756538, -0.01866428, 0.02402224, 63.8437, 15.76586, 358.3532
10.42158, -0.09008668, -0.0190618, 0.02438141, 63.88126, 15.99395, 358.5035
10.43802, -0.09238122, -0.01926592, 0.02469275, 63.9216, 16.25425, 358.6544
10.45498, -0.09456097, -0.01933389, 0.02493627, 63.94545, 16.59366, 358.851
10.47202, -0.09667649, -0.01928859, 0.02510525, 63.93201, 16.97906, 359.0733
10.48832, -0.09895296, -0.01933101, 0.02520216, 63.87751, 17.26289, 359.2159
10.50522, -0.1014874, -0.01952659, 0.02524098, 63.81445, 17.5163, 359.3465
10.52149, -0.1036259, -0.01941605, 0.02530545, 63.75501, 17.74439, 359.4544
10.53807, -0.1055884, -0.01916661, 0.02535449, 63.69479, 17.979, 359.5715
10.55521, -0.1074498, -0.01880985, 0.02536651, 63.61599, 18.23982, 359.7203
10.57177, -0.1092251, -0.01836982, 0.02534655, 63.5136, 18.57645, 359.9437
10.58838, -0.110784, -0.01802615, 0.02527612, 63.4071, 18.85681, 0.1304383
10.60513, -0.1120405, -0.0178709, 0.02512421, 63.33281, 19.06491, 0.2368276
10.62148, -0.1133625, -0.01764307, 0.02506815, 63.26781, 19.21948, 0.2976143
10.63821, -0.1146338, -0.0174081, 0.02506956, 63.21665, 19.38442, 0.3744429
10.65504, -0.1157967, -0.01719309, 0.02510601, 63.17866, 19.55188, 0.4586257
10.67176, -0.1168152, -0.01703217, 0.02515464, 63.15666, 19.65649, 0.474928
10.68825, -0.1178118, -0.0170764, 0.0251992, 63.1547, 19.66817, 0.4021823
10.70552, -0.1188409, -0.01738434, 0.02521873, 63.17012, 19.65568, 0.2819806
10.72175, -0.1196011, -0.01748291, 0.02524113, 63.18875, 19.65139, 0.1606801
10.73802, -0.1202564, -0.01748943, 0.02528762, 63.22199, 19.71558, 0.1222896
10.75704, -0.120845, -0.01744872, 0.02534485, 63.26082, 19.78534, 0.1104311
10.77182, -0.1213667, -0.01738481, 0.02537058, 63.29161, 19.79863, 0.04996698
10.78837, -0.1218616, -0.01735826, 0.02531942, 63.30379, 19.78184, 359.9487
10.80452, -0.1223583, -0.01741954, 0.02520899, 63.29579, 19.86438, 359.9027
10.82137, -0.1227514, -0.0173312, 0.02511317, 63.28895, 19.99979, 359.9125
10.83931, -0.1230894, -0.01720496, 0.02505655, 63.29111, 20.09732, 359.9094
10.85732, -0.1234012, -0.01707305, 0.02503586, 63.31062, 20.17941, 359.9178
10.87279, -0.1236782, -0.01690683, 0.02500755, 63.32073, 20.24188, 359.9167
10.88862, -0.1239623, -0.01676418, 0.02491374, 63.30904, 20.253, 359.8726
10.90584, -0.1242992, -0.01670181, 0.02475602, 63.28245, 20.29918, 359.8694
10.92234, -0.1244763, -0.0165094, 0.02469223, 63.26675, 20.31959, 359.8565
10.93854, -0.1245242, -0.01630529, 0.02463996, 63.26072, 20.31666, 359.8052
10.95707, -0.1244581, -0.01611668, 0.0245592, 63.26616, 20.33158, 359.7384
10.97174, -0.1243135, -0.01590286, 0.02445514, 63.26555, 20.40144, 359.7038
10.98817, -0.1241249, -0.01571498, 0.02437337, 63.25518, 20.47552, 359.7036
11.00479, -0.1238827, -0.01565502, 0.02433603, 63.25072, 20.56717, 359.7564
11.02144, -0.1235678, -0.01554607, 0.02434818, 63.27382, 20.64813, 359.8019
11.03824, -0.1231455, -0.015465, 0.02432858, 63.29482, 20.66408, 359.7594
11.05487, -0.1226196, -0.0154052, 0.02426784, 63.29988, 20.62712, 359.6397
11.07189, -0.1220071, -0.01535187, 0.0241964, 63.29771, 20.59022, 359.5055
11.08831, -0.1213228, -0.01530269, 0.02412621, 63.30438, 20.53738, 359.3714
11.10495, -0.1205846, -0.01529023, 0.02405735, 63.31781, 20.45874, 359.2382
11.12173, -0.1198586, -0.01530002, 0.02402961, 63.32592, 20.34717, 359.0724
11.139, -0.1191469, -0.01528718, 0.02402151, 63.32519, 20.23966, 358.9214
11.15545, -0.1184455, -0.01521998, 0.02405591, 63.32304, 20.20732, 358.8673
11.17177, -0.1177312, -0.0151208, 0.02412856, 63.33372, 20.23152, 358.8956
11.18828, -0.1169352, -0.0150644, 0.02419584, 63.35321, 20.25778, 358.9427
11.20481, -0.1159951, -0.01510118, 0.02419606, 63.37399, 20.31952, 359.0007
11.22142, -0.1149821, -0.01507181, 0.02405296, 63.37959, 20.36611, 358.9958
11.2381, -0.1138578, -0.01502099, 0.02379572, 63.3627, 20.35982, 358.8971
11.25524, -0.1126373, -0.0149557, 0.02349542, 63.34134, 20.37651, 358.7971
11.27174, -0.1113313, -0.01490796, 0.023208, 63.34106, 20.4248, 358.7219
11.28815, -0.1099004, -0.01491936, 0.02297268, 63.35003, 20.41376, 358.6035
11.30476, -0.1083731, -0.01498162, 0.02281851, 63.34799, 20.32596, 358.4427
11.3217, -0.1069473, -0.01496843, 0.02270614, 63.34003, 20.18372, 358.2664
11.33807, -0.1055474, -0.01491159, 0.02265931, 63.34145, 20.08026, 358.1483
11.35654, -0.1041419, -0.01481009, 0.02266671, 63.35278, 20.06479, 358.1229
11.37236, -0.1027023, -0.01467592, 0.02270502, 63.35949, 20.04565, 358.1004
11.3883, -0.1011824, -0.01458473, 0.02277282, 63.35403, 19.97405, 358.0347
11.40479, -0.09957605, -0.0145835, 0.02289871, 63.33463, 19.86725, 357.9483
11.4223, -0.09796011, -0.01445191, 0.02301667, 63.31646, 19.795, 357.8879
11.43814, -0.0962754, -0.01429795, 0.02311474, 63.32309, 19.79888, 357.8753
11.45529, -0.09448963, -0.0141649, 0.02316923, 63.35667, 19.87102, 357.8876
11.47162, -0.09261791, -0.01405746, 0.02317087, 63.39909, 19.94819, 357.8767
11.48802, -0.09069665, -0.01407978, 0.02317396, 63.4379, 19.96616, 357.7883
11.50468, -0.08875418, -0.01431364, 0.02322564, 63.48035, 19.90133, 357.6118
11.5218, -0.08675066, -0.01435165, 0.02319167, 63.51797, 19.75655, 357.3567
11.53859, -0.08475752, -0.01428386, 0.0231246, 63.53987, 19.57965, 357.0787
11.55536, -0.08281136, -0.01414757, 0.02304719, 63.55269, 19.40896, 356.8247
11.57174, -0.08090664, -0.01396094, 0.02295785, 63.55421, 19.22643, 356.5683
11.58824, -0.07900016, -0.01379019, 0.02283757, 63.54568, 19.05778, 356.3115
11.60485, -0.07709294, -0.01368084, 0.02269907, 63.54974, 18.92476, 356.0741
11.62267, -0.07525413, -0.01348037, 0.02259053, 63.56947, 18.83842, 355.8806
11.63853, -0.07350744, -0.01323818, 0.02253726, 63.60065, 18.7757, 355.743
11.65636, -0.07184255, -0.01296527, 0.02251989, 63.62358, 18.68009, 355.6046
11.67187, -0.07022725, -0.01266597, 0.02249274, 63.63017, 18.56002, 355.4505
11.68829, -0.06885418, -0.0123564, 0.02241844, 63.62394, 18.45151, 355.2861
11.70558, -0.06785221, -0.01206327, 0.0222936, 63.60703, 18.36487, 355.1181
11.72215, -0.06652017, -0.01180497, 0.02215452, 63.58769, 18.27949, 354.9465
11.73807, -0.0651423, -0.01159455, 0.02204789, 63.58076, 18.21907, 354.8194
11.75594, -0.06380375, -0.0114486, 0.02199318, 63.60584, 18.19097, 354.7516
11.77193, -0.06250714, -0.01136872, 0.02195275, 63.65066, 18.15679, 354.6844
11.78853, -0.06099976, -0.01137681, 0.02189009, 63.6899, 18.09061, 354.5742
11.80481, -0.0591418, -0.01146868, 0.02179509, 63.71169, 18.01796, 354.4518
11.82156, -0.05776424, -0.01147879, 0.02169398, 63.73036, 17.97449, 354.3568
11.83812, -0.05659283, -0.01148319, 0.02162494, 63.76792, 17.92316, 354.273
11.85671, -0.05554103, -0.01147151, 0.02157945, 63.80398, 17.83784, 354.1744
11.87168, -0.05459903, -0.01141304, 0.02154915, 63.8191, 17.71849, 354.0657
11.88822, -0.05375997, -0.01138044, 0.02151791, 63.80682, 17.60463, 353.9843
11.90501, -0.05299609, -0.0114293, 0.02146288, 63.78639, 17.49785, 353.9377
11.92143, -0.05231793, -0.01137839, 0.02145735, 63.80618, 17.42227, 353.926
11.93858, -0.05169874, -0.01130342, 0.0214505, 63.8376, 17.31406, 353.8821
11.95722, -0.05116318, -0.01113995, 0.0214304, 63.82414, 17.1421, 353.8038
11.9723, -0.05071209, -0.01086617, 0.02139513, 63.75414, 16.94392, 353.729
11.98831, -0.05018669, -0.01056141, 0.02132887, 63.67062, 16.75166, 353.6709
12.00552, -0.04946653, -0.01031894, 0.02120546, 63.60847, 16.49124, 353.5566
12.02169, -0.04894523, -0.01007211, 0.02112631, 63.57468, 16.21717, 353.4244
12.03806, -0.04849889, -0.009739784, 0.02100947, 63.52205, 16.00754, 353.3394
12.05531, -0.04805909, -0.009297871, 0.02082249, 63.42506, 15.86204, 353.2964
12.07211, -0.04758663, -0.008808146, 0.02061022, 63.3156, 15.72381, 353.2642
12.08837, -0.04699967, -0.00841864, 0.02041253, 63.22154, 15.54136, 353.1998
12.10494, -0.04628627, -0.008209819, 0.02024113, 63.1559, 15.34663, 353.138
12.12248, -0.04563683, -0.007852141, 0.02002297, 63.0895, 15.15154, 353.0822
12.13862, -0.04497501, -0.007374393, 0.0197164, 62.98511, 14.98036, 353.032
12.157, -0.04424366, -0.006820314, 0.01930544, 62.85503, 14.88086, 353.0076
12.17175, -0.04341089, -0.006291252, 0.01880538, 62.77104, 14.9338, 353.0573
12.18827, -0.04240858, -0.005906921, 0.01828062, 62.73836, 15.052, 353.1227
12.20503, -0.04125152, -0.005670693, 0.01778245, 62.70487, 15.09842, 353.1293
12.22204, -0.04026133, -0.005261233, 0.01721151, 62.63848, 15.09757, 353.1095
12.23827, -0.03931831, -0.004772814, 0.01659897, 62.56314, 15.14203, 353.1339
12.25508, -0.03835842, -0.004275987, 0.01594816, 62.50191, 15.25607, 353.2073
12.27187, -0.03735304, -0.003809063, 0.01526348, 62.45544, 15.3819, 353.2717
12.28833, -0.0362278, -0.003398104, 0.01457232, 62.41398, 15.50234, 353.324
12.30504, -0.03495479, -0.003066577, 0.01388029, 62.37745, 15.63609, 353.3936
12.3216, -0.03379818, -0.002700467, 0.01312397, 62.3367, 15.76481, 353.4365
12.3382, -0.0326706, -0.002369193, 0.01231477, 62.29097, 15.85155, 353.4211
12.35506, -0.03156519, -0.00209666, 0.01146813, 62.24396, 15.90244, 353.3577
12.3717, -0.03048476, -0.0018813, 0.01060777, 62.21161, 15.98141, 353.3028
12.38814, -0.02941151, -0.001725345, 0.009739872, 62.19537, 16.06844, 353.2479
12.40484, -0.02835961, -0.001635004, 0.008857414, 62.18481, 16.11456, 353.1797
12.42149, -0.02747131, -0.001547322, 0.008097605, 62.18125, 16.1411, 353.1184
12.43817, -0.02671426, -0.001446141, 0.007413838, 62.17821, 16.1821, 353.0918
12.45507, -0.02606665, -0.001313305, 0.006785336, 62.16094, 16.2343, 353.0969
12.47174, -0.0254982, -0.001152119, 0.00619778, 62.13225, 16.31429, 353.1399
12.48816, -0.025016, -0.001052806, 0.005644575, 62.09518, 16.40203, 353.1959
12.5048, -0.02464236, -0.001066281, 0.005138058, 62.07085, 16.53691, 353.3243
12.5214, -0.02426343, -0.001002238, 0.004685912, 62.07145, 16.68619, 353.4702
12.53823, -0.02388604, -0.0009320871, 0.004286227, 62.07499, 16.78832, 353.5877
12.55518, -0.02347575, -0.0008744225, 0.003910396, 62.06202, 16.80439, 353.6227
12.57155, -0.02304752, -0.0008410867, 0.003559221, 62.0492, 16.76762, 353.6095
12.58817, -0.02265535, -0.0008555595, 0.003210966, 62.04241, 16.76757, 353.6208
12.60489, -0.02227245, -0.0009496082, 0.002816178, 62.05184, 16.86258, 353.6751
12.62159, -0.02175695, -0.0009834077, 0.002392635, 62.06703, 16.97553, 353.7035
12.63846, -0.02120874, -0.0009892266, 0.001992334, 62.08163, 17.05072, 353.6978
12.65502, -0.02068968, -0.000973933, 0.00163532, 62.09475, 17.08964, 353.6823
12.67167, -0.0202017, -0.0009509139, 0.001302417, 62.11044, 17.08669, 353.6298
12.68824, -0.01970097, -0.0008739959, 0.0009364523, 62.12359, 17.08283, 353.5712
12.70543, -0.01916263, -0.0007153489, 0.0005303808, 62.13052, 17.09599, 353.5335
12.72235, -0.0188229, -0.0005473183, 0.0002078745, 62.11832, 17.10343, 353.5122
12.73816, -0.0186038, -0.0003652126, -7.333234E-05, 62.08889, 17.06871, 353.4741
12.75499, -0.01845707, -0.0001884215, -0.0003422275, 62.05209, 16.99584, 353.4027
12.77185, -0.01836101, -1.02818E-05, -0.0006091483, 62.00769, 16.92669, 353.3253
12.78833, -0.01837281, 0.0001648925, -0.0008231141, 61.98239, 16.92897, 353.3074
12.80489, -0.0185116, 0.0003060289, -0.0009559654, 61.98023, 16.93479, 353.3016
12.82247, -0.0186018, 0.0004054997, -0.001035009, 61.97962, 16.88319, 353.2667
12.83914, -0.01871554, 0.0004786713, -0.001067587, 61.97614, 16.79056, 353.2132
12.85628, -0.01886429, 0.0005447473, -0.001083415, 61.96931, 16.72167, 353.1795
12.87202, -0.01905125, 0.0006054342, -0.001072474, 61.96889, 16.71434, 353.1983
12.88833, -0.01923619, 0.0005754381, -0.001012214, 61.9807, 16.69444, 353.2092
12.90485, -0.01939367, 0.000409402, -0.0008974485, 62.00723, 16.64417, 353.2145
12.92194, -0.01963922, 0.0003186632, -0.0007499792, 62.04221, 16.58107, 353.2125
12.93849, -0.01993592, 0.000259256, -0.0006200261, 62.07143, 16.53308, 353.2137
12.95671, -0.02027239, 0.0002251156, -0.000520248, 62.08577, 16.49238, 353.2075
12.97186, -0.02064948, 0.0002041478, -0.0004311725, 62.09048, 16.44202, 353.1902
12.98827, -0.02116605, 0.0001858976, -0.0003198087, 62.0868, 16.36451, 353.1588
13.00489, -0.02185865, 0.0001388658, -0.0001834631, 62.08389, 16.29401, 353.1527
13.02197, -0.02243438, 0.0001034066, -3.634393E-05, 62.09735, 16.26395, 353.1794
13.03929, -0.02300012, 6.425194E-05, 0.0001223236, 62.12757, 16.259, 353.2304
13.05735, -0.02358675, 5.584396E-05, 0.0002763681, 62.14622, 16.25883, 353.2896
13.07176, -0.02419319, 7.628782E-05, 0.0004119831, 62.14898, 16.22559, 353.321
13.08821, -0.02484618, 8.096173E-05, 0.0005658753, 62.14029, 16.1921, 353.3498
13.10524, -0.02558009, 2.240895E-05, 0.000757176, 62.13565, 16.20045, 353.412
13.12245, -0.02630887, 4.835613E-05, 0.0008464046, 62.12523, 16.22502, 353.4839
13.13847, -0.02706214, 0.0001043379, 0.0009114221, 62.10754, 16.22953, 353.547
13.15657, -0.02784921, 0.0001771096, 0.0009954423, 62.08981, 16.22304, 353.621
13.17197, -0.02866266, 0.000247594, 0.001091447, 62.0811, 16.22331, 353.7155
13.18825, -0.02947593, 0.0002677757, 0.001165804, 62.06516, 16.19221, 353.7784
13.20489, -0.03028318, 0.0002175359, 0.00121434, 62.02886, 16.13262, 353.8201
13.22164, -0.03109329, 0.0002430994, 0.00128014, 61.99126, 16.0645, 353.8564
13.2384, -0.03189469, 0.0002855752, 0.001382511, 61.96738, 15.98585, 353.8943
13.25504, -0.03266855, 0.0003445391, 0.001491714, 61.97262, 15.97115, 353.99
13.27175, -0.0334079, 0.0004572656, 0.001545266, 61.96452, 15.99982, 354.1125
13.28841, -0.03410951, 0.0005247872, 0.001556836, 61.93075, 16.04425, 354.248
13.30484, -0.03473212, 0.0004518274, 0.001544222, 61.87989, 16.0748, 354.354
13.32185, -0.03531033, 0.0005527567, 0.001457091, 61.82816, 16.09969, 354.4367
13.33825, -0.03586759, 0.0007387131, 0.001359229, 61.76025, 16.0927, 354.5072
13.35665, -0.03642122, 0.0009714756, 0.001278512, 61.67132, 16.05872, 354.5887
13.37181, -0.03692001, 0.001200829, 0.001187943, 61.58474, 16.0617, 354.7032
13.38815, -0.0373475, 0.001424029, 0.001053013, 61.53538, 16.17511, 354.861
13.40489, -0.03772977, 0.001666211, 0.0009008609, 61.51512, 16.32162, 354.9958
13.42236, -0.03787342, 0.001822311, 0.0007508695, 61.48808, 16.43375, 355.1006
13.44017, -0.03787652, 0.001929803, 0.0006068051, 61.44489, 16.4598, 355.1428
13.45596, -0.03772373, 0.001958542, 0.0004340336, 61.39535, 16.387, 355.0817
13.47162, -0.03741452, 0.001909729, 0.0002235132, 61.34798, 16.26542, 354.9492
13.48929, -0.03696573, 0.001730035, 1.557498E-05, 61.32876, 16.26353, 354.9043
13.50488, -0.03639913, 0.001395342, -0.0001751375, 61.34069, 16.41396, 354.9765
13.52164, -0.03578802, 0.001196306, -0.000375085, 61.3737, 16.5615, 355.0271
13.53824, -0.03516591, 0.001048121, -0.0005459553, 61.40828, 16.63708, 355.0327
13.55658, -0.03456848, 0.0009525344, -0.0007009506, 61.43944, 16.72549, 355.0739
13.57181, -0.03399476, 0.0009035375, -0.0008688346, 61.46381, 16.84148, 355.1455
13.58824, -0.03333335, 0.0008748285, -0.001014978, 61.47277, 16.94261, 355.1981
13.60508, -0.03252207, 0.0008331668, -0.001083445, 61.4681, 16.9939, 355.2087
13.62238, -0.03183117, 0.0008302964, -0.001196075, 61.46516, 16.99998, 355.1697
13.6392, -0.0311697, 0.000833394, -0.001298212, 61.48554, 17.00782, 355.1321
13.65797, -0.03052328, 0.000849504, -0.001405831, 61.50785, 16.98866, 355.069
13.67319, -0.02989079, 0.0009017866, -0.001532681, 61.50077, 16.88553, 354.927
13.68898, -0.02926636, 0.0009208745, -0.001614251, 61.46844, 16.71921, 354.738
13.70522, -0.02864699, 0.0008599827, -0.001612548, 61.43148, 16.56911, 354.5879
13.72157, -0.0281414, 0.0009623002, -0.00162239, 61.39806, 16.45618, 354.4914
13.7389, -0.02769439, 0.001130646, -0.001622953, 61.36401, 16.36888, 354.4249
13.75557, -0.02727922, 0.001323121, -0.00160829, 61.3316, 16.30712, 354.3842
13.77235, -0.02688291, 0.001523301, -0.001569305, 61.30491, 16.2799, 354.3755
13.78834, -0.02649532, 0.001695912, -0.001490131, 61.28082, 16.25424, 354.3852
13.80498, -0.02611312, 0.001815963, -0.001364287, 61.25109, 16.17496, 354.3889
13.82242, -0.02577172, 0.001919037, -0.00119089, 61.21569, 16.04171, 354.3499
13.8385, -0.02540942, 0.001961621, -0.001007527, 61.19219, 15.89443, 354.282
13.85568, -0.02499941, 0.001954188, -0.00082584, 61.18729, 15.79826, 354.2342
13.87194, -0.02454863, 0.001920529, -0.0006419197, 61.19402, 15.76552, 354.2315
13.88832, -0.02404345, 0.001873984, -0.000431933, 61.20208, 15.76383, 354.2552
13.90513, -0.02347153, 0.00182156, -0.000184488, 61.20058, 15.73506, 354.2653
13.92153, -0.02288525, 0.001746663, 5.099268E-05, 61.19073, 15.66975, 354.2267
13.93814, -0.02227414, 0.001667918, 0.0003157253, 61.17747, 15.59941, 354.1866
13.95556, -0.02163032, 0.001609273, 0.0006096475, 61.15972, 15.57059, 354.1871
13.97194, -0.02090485, 0.001553485, 0.00092531, 61.15279, 15.58326, 354.2071
13.9883, -0.02002931, 0.001392584, 0.00136701, 61.15939, 15.61021, 354.2233
14.00503, -0.0190076, 0.00108893, 0.002031431, 61.16718, 15.63283, 354.2621
14.02166, -0.0180578, 0.0009651389, 0.002596624, 61.17364, 15.65557, 354.3316
14.03825, -0.01710768, 0.0008966122, 0.003141545, 61.17775, 15.6543, 354.3973
14.0552, -0.01612832, 0.0008801073, 0.003679235, 61.14305, 15.56373, 354.3929
14.07168, -0.01510991, 0.000923153, 0.00420193, 61.0648, 15.42945, 354.3494
14.08824, -0.01406119, 0.0009331349, 0.004748162, 60.98503, 15.32736, 354.314
14.10705, -0.01302219, 0.0008479469, 0.005362865, 60.94525, 15.33156, 354.3711
14.12152, -0.01194146, 0.0008235313, 0.005967416, 60.95343, 15.45748, 354.5349
14.13822, -0.01083359, 0.0007618181, 0.006593905, 61.00206, 15.564, 354.6916
14.15522, -0.009716525, 0.0006517925, 0.007225166, 61.0331, 15.47622, 354.6974
14.17181, -0.008622077, 0.0005448498, 0.007840477, 61.00233, 15.16876, 354.5414
14.18824, -0.007687305, 0.0004992629, 0.008400757, 60.90004, 14.67233, 354.2532
14.20511, -0.006988072, 0.000506917, 0.008921787, 60.76581, 14.04319, 353.8964
14.22169, -0.006181219, 0.0004716571, 0.009556115, 60.64563, 13.45582, 353.6373
14.23867, -0.005353369, 0.0003928518, 0.01020401, 60.62066, 13.17701, 353.6563
14.2551, -0.004485401, 0.0002487874, 0.01080861, 60.70912, 13.20199, 353.9159
14.27185, -0.003570672, 7.350105E-05, 0.01134912, 60.83628, 13.28368, 354.2155
14.28832, -0.002612608, -0.0001450703, 0.01190946, 60.88283, 12.98998, 354.246
14.30487, -0.001646152, -0.0003403556, 0.01253503, 60.75849, 12.082, 353.8623
14.32196, -0.0008367682, -0.0002667606, 0.01294119, 60.50486, 11.06648, 353.4684
14.33807, 6.270222E-05, -1.613423E-05, 0.01308344, 60.23492, 10.48437, 353.3654
14.35723, 0.001198756, 0.0002203938, 0.0130439, 60.06046, 10.35334, 353.5075
14.37187, 0.002517282, 0.0003159419, 0.01301161, 59.99733, 10.35278, 353.7003
14.38832, 0.003867844, 0.0001853867, 0.01321907, 59.96375, 10.02564, 353.6917
14.40526, 0.005081993, -8.452017E-05, 0.01376169, 59.8458, 9.088322, 353.3528
14.42163, 0.006118789, -0.0001374334, 0.01427141, 59.64495, 7.92603, 352.9518
14.43896, 0.007140068, -5.589426E-05, 0.01468969, 59.46488, 7.019616, 352.7715
14.45526, 0.008292343, 5.516224E-05, 0.01495276, 59.35469, 6.491881, 352.799
14.47164, 0.009589192, 0.0001160343, 0.01510848, 59.28493, 6.10125, 352.8188
14.48859, 0.01093593, 0.0001180321, 0.01535239, 59.2313, 5.689885, 352.8044
14.50494, 0.01223641, 8.170439E-05, 0.01581233, 59.21579, 5.230494, 352.824
14.52175, 0.01325166, 9.51495E-05, 0.01635616, 59.20127, 4.623668, 352.855
14.53856, 0.01403822, 0.0001614961, 0.01696547, 59.18178, 3.946286, 352.952
14.55668, 0.0146991, 0.0002833876, 0.01756387, 59.16525, 3.343924, 353.1768
14.57164, 0.01541911, 0.0004232302, 0.01807867, 59.16451, 2.887049, 353.4747
14.58841, 0.01633937, 0.0004292373, 0.01863649, 59.16525, 2.551599, 353.7427
14.60499, 0.01734019, 0.0002632085, 0.01941577, 59.20661, 2.414669, 354.1456
14.62226, 0.01822737, 0.0002547497, 0.01998631, 59.2639, 2.360279, 354.6563
14.63935, 0.01909993, 0.0001932178, 0.02053826, 59.36326, 2.318579, 355.1914
14.65514, 0.02006741, -1.035631E-05, 0.02113689, 59.53172, 2.245834, 355.6616
14.67195, 0.0211431, -0.000332294, 0.02178103, 59.74817, 2.134851, 356.0567
14.68843, 0.0222673, -0.0006933045, 0.02241643, 59.9425, 1.964945, 356.3609
14.70545, 0.02340877, -0.001018967, 0.022988, 60.09537, 1.745179, 356.5946
14.72257, 0.02470146, -0.001340182, 0.02351859, 60.24977, 1.617942, 356.8396
14.73834, 0.0260936, -0.001745788, 0.02408801, 60.50594, 1.670331, 357.1993
14.75528, 0.02753288, -0.002222669, 0.02472315, 60.84667, 1.796422, 357.609
14.77273, 0.02905574, -0.002696973, 0.02537145, 61.17723, 1.797997, 357.8752
14.7885, 0.03080163, -0.003120398, 0.02607032, 61.45596, 1.64572, 357.9496
14.80495, 0.03277532, -0.003458656, 0.02683502, 61.7365, 1.509963, 357.9774
14.8218, 0.03465819, -0.003672196, 0.02753479, 62.02536, 1.430692, 357.9993
14.83831, 0.03651989, -0.003812416, 0.02829431, 62.29458, 1.056105, 357.7544
14.85531, 0.03835048, -0.003894575, 0.02913557, 62.58071, 0.440985, 357.3302
14.8717, 0.04016032, -0.003787388, 0.02993659, 62.846, 359.8367, 356.9311
14.88924, 0.04213372, -0.00349077, 0.03068272, 63.03837, 359.4213, 356.6649
14.90496, 0.04436934, -0.003104426, 0.0314425, 63.17883, 359.1339, 356.4744
14.9216, 0.04643444, -0.002386944, 0.03189068, 63.26685, 358.9221, 356.3358
14.93856, 0.04841302, -0.001519024, 0.03217439, 63.30839, 358.6879, 356.1928
14.9553, 0.05033827, -0.0005883649, 0.03235733, 63.3213, 358.3781, 356.0057
14.97183, 0.05225288, 0.0003629476, 0.03242961, 63.33009, 358.0872, 355.8336
14.98837, 0.05403897, 0.001317828, 0.03232748, 63.37156, 358.0629, 355.8369
15.00492, 0.05557715, 0.002268912, 0.03207639, 63.47067, 358.3122, 356.0327
15.02196, 0.05738466, 0.003129229, 0.03193997, 63.61368, 358.5063, 356.1826
15.03824, 0.0591545, 0.003874849, 0.03189218, 63.77445, 358.4741, 356.1891
15.05505, 0.0607862, 0.004596267, 0.03187364, 63.88673, 358.2037, 356.0492
15.07194, 0.06227426, 0.005354602, 0.03187719, 63.95982, 357.8132, 355.8607
15.08823, 0.06357052, 0.00621713, 0.03180782, 63.99815, 357.3723, 355.6603
15.10574, 0.06471244, 0.007195508, 0.03160119, 64.0274, 356.9973, 355.5045
15.12167, 0.06601291, 0.008146493, 0.03148641, 64.04012, 356.6295, 355.3241
15.13845, 0.06728119, 0.009030826, 0.03150415, 64.05268, 356.0908, 355.0367
15.15559, 0.06836677, 0.009880096, 0.03167253, 64.08073, 355.4062, 354.7476
15.17199, 0.06924803, 0.01077637, 0.03192833, 64.04526, 354.4666, 354.3704
15.18838, 0.07013738, 0.01168718, 0.03227739, 63.95295, 353.4829, 354.0587
15.20501, 0.07121709, 0.01257091, 0.03274491, 63.83765, 352.5064, 353.7925
15.22158, 0.07222206, 0.01351213, 0.03311727, 63.7312, 351.5874, 353.5812
15.2382, 0.07320918, 0.01437912, 0.03354939, 63.66788, 350.6346, 353.4084
15.25679, 0.07408567, 0.0151107, 0.03412843, 63.62145, 349.4126, 353.1674
15.27193, 0.07491442, 0.01574417, 0.03478392, 63.56446, 348.1508, 353.0155
15.28845, 0.07598901, 0.01624462, 0.0355124, 63.50188, 347.1097, 353.0484
15.30505, 0.07744364, 0.01652964, 0.03637314, 63.50449, 346.4458, 353.3289
15.32171, 0.0791054, 0.01665178, 0.03713058, 63.61238, 346.0028, 353.6942
15.33832, 0.08106771, 0.01649568, 0.03789052, 63.79365, 345.5492, 353.9153
15.35531, 0.08322713, 0.01613784, 0.03867306, 63.98999, 345.0452, 354.0281
15.37205, 0.08546668, 0.01570863, 0.03942487, 64.15191, 344.6484, 354.237
15.38836, 0.08779931, 0.01506102, 0.04020479, 64.29536, 344.2993, 354.4501
15.40508, 0.09021743, 0.01408442, 0.04110304, 64.445, 343.8896, 354.5423
15.42168, 0.09272254, 0.01318146, 0.04193414, 64.63208, 343.5472, 354.6702
15.43833, 0.09525286, 0.0122654, 0.04281572, 64.83268, 343.2508, 354.8155
15.4555, 0.0977378, 0.01128433, 0.04384953, 65.05455, 342.9029, 354.9288
15.47173, 0.1001845, 0.01021865, 0.04507373, 65.34971, 342.662, 355.1373
15.48848, 0.1025942, 0.009036265, 0.04650845, 65.68205, 342.4137, 355.3145
15.50605, 0.1047537, 0.007694473, 0.04822135, 66.08418, 342.067, 355.4537
15.5217, 0.1067339, 0.006408561, 0.05005098, 66.57862, 341.8455, 355.8189
15.53839, 0.1087061, 0.005242029, 0.05190264, 67.08104, 341.8607, 356.3968
15.5569, 0.1108879, 0.004218057, 0.05380266, 67.54249, 341.941, 356.9495
15.57175, 0.113398, 0.003334731, 0.05576182, 67.93929, 341.9903, 357.3161
15.58842, 0.1158782, 0.002540323, 0.05778795, 68.26952, 341.9301, 357.4993
15.60545, 0.1179621, 0.001801847, 0.05991364, 68.54698, 341.822, 357.6805
15.62189, 0.1201857, 0.001273977, 0.06218235, 68.76908, 341.4496, 357.6692
15.63826, 0.1224087, 0.0008833054, 0.06458628, 68.95448, 340.9545, 357.5622
15.65667, 0.1245842, 0.0005041417, 0.06716856, 69.18992, 340.4256, 357.4097
15.67199, 0.1266653, 3.029406E-05, 0.06994428, 69.52207, 339.6067, 356.9722
15.6885, 0.1287383, -0.000412887, 0.07278767, 69.88705, 338.6901, 356.4167
15.70497, 0.130938, -0.0006611408, 0.07559539, 70.19681, 337.9733, 355.9611
15.72225, 0.1331807, -0.0006625596, 0.07858671, 70.47161, 337.3546, 355.4738
15.73835, 0.1354167, -0.0005969373, 0.08179162, 70.82739, 336.8797, 354.9833
15.75596, 0.1372757, -0.0005324693, 0.08514437, 71.32541, 336.5403, 354.635
15.77195, 0.1385876, -0.0003468078, 0.08847445, 71.86033, 335.977, 354.1908
15.78862, 0.1395197, 0.0002312344, 0.09165321, 72.21435, 335.2208, 353.6727
15.80529, 0.1402885, 0.001301024, 0.09464408, 72.32563, 334.5488, 353.2599
15.82179, 0.1408841, 0.003001478, 0.09746075, 72.25565, 333.8046, 352.7748
15.83864, 0.1412211, 0.004965244, 0.100183, 72.14592, 332.9744, 352.2306
15.85661, 0.1413034, 0.007090874, 0.1028323, 72.01704, 332.1597, 351.7182
15.8721, 0.1411767, 0.009299035, 0.1054391, 71.88775, 331.3787, 351.2366
15.88838, 0.140681, 0.01149839, 0.107859, 71.85629, 330.5793, 350.7739
15.90499, 0.1398445, 0.0136066, 0.1100297, 72.0326, 329.9182, 350.4276
15.92174, 0.1390125, 0.01525574, 0.1125044, 72.4064, 329.4856, 350.2447
15.93843, 0.1381849, 0.01679823, 0.114908, 72.81669, 329.25, 350.1921
15.95785, 0.1374402, 0.01857846, 0.1170656, 73.04935, 329.1538, 350.2359
15.97212, 0.1367875, 0.02067602, 0.1188836, 73.05569, 329.1944, 350.3927
15.98853, 0.1362436, 0.02299399, 0.1203766, 72.87488, 329.3564, 350.6806
16.00503, 0.1358471, 0.02531918, 0.1216274, 72.56348, 329.4289, 350.8578
16.02187, 0.1352344, 0.02737755, 0.122541, 72.28983, 329.3425, 350.9294
16.0383, 0.134366, 0.02903278, 0.1232659, 72.15815, 329.2179, 351.0436
16.05583, 0.1333855, 0.03035577, 0.123785, 72.12314, 329.1813, 351.2602
16.07198, 0.1325304, 0.0314761, 0.1240749, 72.08225, 329.1713, 351.4305
16.08857, 0.1320257, 0.03243385, 0.1244527, 72.00118, 329.2299, 351.614
16.10511, 0.1318418, 0.03321103, 0.1250844, 71.87965, 329.3973, 351.8752
16.12186, 0.1314302, 0.03394595, 0.1250297, 71.72182, 329.4593, 352.0292
16.13855, 0.1309953, 0.03451816, 0.1246727, 71.58606, 329.4513, 352.1075
16.15672, 0.1306732, 0.03491155, 0.124143, 71.51051, 329.5851, 352.2543
16.172, 0.1304924, 0.03511544, 0.1235114, 71.5238, 329.907, 352.4951
16.18893, 0.1304437, 0.03493666, 0.1228831, 71.61281, 330.2571, 352.7284
16.20505, 0.1304743, 0.03439788, 0.1222258, 71.6786, 330.6704, 353.0276
16.22181, 0.1304421, 0.0342972, 0.1212279, 71.62848, 330.9907, 353.2589
16.2383, 0.1304402, 0.03439347, 0.1199845, 71.4623, 331.1777, 353.3618
16.25666, 0.1304637, 0.03458056, 0.1185379, 71.21391, 331.2866, 353.3837
16.27197, 0.1304635, 0.03478874, 0.1169136, 70.92773, 331.4676, 353.4701
16.28847, 0.1304255, 0.03476242, 0.1151155, 70.67071, 331.7577, 353.6599
16.30504, 0.1304018, 0.03432048, 0.1131878, 70.49206, 332.0622, 353.8271
16.32179, 0.1303759, 0.03382183, 0.111357, 70.43169, 332.2756, 353.899
16.33854, 0.1303494, 0.03324663, 0.1094825, 70.40709, 332.4275, 353.9058
16.35561, 0.1303514, 0.03275282, 0.1074676, 70.30202, 332.543, 353.8678
16.3719, 0.1304266, 0.03240236, 0.1053144, 70.07146, 332.6628, 353.7996
16.38872, 0.1305269, 0.03205545, 0.1031199, 69.81971, 332.7191, 353.6478
16.40537, 0.1305287, 0.03156377, 0.1009187, 69.65751, 332.8119, 353.5309
16.42178, 0.1303203, 0.03091615, 0.09867589, 69.60027, 332.9336, 353.4985
16.43858, 0.1299803, 0.03034374, 0.09632333, 69.52295, 333.1971, 353.6349
16.45523, 0.1296653, 0.02986753, 0.09386551, 69.38043, 333.5162, 353.779
16.47198, 0.129328, 0.02934454, 0.09139042, 69.22737, 333.657, 353.7563
16.48907, 0.1288901, 0.02866034, 0.0889298, 69.12193, 333.7698, 353.7555
16.50506, 0.1284402, 0.02782287, 0.08646683, 69.00159, 333.9163, 353.7968
16.52209, 0.1281172, 0.02723888, 0.08389343, 68.86473, 334.1565, 353.8625
16.53836, 0.1278808, 0.02675442, 0.0811571, 68.72231, 334.504, 353.9681
16.55547, 0.1276243, 0.02632289, 0.07825085, 68.54401, 334.8036, 354.0299
16.5721, 0.1272615, 0.02599111, 0.07525238, 68.30785, 334.8758, 353.9503
16.58851, 0.1268632, 0.02578478, 0.07221946, 67.97079, 334.9263, 353.8956
16.60519, 0.1264969, 0.02564139, 0.06921199, 67.55434, 335.1177, 353.9488
16.62274, 0.1261245, 0.02579555, 0.06614859, 67.16885, 335.4753, 354.0993
16.63845, 0.1257217, 0.02598043, 0.06304487, 66.8418, 335.995, 354.3595
16.65494, 0.125265, 0.02608, 0.0599592, 66.58899, 336.4787, 354.5954
16.67186, 0.1247523, 0.02618383, 0.05691747, 66.3492, 336.8183, 354.755
16.68862, 0.1242798, 0.02650382, 0.05390199, 66.01134, 337.0175, 354.8491
16.70506, 0.1239334, 0.02703947, 0.05090145, 65.5649, 337.1724, 354.9123
16.72214, 0.1236189, 0.02737373, 0.04779947, 65.13502, 337.3494, 354.9538
16.73881, 0.1232628, 0.02737311, 0.04469451, 64.87165, 337.6238, 355.0681
16.75546, 0.122877, 0.02716334, 0.04162714, 64.74973, 338.0157, 355.2841
16.77257, 0.1225266, 0.02698115, 0.03855155, 64.6213, 338.4045, 355.4829
16.78866, 0.1221964, 0.02677305, 0.03538167, 64.3793, 338.7766, 355.6745
16.80521, 0.1218877, 0.02637876, 0.03211722, 64.06686, 339.1516, 355.8456
16.82178, 0.1215778, 0.02615071, 0.02886791, 63.86923, 339.5465, 356.0157
16.83838, 0.1211824, 0.02593845, 0.02569655, 63.79023, 339.9656, 356.2424
16.85525, 0.1207641, 0.02594767, 0.02252525, 63.63785, 340.2882, 356.4243
16.87194, 0.120437, 0.02623536, 0.01928086, 63.3494, 340.5744, 356.5604
16.88848, 0.1202687, 0.02659426, 0.01608235, 63.06544, 340.8949, 356.6874
16.90515, 0.1201379, 0.02679382, 0.01310726, 62.97715, 341.3249, 356.899
16.92194, 0.1198865, 0.02681253, 0.01020934, 63.092, 341.7959, 357.1741
16.93841, 0.1196596, 0.02692341, 0.007423027, 63.26923, 342.1752, 357.385
