1.836716, -0.01947322, -0.3633709, 0.148154, 357.5027, 344.2515, 356.6342, 0.0856, 0.0856 
1.853393, -0.01970848, -0.3650422, 0.148877, 356.8605, 344.2357, 356.4573, 0.0856, 0.0856 
1.870077, -0.02015115, -0.3683765, 0.150127, 355.5023, 344.3582, 356.4165, 0.0856, 0.0856 
1.886694, -0.01989253, -0.3672016, 0.1491958, 355.8433, 344.3101, 356.2486, 0.0856, 0.0856 
1.903417, -0.01956096, -0.3648143, 0.1477283, 356.6265, 344.2857, 356.205, 0.0856, 0.0856 
1.92004, -0.01838322, -0.3638732, 0.1470516, 357.4328, 344.3531, 356.1037, 0.0856, 0.0856 
1.9368, -0.01803304, -0.3628802, 0.1466312, 358.0182, 344.2924, 355.9813, 0.0856, 0.0856 
1.963387, -0.01807142, -0.3630796, 0.1467918, 358.1624, 344.2542, 356.0573, 0.0856, 0.0856 
1.970091, -0.01819993, -0.3639392, 0.147002, 358.4424, 344.2473, 356.0204, 0.0856, 0.0856 
1.986701, -0.0186776, -0.3660523, 0.1482219, 357.3369, 344.1606, 355.994, 0.0856, 0.0856 
2.00346, -0.0187287, -0.3667312, 0.1487035, 356.9416, 344.1589, 355.9958, 0.0856, 0.0856 
2.020124, -0.01852462, -0.3655487, 0.1484261, 357.0242, 344.2605, 356.0796, 0.0856, 0.0856 
2.036741, -0.01864396, -0.3653297, 0.1485082, 356.9254, 344.2971, 356.0924, 0.0856, 0.0856 
2.053452, -0.01871968, -0.3662003, 0.1490135, 356.7178, 344.3479, 356.0887, 0.0856, 0.0856 
2.070083, -0.0190945, -0.3682492, 0.1500643, 356.0907, 344.4699, 356.2611, 0.0856, 0.0856 
2.086762, -0.01890607, -0.3663585, 0.1491564, 356.4798, 344.33, 356.0453, 0.0856, 0.0856 
2.103426, -0.01872532, -0.3663759, 0.1490946, 356.8541, 344.31, 356.2583, 0.0856, 0.0856 
2.120076, -0.0194418, -0.3663974, 0.1488241, 356.5745, 344.3022, 356.1771, 0.0856, 0.0856 
2.136824, -0.01929379, -0.3639037, 0.1476214, 357.2324, 344.2604, 356.0189, 0.0856, 0.0856 
2.153424, -0.01890575, -0.3646515, 0.1482545, 357.0771, 344.2099, 355.8945, 0.0856, 0.0856 
2.170156, -0.0189348, -0.3646531, 0.1484429, 356.9237, 344.2288, 356.0643, 0.0856, 0.0856 
2.186786, -0.01874991, -0.3626742, 0.1475954, 357.428, 344.2484, 356.2646, 0.0856, 0.0856 
2.203395, -0.02078435, -0.3615247, 0.1459778, 358.0744, 344.1905, 356.209, 0.0856, 0.0856 
2.22005, -0.02076962, -0.3616295, 0.1455157, 358.8595, 344.3521, 356.433, 0.0856, 0.0856 
2.236771, -0.02060474, -0.3607418, 0.1449267, 359.4581, 344.4693, 356.7526, 0.0856, 0.0856 
2.253536, -0.02030926, -0.3605794, 0.1449612, 359.5031, 344.4851, 356.7984, 0.0856, 0.0856 
2.270172, -0.02016409, -0.3619668, 0.1457049, 358.8422, 344.3042, 356.343, 0.0856, 0.0856 
2.28687, -0.0203466, -0.3620273, 0.1456255, 358.5807, 344.3051, 356.2279, 0.0856, 0.0856 
2.303467, -0.0208018, -0.3641885, 0.1465082, 357.6978, 344.1622, 355.7506, 0.0856, 0.0856 
2.320092, -0.02185784, -0.3671787, 0.1476606, 356.7292, 344.2013, 355.6956, 0.0856, 0.0856 
2.336775, -0.02153847, -0.3645611, 0.1467317, 357.2867, 344.2189, 355.7876, 0.0856, 0.0856 
2.353479, -0.02126817, -0.3652293, 0.1468156, 357.4855, 344.1328, 355.9545, 0.0856, 0.0856 
2.370074, -0.02130545, -0.3642061, 0.1460811, 357.4513, 343.9506, 355.6567, 0.0856, 0.0856 
2.38676, -0.02071851, -0.3615751, 0.1446818, 358.4878, 344.1171, 356.3181, 0.0856, 0.0856 
2.403466, -0.02069321, -0.3610067, 0.1444812, 358.4144, 344.1307, 356.1829, 0.0856, 0.0856 
2.420093, -0.02065318, -0.3615944, 0.1453802, 358.4257, 344.3528, 356.3854, 0.0856, 0.0856 
2.437533, -0.02070598, -0.362601, 0.1460967, 358.4202, 344.4307, 356.5125, 0.0856, 0.0856 
2.45351, -0.02143237, -0.3652546, 0.147202, 357.6827, 344.2546, 356.1627, 0.0856, 0.0856 
2.470113, -0.02208349, -0.3663812, 0.1473543, 357.3911, 344.2071, 356.1643, 0.0856, 0.0856 
2.48687, -0.02206842, -0.3678443, 0.1480977, 356.7963, 344.1606, 356.0833, 0.0856, 0.0856 
2.503433, -0.02250639, -0.3655008, 0.1472982, 357.1873, 344.2488, 356.3916, 0.0856, 0.0856 
2.52012, -0.02206138, -0.3653952, 0.1474136, 357.2079, 344.3327, 356.5731, 0.0856, 0.0856 
2.536786, -0.02152184, -0.3639469, 0.1468218, 357.4603, 344.3236, 356.6294, 0.0856, 0.0856 
2.553463, -0.02130154, -0.3627551, 0.1459408, 357.9355, 344.3829, 356.6452, 0.0856, 0.0856 
2.570252, -0.02113017, -0.3632562, 0.1456174, 358.2727, 344.2683, 356.3455, 0.0856, 0.0856 
2.586865, -0.02097036, -0.361033, 0.144562, 358.5771, 344.3238, 356.3716, 0.0856, 0.0856 
2.603409, -0.02037917, -0.3605717, 0.1450808, 359.0532, 344.4225, 356.6663, 0.0856, 0.0856 
2.620152, -0.02123781, -0.3603076, 0.1460564, 358.9569, 344.5093, 356.9907, 0.0856, 0.0856 
2.636808, -0.02190816, -0.3598281, 0.1459951, 358.7177, 344.4534, 356.6893, 0.0856, 0.0856 
2.653493, -0.02210727, -0.3610713, 0.1463299, 358.2972, 344.2856, 356.4136, 0.0856, 0.0856 
2.67015, -0.02178881, -0.3596564, 0.1459963, 358.8983, 344.325, 356.5458, 0.0856, 0.0856 
2.686823, -0.02112375, -0.3599004, 0.1463953, 358.9933, 344.4698, 357.1786, 0.0856, 0.0856 
2.703476, -0.02141334, -0.360587, 0.1472025, 359.0296, 344.6737, 357.6728, 0.0856, 0.0856 
2.720155, -0.02212857, -0.3604682, 0.1469871, 358.9251, 344.5271, 357.143, 0.0856, 0.0856 
2.736822, -0.02301886, -0.3608936, 0.1473215, 359.1234, 344.3469, 356.4933, 0.0856, 0.0856 
2.753497, -0.02316671, -0.3648255, 0.1492786, 358.2873, 344.0354, 356.2989, 0.0856, 0.0856 
2.770123, -0.02289401, -0.3611045, 0.1478389, 359.3692, 344.2141, 356.1905, 0.0856, 0.0856 
2.78679, -0.02265109, -0.3611453, 0.1478518, 359.6741, 344.2739, 356.3643, 0.0856, 0.0856 
2.8035, -0.02265942, -0.3602645, 0.1471473, 359.8051, 344.3925, 356.4563, 0.0856, 0.0856 
2.820172, -0.02313902, -0.3639022, 0.1487467, 358.4729, 344.2811, 356.609, 0.0856, 0.0856 
2.836778, -0.02322572, -0.3619463, 0.1475409, 358.321, 344.3886, 356.6822, 0.0856, 0.0856 
2.853478, -0.02295168, -0.3647963, 0.1482575, 356.9524, 344.4503, 356.7709, 0.0856, 0.0856 
2.870166, -0.02296542, -0.3678621, 0.149042, 356.5898, 344.4403, 356.7059, 0.0856, 0.0856 
2.886856, -0.02362861, -0.3656573, 0.1477745, 356.4938, 344.418, 356.7726, 0.0856, 0.0856 
2.903493, -0.02352813, -0.3685431, 0.1488881, 355.1708, 344.6274, 357.2133, 0.0856, 0.0856 
2.9202, -0.02280463, -0.360527, 0.1455151, 356.6753, 344.5489, 357.0112, 0.0856, 0.0856 
2.936774, -0.02174551, -0.3573045, 0.1442015, 357.4852, 344.4654, 356.7829, 0.0856, 0.0856 
2.953434, -0.02086549, -0.3569437, 0.1436254, 358.8822, 344.8108, 355.942, 0.0856, 0.0856 
2.970166, -0.02180194, -0.3728634, 0.1522407, 359.8615, 344.9449, 355.2759, 0.0856, 0.0856 
2.986805, -0.02277978, -0.3773426, 0.153834, 0.8997316, 345.4716, 355.6638, 0.0856, 0.0856 
3.003539, -0.02446011, -0.3803982, 0.1548378, 1.343003, 345.6474, 356.171, 0.0856, 0.0856 
3.020128, -0.02520407, -0.3797933, 0.1547588, 1.266225, 345.6676, 356.7987, 0.0856, 0.0856 
3.036813, -0.02362037, -0.3743584, 0.1526126, 1.355265, 345.4327, 356.7222, 0.0856, 0.0856 
3.053456, -0.02223026, -0.367844, 0.1506412, 1.631606, 345.1081, 356.0312, 0.0856, 0.0856 
3.070142, -0.02161446, -0.3662673, 0.1502204, 1.490996, 344.8808, 355.1911, 0.0856, 0.0856 
3.086845, -0.02128089, -0.3665361, 0.1496308, 1.35964, 344.7933, 354.4994, 0.0856, 0.0856 
3.10348, -0.02066669, -0.3647708, 0.1476039, 2.060693, 344.7322, 353.6292, 0.0856, 0.0856 
3.120197, -0.02122235, -0.3653674, 0.1476187, 2.628051, 344.6516, 353.2957, 0.0856, 0.0856 
3.136803, -0.02181282, -0.3627127, 0.1469983, 2.902767, 344.6942, 353.7173, 0.0856, 0.0856 
3.153486, -0.02282778, -0.3630202, 0.1475434, 1.388793, 344.4714, 354.3123, 0.0856, 0.0856 
3.170187, -0.02372875, -0.3651127, 0.1481744, 359.7159, 344.1424, 355.3889, 0.0856, 0.0856 
3.186788, -0.02366063, -0.3629281, 0.1469611, 358.6779, 344.089, 356.1381, 0.0856, 0.0856 
3.203562, -0.02315668, -0.3622659, 0.146514, 358.2579, 344.0671, 356.1881, 0.0856, 0.0856 
3.22024, -0.02356087, -0.3651098, 0.1472842, 358.1362, 344.1435, 356.016, 0.0856, 0.0856 
3.23681, -0.0239949, -0.3662915, 0.1476571, 357.7724, 344.1193, 355.7224, 0.0856, 0.0856 
3.253577, -0.02414769, -0.3678812, 0.1485018, 357.4263, 344.1497, 355.6219, 0.0856, 0.0856 
3.270123, -0.02332686, -0.3679317, 0.1490218, 357.3157, 344.1696, 355.5667, 0.0856, 0.0856 
3.286832, -0.02274027, -0.3676, 0.1491697, 357.5492, 344.2111, 355.5248, 0.0856, 0.0856 
3.303484, -0.0227735, -0.3687305, 0.149211, 357.5811, 344.2465, 355.2946, 0.0856, 0.0856 
3.32017, -0.02334278, -0.3642737, 0.1465107, 358.3209, 344.4139, 355.5953, 0.0856, 0.0856 
3.336884, -0.0252272, -0.3714964, 0.1497036, 356.9704, 344.8584, 356.5257, 0.0856, 0.0856 
3.353514, -0.02642676, -0.3799354, 0.1538784, 354.6538, 344.9392, 356.949, 0.0856, 0.0856 
3.370129, -0.02422174, -0.3703345, 0.1497168, 356.5956, 344.6401, 356.7229, 0.0856, 0.0856 
3.386913, -0.02298003, -0.3662439, 0.1478408, 357.9523, 344.521, 356.3611, 0.0856, 0.0856 
3.403524, -0.02328482, -0.3660867, 0.1472533, 358.5498, 344.4965, 356.2756, 0.0856, 0.0856 
3.420213, -0.02489665, -0.3723993, 0.150114, 357.3738, 344.4425, 356.3585, 0.0856, 0.0856 
3.436845, -0.0263426, -0.3735235, 0.1510518, 356.7507, 344.5035, 356.5389, 0.0856, 0.0856 
3.453506, -0.02708852, -0.3809636, 0.1554882, 355.9541, 344.5258, 356.8358, 0.0856, 0.0856 
3.470186, -0.02550981, -0.3705981, 0.150881, 357.5963, 344.3734, 356.3087, 0.0856, 0.0856 
3.486822, -0.02481657, -0.3708004, 0.1502766, 358.1744, 344.3575, 356.0013, 0.0856, 0.0856 
3.503512, -0.02490406, -0.3692738, 0.1489033, 358.2444, 344.321, 355.9979, 0.0856, 0.0856 
3.52026, -0.02518741, -0.3686923, 0.1484976, 358.2451, 344.3479, 356.0298, 0.0856, 0.0856 
3.536826, -0.02556305, -0.3700403, 0.1493853, 358.0645, 344.3311, 355.8961, 0.0856, 0.0856 
3.553546, -0.02586776, -0.3739682, 0.151305, 358.054, 344.4513, 356.0194, 0.0856, 0.0856 
3.570163, -0.02623136, -0.3763763, 0.1523294, 357.6536, 344.6271, 356.3992, 0.0856, 0.0856 
3.586969, -0.02672082, -0.3797967, 0.1535197, 357.6533, 344.6801, 356.4456, 0.0856, 0.0856 
3.60352, -0.02633261, -0.3807793, 0.1536688, 356.5621, 344.7751, 356.9058, 0.0856, 0.0856 
3.620169, -0.02586237, -0.3748495, 0.1510269, 357.1907, 344.8944, 357.301, 0.0856, 0.0856 
3.636921, -0.02572121, -0.371493, 0.1498057, 357.5633, 344.6735, 356.8018, 0.0856, 0.0856 
3.65359, -0.02596795, -0.3705173, 0.1496699, 358.0073, 344.5138, 356.2259, 0.0856, 0.0856 
3.670392, -0.02599568, -0.3767672, 0.1525481, 357.8616, 344.584, 356.1927, 0.0856, 0.0856 
3.686896, -0.0264794, -0.3816928, 0.1554185, 357.8981, 344.4983, 356.0993, 0.0856, 0.0856 
3.703499, -0.02585518, -0.3748446, 0.1519387, 358.3083, 344.5412, 356.2468, 0.0856, 0.0856 
3.720286, -0.02538116, -0.3707787, 0.1496924, 358.3428, 344.4518, 356.1519, 0.0856, 0.0856 
3.737024, -0.02524722, -0.3701707, 0.1492671, 358.2208, 344.3869, 356.1443, 0.0856, 0.0856 
3.753542, -0.02548951, -0.3713402, 0.1497716, 358.0031, 344.3351, 356.0554, 0.0856, 0.0856 
3.770225, -0.02589399, -0.3731255, 0.1506068, 357.5504, 344.3135, 355.9235, 0.0856, 0.0856 
3.786803, -0.02557334, -0.3778527, 0.1525174, 357.0709, 344.4713, 356.226, 0.0856, 0.0856 
3.803637, -0.02598613, -0.3825046, 0.1554292, 356.8498, 344.3676, 356.2623, 0.0856, 0.0856 
3.820222, -0.02497503, -0.3772998, 0.1527388, 357.2544, 344.4317, 356.3928, 0.0856, 0.0856 
3.836867, -0.02479614, -0.3698442, 0.148948, 358.0361, 344.463, 356.2499, 0.0856, 0.0856 
3.853556, -0.02490392, -0.3674769, 0.1477772, 358.2426, 344.4149, 355.9362, 0.0856, 0.0856 
3.870222, -0.02504179, -0.3682088, 0.1481841, 358.1048, 344.3546, 355.7679, 0.0856, 0.0856 
3.886919, -0.02514394, -0.3685718, 0.1484774, 358.1363, 344.3421, 355.7294, 0.0856, 0.0856 
3.903532, -0.02471446, -0.3707915, 0.1494042, 358.4368, 344.4494, 355.914, 0.0856, 0.0856 
3.920205, -0.02486327, -0.3677303, 0.1480547, 358.6772, 344.447, 355.91, 0.0856, 0.0856 
3.936882, -0.02476604, -0.367406, 0.1476107, 358.8735, 344.539, 355.9164, 0.0856, 0.0856 
3.95359, -0.02501182, -0.368104, 0.147935, 359.0362, 344.6465, 355.9023, 0.0856, 0.0856 
3.970207, -0.02485571, -0.3711156, 0.1495748, 358.0765, 344.5608, 355.9146, 0.0856, 0.0856 
3.986929, -0.02444661, -0.3732598, 0.151007, 358.0121, 344.5752, 356.1917, 0.0856, 0.0856 
4.003552, -0.02405109, -0.3707494, 0.1499625, 357.8238, 344.4114, 356.0906, 0.0856, 0.0856 
4.020188, -0.02373705, -0.3684963, 0.1486186, 357.436, 344.2296, 355.7457, 0.0856, 0.0856 
4.036891, -0.02406501, -0.366392, 0.1475933, 357.9264, 344.2675, 355.6485, 0.0856, 0.0856 
4.05358, -0.02343563, -0.3681642, 0.1478933, 357.9105, 344.263, 355.623, 0.0856, 0.0856 
4.070194, -0.02368372, -0.3652918, 0.1467276, 358.7581, 344.4703, 355.9199, 0.0856, 0.0856 
4.086859, -0.02507648, -0.3646124, 0.1473588, 358.5063, 344.4402, 355.7607, 0.0856, 0.0856 
4.103539, -0.02573932, -0.3637737, 0.1475562, 358.7015, 344.4587, 355.8135, 0.0856, 0.0856 
4.120282, -0.02605746, -0.363694, 0.1476469, 358.9376, 344.4497, 355.742, 0.0856, 0.0856 
4.136901, -0.02636135, -0.365073, 0.1482054, 359.0617, 344.5073, 355.6666, 0.0856, 0.0856 
4.153577, -0.02575249, -0.3676959, 0.1486906, 358.7551, 345.0494, 355.9215, 0.0856, 0.0856 
4.170218, -0.02652094, -0.3649276, 0.1472835, 358.4771, 345.8321, 355.4809, 0.0856, 0.0856 
4.18695, -0.02720566, -0.3624368, 0.145589, 358.7966, 347.1777, 355.6416, 0.0856, 0.0856 
4.203645, -0.02823419, -0.361882, 0.144643, 358.9312, 348.5691, 355.6125, 0.0856, 0.0856 
4.220236, -0.02880938, -0.3618105, 0.1437754, 359.2032, 349.9281, 355.6395, 0.0856, 0.0856 
4.236886, -0.02834428, -0.3642806, 0.1435545, 359.3283, 351.3158, 355.7884, 0.0856, 0.0856 
4.25352, -0.02868251, -0.36366, 0.142487, 359.2298, 352.3765, 355.4253, 0.0856, 0.0856 
4.270288, -0.02919487, -0.361181, 0.1408838, 359.6326, 353.5307, 355.2284, 0.0856, 0.0856 
4.28687, -0.02988652, -0.3611664, 0.1403045, 359.6796, 354.553, 355.3939, 0.0856, 0.0856 
4.303583, -0.0315372, -0.3620116, 0.1401074, 359.534, 355.5134, 355.6158, 0.0856, 0.0856 
4.320224, -0.03364845, -0.3622077, 0.1394713, 359.4617, 356.3693, 355.9153, 0.0856, 0.0856 
4.336883, -0.03611691, -0.3632743, 0.1387868, 359.1813, 356.8765, 356.1728, 0.0856, 0.0856 
4.353588, -0.03977196, -0.3636054, 0.1379578, 358.8488, 357.0039, 355.9326, 0.0856, 0.0856 
4.37019, -0.0441113, -0.3633276, 0.137246, 358.5719, 356.8953, 356.1571, 0.0856, 0.0856 
4.386963, -0.04854987, -0.362344, 0.136835, 358.4624, 356.4955, 356.2568, 0.0856, 0.0856 
4.403615, -0.05281931, -0.3614317, 0.1370278, 358.4322, 355.9416, 356.3124, 0.0856, 0.0856 
4.420319, -0.05650926, -0.3607747, 0.1377944, 358.2736, 355.2278, 355.9402, 0.0856, 0.0856 
4.436873, -0.05907819, -0.3589998, 0.1392457, 358.8549, 354.7516, 355.568, 0.0856, 0.0856 
4.453714, -0.05999136, -0.3605815, 0.1426758, 358.7373, 354.5092, 355.2298, 0.0856, 0.0856 
4.470461, -0.05928218, -0.360484, 0.1469347, 359.6272, 354.8788, 355.251, 0.0856, 0.0856 
4.486882, -0.05659577, -0.3626977, 0.1528274, 359.9729, 355.8545, 355.5178, 0.0856, 0.0856 
4.503501, -0.05200992, -0.3713365, 0.1608988, 358.0052, 357.1457, 356.7922, 0.0856, 0.0856 
4.520329, -0.04704757, -0.3717256, 0.1652055, 358.0871, 358.727, 358.457, 0.0856, 0.0856 
4.536979, -0.04182446, -0.3690805, 0.1668343, 358.4854, 0.211478, 358.5025, 0.0856, 0.0856 
4.553552, -0.03597623, -0.3686975, 0.1675908, 358.3588, 1.590208, 358.3619, 0.0856, 0.0856 
4.570222, -0.02948562, -0.368653, 0.1670355, 358.4254, 2.753371, 357.563, 0.0856, 0.0856 
4.586975, -0.02234774, -0.3718306, 0.1666842, 359.2862, 3.980872, 357.2363, 0.0856, 0.0856 
4.603555, -0.01591181, -0.3716086, 0.1637475, 0.5371473, 5.049582, 356.7738, 0.0856, 0.0856 
4.620259, -0.01074915, -0.3686928, 0.1594228, 0.6063744, 5.899453, 356.3771, 0.0856, 0.0856 
4.636916, -0.00496579, -0.3688209, 0.1555217, 1.024567, 6.847995, 355.9399, 0.0856, 0.0856 
4.653554, -0.0005221516, -0.3640852, 0.1500262, 1.795029, 7.922859, 355.7003, 0.0856, 0.0856 
4.670314, 0.002287865, -0.3624785, 0.1448336, 2.997313, 8.681184, 355.4271, 0.0856, 0.0856 
4.686892, 0.003821377, -0.3647317, 0.1391419, 3.212253, 8.833384, 355.1528, 0.0856, 0.0856 
4.703571, 0.002198234, -0.3651769, 0.132797, 4.01218, 8.941855, 356.0203, 0.0856, 0.0856 
4.720223, -0.0009592324, -0.3668407, 0.1267091, 4.216578, 8.610048, 357.0277, 0.0856, 0.0856 
4.736911, -0.005543441, -0.3689717, 0.1207825, 3.793316, 7.951541, 358.1104, 0.0856, 0.0856 
4.753579, -0.01403758, -0.3587081, 0.1120771, 357.0379, 8.61487, 16.97551, 0.0856, 0.0856 
4.770235, -0.02029113, -0.3673514, 0.1082353, 340.7968, 4.340739, 16.20456, 0.0856, 0.0856 
4.786942, -0.02677648, -0.3672349, 0.1057143, 351.9217, 3.92979, 5.169519, 0.0856, 0.0856 
4.803557, -0.03369083, -0.3636027, 0.1041508, 356.8774, 2.399257, 359.2324, 0.0856, 0.0856 
4.820247, -0.03985153, -0.3621085, 0.1052227, 359.2656, 1.242618, 356.3265, 0.0856, 0.0856 
4.836911, -0.04618302, -0.3612975, 0.1076788, 0.4604642, 0.4483165, 355.4165, 0.0856, 0.0856 
4.853677, -0.05245373, -0.3603546, 0.1115133, 1.433013, 359.761, 354.6566, 0.0856, 0.0856 
4.870311, -0.05747045, -0.3591069, 0.1169257, 2.353394, 359.2847, 354.1741, 0.0856, 0.0856 
4.886909, -0.06086021, -0.3581544, 0.1237951, 2.991606, 359.1391, 353.5592, 0.0856, 0.0856 
4.903603, -0.06260249, -0.3586767, 0.1324278, 3.268705, 359.4948, 353.1142, 0.0856, 0.0856 
4.920352, -0.06268789, -0.3595478, 0.1415349, 3.587059, 0.2505113, 353.44, 0.0856, 0.0856 
4.936867, -0.06195669, -0.360332, 0.1491973, 2.903984, 1.108608, 354.7458, 0.0856, 0.0856 
4.953642, -0.06037524, -0.3614441, 0.1554396, 1.676942, 2.004674, 356.4036, 0.0856, 0.0856 
4.970252, -0.05743046, -0.368744, 0.1627319, 358.5084, 3.043405, 358.4677, 0.0856, 0.0856 
4.986964, -0.05333676, -0.3681955, 0.1659463, 357.6333, 3.920857, 359.059, 0.0856, 0.0856 
5.003577, -0.04795048, -0.3693201, 0.168116, 357.1143, 4.740976, 358.8499, 0.0856, 0.0856 
5.020233, -0.04171994, -0.3683463, 0.1680004, 357.3341, 5.42171, 357.7122, 0.0856, 0.0856 
5.036888, -0.03462572, -0.3703279, 0.1673908, 357.7123, 6.21033, 357.3983, 0.0856, 0.0856 
5.053572, -0.02797798, -0.3726199, 0.1653045, 358.853, 7.013598, 357.264, 0.0856, 0.0856 
5.070271, -0.02274597, -0.3708044, 0.1600702, 0.1288558, 7.387111, 356.5656, 0.0856, 0.0856 
5.086905, -0.01922409, -0.3641567, 0.151562, 1.708496, 7.366124, 355.5752, 0.0856, 0.0856 
5.103594, -0.01712481, -0.361776, 0.1443163, 3.452552, 7.158523, 355.0508, 0.0856, 0.0856 
5.120305, -0.01679928, -0.3628125, 0.1375172, 4.625506, 6.75018, 355.1585, 0.0856, 0.0856 
5.136925, -0.01835188, -0.3655311, 0.130639, 5.250212, 6.215882, 355.907, 0.0856, 0.0856 
5.153558, -0.02153553, -0.3674623, 0.1238107, 5.342008, 5.586916, 356.8492, 0.0856, 0.0856 
5.170226, -0.02590642, -0.3700302, 0.1179731, 4.780109, 4.857777, 357.6223, 0.0856, 0.0856 
5.186917, -0.03228938, -0.3701718, 0.1105355, 339.7589, 3.76979, 5.933558, 0.0856, 0.0856 
5.203556, -0.03957919, -0.3682983, 0.1055948, 330.3622, 1.750794, 9.891243, 0.0856, 0.0856 
5.220228, -0.04777871, -0.3668741, 0.1025469, 329.5864, 0.5080238, 11.02326, 0.0856, 0.0856 
5.23693, -0.05617851, -0.3692467, 0.1026439, 339.7701, 0.5592285, 8.377879, 0.0856, 0.0856 
5.253583, -0.06427176, -0.3634585, 0.1023745, 351.26, 359.9601, 1.911025, 0.0856, 0.0856 
5.270314, -0.07163472, -0.3582832, 0.103665, 357.2498, 358.9332, 359.0444, 0.0856, 0.0856 
5.286894, -0.0775416, -0.3567656, 0.1076549, 0.8447406, 357.9196, 356.5034, 0.0856, 0.0856 
5.303786, -0.08152916, -0.3562668, 0.1138894, 2.931711, 357.3175, 354.6445, 0.0856, 0.0856 
5.320269, -0.08354405, -0.3571475, 0.1220604, 4.262332, 357.2266, 353.7448, 0.0856, 0.0856 
5.337014, -0.08404818, -0.3588623, 0.1310103, 4.225188, 357.6937, 354.3546, 0.0856, 0.0856 
5.35362, -0.08287033, -0.3632198, 0.1406129, 2.937377, 358.4987, 356.1107, 0.0856, 0.0856 
5.370343, -0.07964817, -0.3677912, 0.1497088, 0.9116578, 359.733, 358.7784, 0.0856, 0.0856 
5.386937, -0.07366987, -0.3688251, 0.1568087, 359.1494, 1.452402, 1.831697, 0.0856, 0.0856 
5.403584, -0.06594872, -0.3678758, 0.1623401, 357.7608, 3.490889, 3.581384, 0.0856, 0.0856 
5.420284, -0.0577967, -0.3661089, 0.1652227, 357.1263, 4.960495, 3.350013, 0.0856, 0.0856 
5.43694, -0.04999357, -0.3645351, 0.1656452, 357.2526, 5.951668, 1.477822, 0.0856, 0.0856 
5.453696, -0.04242627, -0.3640617, 0.1643147, 358.1661, 6.763028, 359.1044, 0.0856, 0.0856 
5.470357, -0.03530835, -0.3697065, 0.1632687, 359.1326, 7.363201, 357.242, 0.0856, 0.0856 
5.486938, -0.02864278, -0.3719734, 0.1594766, 0.3270972, 7.713949, 355.7971, 0.0856, 0.0856 
5.503707, -0.02307541, -0.3696439, 0.1531114, 2.5925, 7.676803, 354.4978, 0.0856, 0.0856 
5.520293, -0.01988148, -0.3635783, 0.1449704, 3.711892, 7.295269, 353.9412, 0.0856, 0.0856 
5.53699, -0.01834241, -0.3621483, 0.1382396, 4.511944, 6.847526, 353.9319, 0.0856, 0.0856 
5.553617, -0.01868314, -0.3613508, 0.1314499, 4.601352, 6.227357, 354.1399, 0.0856, 0.0856 
5.570254, -0.02081547, -0.3613017, 0.1254396, 4.184303, 5.582289, 354.7293, 0.0856, 0.0856 
5.587014, -0.02437706, -0.3621442, 0.1200559, 2.600477, 5.001123, 355.6084, 0.0856, 0.0856 
5.603758, -0.02868375, -0.3632344, 0.116551, 0.3761347, 4.45546, 356.1396, 0.0856, 0.0856 
5.620344, -0.03399967, -0.3625947, 0.1141519, 359.2672, 4.02558, 356.3507, 0.0856, 0.0856 
5.636914, -0.03986586, -0.3616939, 0.1130692, 358.8851, 3.541143, 355.8375, 0.0856, 0.0856 
5.653615, -0.04578586, -0.3621401, 0.1140308, 358.744, 2.951503, 354.6662, 0.0856, 0.0856 
5.670297, -0.0522513, -0.3613662, 0.1159146, 359.0878, 2.460747, 354.3534, 0.0856, 0.0856 
5.687102, -0.05823407, -0.3590992, 0.1183491, 359.8095, 1.985778, 354.486, 0.0856, 0.0856 
5.703773, -0.06343667, -0.3574691, 0.1219348, 0.5807118, 1.407987, 354.3161, 0.0856, 0.0856 
5.720315, -0.06706085, -0.3571567, 0.127179, 1.463422, 0.9362333, 354.0569, 0.0856, 0.0856 
5.736944, -0.06904808, -0.3572301, 0.1336032, 2.144714, 0.6850675, 353.7639, 0.0856, 0.0856 
5.753576, -0.06960739, -0.3577696, 0.1402934, 2.203937, 0.7304015, 354.009, 0.0856, 0.0856 
5.770507, -0.06899566, -0.3599196, 0.1467889, 1.220566, 1.049654, 355.5832, 0.0856, 0.0856 
5.787004, -0.06652796, -0.3703494, 0.1553787, 356.6323, 1.85268, 359.2847, 0.0856, 0.0856 
5.803663, -0.06273587, -0.372981, 0.160668, 354.1619, 2.559747, 2.179504, 0.0856, 0.0856 
5.820331, -0.05707294, -0.3671772, 0.1620528, 354.9501, 3.346465, 2.123179, 0.0856, 0.0856 
5.836947, -0.05086877, -0.3636338, 0.1629226, 355.6624, 4.173295, 0.9938365, 0.0856, 0.0856 
5.853664, -0.0448334, -0.3640571, 0.1637983, 355.9999, 5.00581, 359.3727, 0.0856, 0.0856 
5.870286, -0.03897509, -0.3686006, 0.1647601, 356.3216, 5.782547, 358.1582, 0.0856, 0.0856 
5.886999, -0.03397326, -0.370001, 0.1632123, 357.7448, 6.375144, 356.6608, 0.0856, 0.0856 
5.903636, -0.02953106, -0.3694153, 0.1601288, 359.2833, 6.720512, 355.2143, 0.0856, 0.0856 
5.920364, -0.02612519, -0.3680304, 0.156092, 0.6204395, 6.878686, 354.367, 0.0856, 0.0856 
5.93695, -0.02442634, -0.3622635, 0.1499119, 1.325237, 6.698445, 354.116, 0.0856, 0.0856 
5.953699, -0.02370636, -0.3598129, 0.1449555, 1.948387, 6.351662, 354.1033, 0.0856, 0.0856 
5.970351, -0.02340085, -0.3629159, 0.1414065, 1.289391, 5.723425, 353.8816, 0.0856, 0.0856 
5.987056, -0.02470872, -0.3623405, 0.136856, 1.321988, 5.458373, 354.8127, 0.0856, 0.0856 
6.003665, -0.02651118, -0.36137, 0.132934, 0.6057863, 4.978171, 355.1573, 0.0856, 0.0856 
6.020302, -0.02844577, -0.3605135, 0.1302833, 0.2126875, 4.621736, 355.2842, 0.0856, 0.0856 
6.036996, -0.03048841, -0.3595447, 0.1289699, 0.1254384, 4.473819, 355.291, 0.0856, 0.0856 
6.053618, -0.03254657, -0.3597264, 0.1291329, 359.9804, 4.511227, 355.1267, 0.0856, 0.0856 
6.070328, -0.03468402, -0.3622731, 0.1305647, 359.3588, 4.404506, 354.2846, 0.0856, 0.0856 
6.086978, -0.03755261, -0.361628, 0.1312627, 359.5797, 4.485349, 354.8096, 0.0856, 0.0856 
6.103692, -0.04058124, -0.3602996, 0.1316458, 359.6865, 4.211166, 355.0511, 0.0856, 0.0856 
6.120317, -0.04288894, -0.3601573, 0.1331001, 359.8231, 3.692781, 354.8662, 0.0856, 0.0856 
6.13705, -0.04376168, -0.3619902, 0.1353198, 359.357, 3.133871, 354.9643, 0.0856, 0.0856 
6.15362, -0.04471908, -0.3609433, 0.1373269, 359.8935, 2.829489, 355.1568, 0.0856, 0.0856 
6.170611, -0.04558059, -0.3606056, 0.1393334, 0.00683692, 2.474995, 355.233, 0.0856, 0.0856 
6.187108, -0.04646878, -0.3600163, 0.1408713, 0.1665848, 2.046619, 355.6246, 0.0856, 0.0856 
6.203652, -0.04678718, -0.3630274, 0.1432011, 0.1821229, 1.565671, 355.4374, 0.0856, 0.0856 
6.220316, -0.04755779, -0.3639246, 0.1441211, 359.4133, 1.2126, 356.3559, 0.0856, 0.0856 
6.237049, -0.04883941, -0.3620733, 0.1437784, 359.4102, 0.8892884, 356.4921, 0.0856, 0.0856 
6.253725, -0.04954566, -0.3606609, 0.1434587, 359.4288, 0.581273, 356.3365, 0.0856, 0.0856 
6.270329, -0.04933215, -0.3596614, 0.1433634, 359.674, 0.3916918, 356.4135, 0.0856, 0.0856 
6.287005, -0.04846705, -0.3594523, 0.1434843, 0.1081873, 0.4027098, 356.6018, 0.0856, 0.0856 
6.303673, -0.04750443, -0.3609919, 0.143684, 0.1845478, 0.4767163, 356.5152, 0.0856, 0.0856 
6.320433, -0.04723116, -0.3620909, 0.1437462, 0.3508811, 0.6805338, 356.549, 0.0856, 0.0856 
6.337036, -0.04803766, -0.3596718, 0.1431576, 0.8661876, 0.6972873, 356.4346, 0.0856, 0.0856 
6.353663, -0.04868833, -0.3601139, 0.1437337, 0.3572894, 0.5504488, 356.3691, 0.0856, 0.0856 
6.370289, -0.04843801, -0.3621661, 0.1447957, 359.0948, 0.3174165, 356.2088, 0.0856, 0.0856 
6.386971, -0.04787074, -0.3649001, 0.1460216, 358.8553, 0.354688, 356.31, 0.0856, 0.0856 
6.403771, -0.04801795, -0.3637277, 0.1454858, 358.8688, 0.4483083, 356.4287, 0.0856, 0.0856 
6.420331, -0.04860653, -0.3628034, 0.1448593, 359.1569, 0.4963097, 356.503, 0.0856, 0.0856 
6.436977, -0.04873263, -0.3650489, 0.1454573, 358.6, 0.4765058, 356.8515, 0.0856, 0.0856 
6.45375, -0.0497533, -0.3616085, 0.1448895, 359.2174, 0.5293399, 356.6057, 0.0856, 0.0856 
6.470339, -0.0492495, -0.363171, 0.1455434, 359.0698, 0.4125246, 356.2435, 0.0856, 0.0856 
6.486984, -0.04937875, -0.3647858, 0.1472983, 358.8466, 0.5828622, 356.2001, 0.0856, 0.0856 
6.503831, -0.04943801, -0.3653393, 0.1473355, 359.3933, 0.4625896, 355.5857, 0.0856, 0.0856 
6.520432, -0.04961193, -0.3671266, 0.1479007, 359.3888, 0.5526531, 355.3811, 0.0856, 0.0856 
6.537029, -0.05028867, -0.3680673, 0.1479915, 358.3516, 0.4081081, 355.347, 0.0856, 0.0856 
6.553773, -0.05064031, -0.3705373, 0.1488635, 357.0612, 0.3039932, 355.226, 0.0856, 0.0856 
6.57041, -0.05024505, -0.3739811, 0.1503909, 355.7165, 0.326286, 355.0113, 0.0856, 0.0856 
6.586985, -0.04941135, -0.3734911, 0.1507728, 355.9662, 0.458444, 355.2492, 0.0856, 0.0856 
6.603712, -0.04868423, -0.3743116, 0.1510787, 357.0689, 0.7728616, 356.0049, 0.0856, 0.0856 
6.620343, -0.04947884, -0.3687807, 0.1491565, 357.8323, 0.71737, 356.0214, 0.0856, 0.0856 
6.637032, -0.05034204, -0.3649715, 0.1476374, 358.4641, 0.5488644, 355.8317, 0.0856, 0.0856 
6.653743, -0.05065379, -0.3645816, 0.1472833, 358.7964, 0.4252241, 355.6439, 0.0856, 0.0856 
6.670345, -0.05102082, -0.3650535, 0.1471787, 358.8685, 0.356306, 355.3513, 0.0856, 0.0856 
6.687025, -0.05086404, -0.3668759, 0.1474585, 358.4045, 0.1985669, 355.0247, 0.0856, 0.0856 
6.703675, -0.05093395, -0.368882, 0.1482995, 357.6554, 0.1584444, 354.7258, 0.0856, 0.0856 
6.720335, -0.05168846, -0.3677687, 0.1486078, 358.161, 0.0209443, 353.7146, 0.0856, 0.0856 
6.737007, -0.05196139, -0.3674733, 0.1489954, 358.9565, 0.02177263, 353.3462, 0.0856, 0.0856 
6.753675, -0.05121313, -0.3688812, 0.1492285, 359.0891, 0.3782367, 354.5953, 0.0856, 0.0856 
6.770374, -0.05053701, -0.3712514, 0.1499889, 359.3092, 0.1388027, 354.6599, 0.0856, 0.0856 
6.78699, -0.05162978, -0.3662393, 0.1476685, 359.2516, 0.3765451, 355.328, 0.0856, 0.0856 
6.803683, -0.0532728, -0.3624863, 0.1463249, 359.3887, 0.3484009, 354.7324, 0.0856, 0.0856 
6.820366, -0.05409242, -0.3623891, 0.1467457, 359.6108, 0.1708281, 353.7081, 0.0856, 0.0856 
6.836992, -0.05466232, -0.3614836, 0.1467071, 359.6672, 0.1489817, 353.5005, 0.0856, 0.0856 
6.853688, -0.05400877, -0.3620819, 0.1468498, 359.385, 0.1785037, 353.8302, 0.0856, 0.0856 
6.870359, -0.05264622, -0.3632554, 0.1471877, 359.4043, 0.09644952, 353.8019, 0.0856, 0.0856 
6.887039, -0.05260637, -0.3612206, 0.1456188, 359.7943, 0.3494645, 354.9994, 0.0856, 0.0856 
6.903713, -0.05361186, -0.3585668, 0.1448184, 359.9106, 0.3995113, 355.3171, 0.0856, 0.0856 
6.920422, -0.05343769, -0.3586669, 0.1447789, 0.01543194, 0.4019561, 355.5233, 0.0856, 0.0856 
6.937076, -0.05349398, -0.3585678, 0.1449609, 359.9464, 0.3383632, 355.3793, 0.0856, 0.0856 
6.953695, -0.05348405, -0.3579181, 0.1448041, 359.9168, 0.3611028, 355.4134, 0.0856, 0.0856 
6.970415, -0.05319969, -0.357851, 0.1447053, 0.05868363, 0.5124376, 355.4688, 0.0856, 0.0856 
6.987037, -0.0524864, -0.3582056, 0.1444432, 359.9853, 0.4614446, 355.2293, 0.0856, 0.0856 
7.003702, -0.05215883, -0.3595762, 0.1447963, 0.1110229, 0.5106536, 355.3575, 0.0856, 0.0856 
7.020387, -0.05175835, -0.3607926, 0.1451741, 0.100788, 0.4304835, 355.2729, 0.0856, 0.0856 
7.037017, -0.05138333, -0.3620074, 0.1455476, 0.3240941, 0.5578937, 355.4205, 0.0856, 0.0856 
7.053699, -0.0508204, -0.3629074, 0.1456613, 0.5210277, 0.6932091, 355.5143, 0.0856, 0.0856 
7.070364, -0.05018279, -0.3636087, 0.1457897, 0.6982555, 0.7219216, 355.3626, 0.0856, 0.0856 
7.087031, -0.05000271, -0.3624183, 0.1451425, 0.8002723, 0.7127011, 355.2528, 0.0856, 0.0856 
7.10371, -0.04920061, -0.3636844, 0.1451231, 0.7000288, 0.8604699, 355.8331, 0.0856, 0.0856 
7.120352, -0.04858257, -0.36581, 0.1458404, 0.7100708, 0.8140498, 355.8746, 0.0856, 0.0856 
7.137044, -0.05241157, -0.3556347, 0.1426433, 0.3975672, 0.5961879, 355.5586, 0.0856, 0.0856 
7.153697, -0.05384271, -0.3516016, 0.1411852, 0.1842739, 0.4757079, 355.3078, 0.0856, 0.0856 
7.170401, -0.0537702, -0.3519744, 0.1412558, 0.03963755, 0.3484556, 355.1418, 0.0856, 0.0856 
7.187009, -0.05326433, -0.3536005, 0.142123, 359.856, 0.2332157, 354.996, 0.0856, 0.0856 
7.203682, -0.05280097, -0.3549733, 0.1426061, 359.8642, 0.228193, 355.231, 0.0856, 0.0856 
7.220374, -0.05266775, -0.3555409, 0.142808, 359.8681, 0.2367062, 355.3997, 0.0856, 0.0856 
7.237132, -0.05206287, -0.3566795, 0.1435468, 359.7301, 0.08817232, 355.399, 0.0856, 0.0856 
7.2537, -0.05274071, -0.3554601, 0.1431206, 359.7184, 0.1050727, 355.3301, 0.0856, 0.0856 
7.27037, -0.05278967, -0.3558647, 0.1430337, 359.7873, 0.08513381, 355.3349, 0.0856, 0.0856 
7.287032, -0.05279495, -0.3564292, 0.1433884, 359.9332, 0.1319231, 355.2432, 0.0856, 0.0856 
7.303903, -0.05293426, -0.3562582, 0.1434757, 0.05096179, 0.1509694, 355.1371, 0.0856, 0.0856 
7.320395, -0.05268304, -0.3563343, 0.1435319, 0.1313675, 0.1613847, 355.1588, 0.0856, 0.0856 
7.337058, -0.05063248, -0.3597883, 0.143914, 359.9484, 0.06522323, 355.2907, 0.0856, 0.0856 
7.353735, -0.05136639, -0.3580067, 0.1435613, 359.8593, 359.9771, 355.1952, 0.0856, 0.0856 
7.370491, -0.05140206, -0.3575386, 0.1434112, 359.4012, 359.6853, 354.7318, 0.0856, 0.0856 
7.387101, -0.05149251, -0.3582584, 0.1447134, 359.168, 359.1708, 354.38, 0.0856, 0.0856 
7.403745, -0.05112889, -0.3587545, 0.1447069, 359.8556, 359.5686, 355.0376, 0.0856, 0.0856 
7.420388, -0.04996759, -0.3593026, 0.1444629, 359.7521, 359.6358, 355.1613, 0.0856, 0.0856 
7.437078, -0.05021559, -0.357445, 0.1438842, 359.9114, 359.7669, 355.2379, 0.0856, 0.0856 
7.453752, -0.05047254, -0.3560672, 0.1432615, 359.9255, 359.9939, 355.5309, 0.0856, 0.0856 
7.470456, -0.05031595, -0.3552659, 0.1426636, 359.7973, 0.04963675, 355.508, 0.0856, 0.0856 
7.487081, -0.05002321, -0.3552476, 0.1425146, 359.6315, 0.04849876, 355.0976, 0.0856, 0.0856 
7.503718, -0.0501754, -0.3541673, 0.1421711, 359.7926, 0.04591639, 354.5013, 0.0856, 0.0856 
7.520391, -0.04940473, -0.3544931, 0.1421543, 359.781, 0.0525804, 353.9007, 0.0856, 0.0856 
7.537062, -0.04876204, -0.3555554, 0.142258, 359.6475, 0.1464308, 353.5882, 0.0856, 0.0856 
7.553747, -0.04872911, -0.355397, 0.1421404, 359.5948, 0.120393, 353.371, 0.0856, 0.0856 
7.570458, -0.04886323, -0.3549654, 0.142284, 359.5308, 359.9826, 353.3269, 0.0856, 0.0856 
7.587111, -0.04896778, -0.3554882, 0.1426863, 359.3221, 359.9603, 354.1089, 0.0856, 0.0856 
7.603703, -0.04903846, -0.355296, 0.1428355, 359.2304, 359.8118, 354.177, 0.0856, 0.0856 
7.620563, -0.04870143, -0.3548687, 0.1428257, 359.4009, 359.829, 354.3047, 0.0856, 0.0856 
7.637202, -0.04795789, -0.3553633, 0.1425325, 359.4533, 359.8578, 354.5605, 0.0856, 0.0856 
7.65416, -0.04725114, -0.3544438, 0.141564, 359.588, 359.9253, 354.3437, 0.0856, 0.0856 
7.687523, -0.04690955, -0.3565274, 0.1424018, 359.1231, 359.9012, 353.5861, 0.0856, 0.0856 
7.703675, -0.04658251, -0.3584591, 0.1430292, 358.6478, 359.9308, 353.2118, 0.0856, 0.0856 
7.72064, -0.04661569, -0.3594795, 0.1432677, 358.4976, 0.00039568, 353.2727, 0.0856, 0.0856 
7.737266, -0.04677697, -0.3584241, 0.1426554, 358.7881, 359.9797, 353.3809, 0.0856, 0.0856 
7.753694, -0.04672961, -0.3577822, 0.1424432, 359.2367, 0.03768111, 353.7236, 0.0856, 0.0856 
7.770374, -0.04672559, -0.3589245, 0.1429431, 359.2371, 0.001739474, 353.6981, 0.0856, 0.0856 
7.78704, -0.04732628, -0.3593106, 0.1428158, 359.7429, 359.9753, 353.5875, 0.0856, 0.0856 
7.803714, -0.04730458, -0.3597776, 0.1425984, 0.3430354, 359.9773, 353.6171, 0.0856, 0.0856 
7.820378, -0.04730287, -0.3605815, 0.1428194, 0.6624916, 359.9526, 353.5226, 0.0856, 0.0856 
7.837142, -0.047372, -0.3613901, 0.143509, 0.4886433, 359.985, 353.5096, 0.0856, 0.0856 
7.853703, -0.04754909, -0.3613612, 0.1438995, 0.1597852, 0.01741423, 353.7786, 0.0856, 0.0856 
7.870412, -0.04827674, -0.3624552, 0.1445767, 359.4665, 359.9211, 354.0107, 0.0856, 0.0856 
7.887187, -0.05000863, -0.3645092, 0.1445628, 359.3309, 359.5229, 353.9976, 0.0856, 0.0856 
7.90374, -0.04988426, -0.3627924, 0.1440207, 359.6073, 359.3723, 354.4052, 0.0856, 0.0856 
7.920393, -0.04924383, -0.3597639, 0.1434295, 0.3669342, 359.3714, 354.0536, 0.0856, 0.0856 
7.937209, -0.04920861, -0.3607692, 0.1442644, 0.2901834, 359.4991, 353.7499, 0.0856, 0.0856 
7.95378, -0.04910477, -0.361262, 0.1446173, 0.07153794, 359.7187, 353.8633, 0.0856, 0.0856 
7.970432, -0.04909113, -0.361077, 0.1440323, 359.9505, 359.8023, 354.254, 0.0856, 0.0856 
7.987114, -0.04962244, -0.3602671, 0.1434424, 0.2043703, 359.6707, 354.6362, 0.0856, 0.0856 
8.003833, -0.04992615, -0.3591053, 0.1436628, 359.9804, 359.5616, 354.6093, 0.0856, 0.0856 
8.020435, -0.05022682, -0.3593956, 0.1443308, 359.6948, 359.4867, 354.6176, 0.0856, 0.0856 
8.03715, -0.05016741, -0.3606111, 0.14493, 359.4006, 359.5844, 354.6849, 0.0856, 0.0856 
8.053833, -0.05025934, -0.3619664, 0.1451439, 359.1592, 359.6653, 354.6163, 0.0856, 0.0856 
8.070454, -0.05012586, -0.3608376, 0.144103, 359.4443, 359.6546, 354.6913, 0.0856, 0.0856 
8.08709, -0.05004362, -0.3611521, 0.1435157, 359.6736, 359.5967, 354.446, 0.0856, 0.0856 
8.103757, -0.04990917, -0.3610208, 0.1434943, 359.7362, 359.5244, 354.232, 0.0856, 0.0856 
8.120452, -0.05021351, -0.3625477, 0.1442994, 359.8326, 359.4743, 354.0628, 0.0856, 0.0856 
8.137066, -0.04831864, -0.3574955, 0.1434423, 359.565, 359.6013, 354.5486, 0.0856, 0.0856 
8.153771, -0.04868117, -0.3608774, 0.1458082, 358.7132, 0.0139013, 354.4438, 0.0856, 0.0856 
8.170398, -0.04858126, -0.3616089, 0.1455584, 358.7541, 0.100513, 354.8597, 0.0856, 0.0856 
8.187107, -0.04878922, -0.3625151, 0.1443539, 358.5869, 0.143711, 354.6846, 0.0856, 0.0856 
8.20389, -0.04807394, -0.3601491, 0.1427476, 359.2596, 359.9908, 354.1922, 0.0856, 0.0856 
8.220442, -0.04748193, -0.3581055, 0.1422303, 359.6912, 359.771, 354.0724, 0.0856, 0.0856 
8.237125, -0.04736038, -0.357083, 0.1426867, 359.7694, 359.6463, 354.1452, 0.0856, 0.0856 
8.253765, -0.04769135, -0.3577003, 0.1433539, 359.442, 359.6575, 354.2166, 0.0856, 0.0856 
8.270465, -0.0480849, -0.3577671, 0.142963, 359.2703, 359.6861, 354.1095, 0.0856, 0.0856 
8.287122, -0.04848531, -0.3577008, 0.1426127, 359.4124, 359.6806, 353.9591, 0.0856, 0.0856 
8.3038, -0.0482793, -0.3574518, 0.1430521, 359.343, 359.7193, 354.0163, 0.0856, 0.0856 
8.320436, -0.04846749, -0.3577523, 0.1438172, 359.1873, 359.7439, 354.1896, 0.0856, 0.0856 
8.33711, -0.04883943, -0.358266, 0.1441646, 359.1383, 359.7385, 354.3781, 0.0856, 0.0856 
8.353806, -0.04960045, -0.3587291, 0.1439781, 359.2449, 359.62, 354.2408, 0.0856, 0.0856 
8.370459, -0.04964656, -0.3582213, 0.1436436, 359.0802, 359.6469, 354.3153, 0.0856, 0.0856 
8.38708, -0.04980376, -0.3589608, 0.1437441, 359.1717, 359.5769, 354.2228, 0.0856, 0.0856 
8.403769, -0.04928853, -0.3585081, 0.143577, 359.3233, 359.5917, 354.3633, 0.0856, 0.0856 
8.420433, -0.0496632, -0.3591179, 0.1439739, 359.308, 359.625, 354.4084, 0.0856, 0.0856 
8.437121, -0.05003332, -0.3594442, 0.1441582, 359.4242, 359.5709, 354.3261, 0.0856, 0.0856 
8.453857, -0.05018441, -0.3596213, 0.1441322, 359.2752, 359.5978, 354.3194, 0.0856, 0.0856 
8.470496, -0.05010432, -0.3593385, 0.1439033, 359.3779, 359.5768, 354.2785, 0.0856, 0.0856 
8.48712, -0.05042505, -0.3594166, 0.1438908, 359.472, 359.5338, 354.21, 0.0856, 0.0856 
8.503764, -0.05100901, -0.3602901, 0.1443101, 359.5453, 359.5212, 354.2471, 0.0856, 0.0856 
8.520429, -0.05185783, -0.3618189, 0.1448665, 359.6271, 359.5185, 354.298, 0.0856, 0.0856 
8.537109, -0.0503415, -0.3593318, 0.1439812, 359.4785, 359.6196, 354.4863, 0.0856, 0.0856 
8.553783, -0.04973169, -0.3586723, 0.1438045, 359.399, 359.7373, 354.5829, 0.0856, 0.0856 
8.57055, -0.0498087, -0.3587132, 0.1439959, 359.2254, 359.8762, 354.7541, 0.0856, 0.0856 
8.587106, -0.05061576, -0.3590255, 0.1440632, 359.286, 359.7781, 354.5567, 0.0856, 0.0856 
8.603771, -0.05171736, -0.3599397, 0.144646, 359.2411, 359.7924, 354.6663, 0.0856, 0.0856 
8.620494, -0.05153935, -0.3592098, 0.1444766, 358.971, 359.7813, 354.5718, 0.0856, 0.0856 
8.637132, -0.05085002, -0.3584445, 0.1441492, 358.9987, 359.7735, 354.4585, 0.0856, 0.0856 
8.653858, -0.05090019, -0.3588354, 0.1442343, 359.127, 359.6948, 354.2523, 0.0856, 0.0856 
8.670513, -0.05035362, -0.3580543, 0.1439545, 359.1893, 359.7297, 354.339, 0.0856, 0.0856 
8.687126, -0.05051856, -0.3581712, 0.1439104, 359.2711, 359.679, 354.3333, 0.0856, 0.0856 
8.703809, -0.05064523, -0.3580576, 0.1438699, 359.3817, 359.5853, 354.303, 0.0856, 0.0856 
8.720468, -0.05052905, -0.3577495, 0.1438671, 359.2107, 359.6718, 354.4023, 0.0856, 0.0856 
8.737178, -0.05079612, -0.3586134, 0.1441488, 359.1834, 359.6169, 354.4061, 0.0856, 0.0856 
8.75383, -0.05127998, -0.3601089, 0.1446411, 359.1818, 359.6333, 354.4782, 0.0856, 0.0856 
8.77046, -0.05231269, -0.361923, 0.1452941, 359.197, 359.6442, 354.499, 0.0856, 0.0856 
8.787144, -0.05087805, -0.3582287, 0.1437819, 359.4236, 359.574, 354.4218, 0.0856, 0.0856 
8.803846, -0.05087458, -0.3578889, 0.1437987, 359.3579, 359.5508, 354.1703, 0.0856, 0.0856 
8.820477, -0.05123498, -0.3589782, 0.1443241, 359.2806, 359.7059, 354.4276, 0.0856, 0.0856 
8.837132, -0.05135421, -0.3588292, 0.1444438, 359.2351, 359.7621, 354.4012, 0.0856, 0.0856 
8.85389, -0.05109422, -0.3586074, 0.1448082, 359.4573, 359.6693, 354.0856, 0.0856, 0.0856 
8.870775, -0.04992961, -0.3567955, 0.1438773, 359.7303, 359.7003, 354.3696, 0.0856, 0.0856 
8.887137, -0.05021618, -0.3582591, 0.1441029, 359.8301, 359.8161, 354.2965, 0.0856, 0.0856 
8.903804, -0.05278563, -0.3649756, 0.1471993, 359.5227, 0.1418942, 354.447, 0.0856, 0.0856 
8.920485, -0.05351879, -0.3669577, 0.1482958, 359.38, 0.2434586, 354.4714, 0.0856, 0.0856 
8.937151, -0.05297875, -0.3659191, 0.1478654, 359.5274, 0.2483719, 354.5705, 0.0856, 0.0856 
8.953909, -0.05210788, -0.3638834, 0.1470139, 359.5365, 0.2051407, 354.5688, 0.0856, 0.0856 
8.970622, -0.05121998, -0.3616373, 0.1460735, 359.7351, 0.173436, 354.5599, 0.0856, 0.0856 
8.987131, -0.05075746, -0.360325, 0.1454798, 359.7848, 0.1405018, 354.4821, 0.0856, 0.0856 
9.003819, -0.05081239, -0.3609906, 0.1458105, 0.005975116, 0.08833, 354.0432, 0.0856, 0.0856 
9.020496, -0.04996517, -0.3577797, 0.1443617, 0.06102405, 359.9489, 354.3617, 0.0856, 0.0856 
9.037131, -0.04996019, -0.3581251, 0.14459, 0.05937589, 359.8799, 354.3092, 0.0856, 0.0856 
9.053844, -0.04995217, -0.3561763, 0.1435979, 0.2568958, 359.6519, 354.2895, 0.0856, 0.0856 
9.070514, -0.05145712, -0.3584968, 0.1443263, 359.5135, 359.8534, 354.9023, 0.0856, 0.0856 
9.087148, -0.05127381, -0.3563347, 0.1431597, 359.6232, 359.7632, 355.1402, 0.0856, 0.0856 
9.10383, -0.05098757, -0.3561434, 0.1430293, 359.3308, 359.6521, 355.1396, 0.0856, 0.0856 
9.120502, -0.05075224, -0.3561188, 0.1431286, 359.3653, 359.4697, 355.0876, 0.0856, 0.0856 
9.137162, -0.05118062, -0.3570974, 0.1437791, 359.2819, 359.3951, 355.033, 0.0856, 0.0856 
9.153778, -0.05282829, -0.3623505, 0.1461403, 358.901, 359.5628, 355.3977, 0.0856, 0.0856 
9.170529, -0.05261081, -0.3600814, 0.1449074, 358.7977, 359.6979, 355.7211, 0.0856, 0.0856 
9.187153, -0.05152692, -0.3558294, 0.1424256, 359.8908, 359.7085, 355.502, 0.0856, 0.0856 
9.203777, -0.05127127, -0.3564718, 0.1423464, 359.9582, 359.6875, 355.3507, 0.0856, 0.0856 
9.220435, -0.05100157, -0.3554159, 0.1418374, 0.577727, 359.6992, 355.4016, 0.0856, 0.0856 
9.237195, -0.05156069, -0.3560355, 0.1423361, 0.05836365, 359.7397, 355.2631, 0.0856, 0.0856 
9.253807, -0.05282856, -0.3601241, 0.1442834, 358.7692, 359.6466, 354.6843, 0.0856, 0.0856 
9.270497, -0.05324065, -0.3613616, 0.1447868, 358.5064, 359.8195, 355.0842, 0.0856, 0.0856 
9.287148, -0.05311609, -0.3603702, 0.1442558, 357.6454, 359.7773, 354.7214, 0.0856, 0.0856 
9.303834, -0.05308267, -0.3608212, 0.1443472, 357.6592, 359.876, 354.9125, 0.0856, 0.0856 
9.320499, -0.05280694, -0.3586842, 0.1433383, 358.4426, 0.001825729, 355.3472, 0.0856, 0.0856 
9.337202, -0.0530092, -0.3599072, 0.1439888, 358.3185, 359.9418, 355.1467, 0.0856, 0.0856 
9.35388, -0.05387289, -0.3624201, 0.1453722, 357.6678, 359.9399, 355.0555, 0.0856, 0.0856 
9.370514, -0.05461863, -0.3645194, 0.1465474, 356.7926, 359.7621, 354.6504, 0.0856, 0.0856 
9.387205, -0.0545039, -0.3634907, 0.1463208, 356.9252, 359.7217, 354.894, 0.0856, 0.0856 
9.403816, -0.05409011, -0.3621159, 0.1460626, 357.3953, 359.6539, 355.2257, 0.0856, 0.0856 
9.420505, -0.05330689, -0.362025, 0.1462004, 357.7067, 359.7451, 355.2996, 0.0856, 0.0856 
9.437182, -0.05293602, -0.3600288, 0.1453732, 358.1081, 359.6016, 355.196, 0.0856, 0.0856 
9.453956, -0.05261223, -0.3606299, 0.1450585, 358.112, 359.5069, 354.9781, 0.0856, 0.0856 
9.470564, -0.05205325, -0.3588346, 0.143704, 359.138, 359.4566, 355.155, 0.0856, 0.0856 
9.487183, -0.05211204, -0.3598729, 0.1440545, 359.3007, 359.3115, 355.031, 0.0856, 0.0856 
9.503959, -0.05232334, -0.3586233, 0.1439136, 359.6625, 359.3677, 355.1312, 0.0856, 0.0856 
9.520544, -0.05254056, -0.3592931, 0.1443618, 359.893, 359.3482, 355.1571, 0.0856, 0.0856 
9.537173, -0.05243054, -0.3582581, 0.1440454, 0.06307451, 359.4264, 355.2825, 0.0856, 0.0856 
9.553889, -0.05206808, -0.3587927, 0.1440737, 0.1069052, 359.5273, 355.3431, 0.0856, 0.0856 
9.570509, -0.05154166, -0.3590587, 0.1441178, 0.2403054, 359.7495, 355.0562, 0.0856, 0.0856 
9.587201, -0.0515801, -0.3604154, 0.1443629, 0.1659969, 0.07738245, 354.7974, 0.0856, 0.0856 
9.603876, -0.05203628, -0.3590932, 0.1435485, 0.2394037, 0.6362637, 354.917, 0.0856, 0.0856 
9.620545, -0.05311075, -0.3589481, 0.1426275, 0.4202486, 1.126572, 355.0479, 0.0856, 0.0856 
9.637317, -0.05475367, -0.3592023, 0.141299, 0.1706788, 1.571162, 355.1318, 0.0856, 0.0856 
9.653898, -0.05674727, -0.3592178, 0.1393497, 359.7757, 1.81604, 355.0473, 0.0856, 0.0856 
9.670553, -0.0587569, -0.3627515, 0.1381622, 359.8137, 1.814545, 354.3803, 0.0856, 0.0856 
9.687232, -0.06109526, -0.3599752, 0.1343463, 0.6918952, 1.59551, 354.5058, 0.0856, 0.0856 
9.703911, -0.06237468, -0.3594843, 0.1302976, 0.932234, 1.078676, 353.9451, 0.0856, 0.0856 
9.720551, -0.0616965, -0.3596206, 0.1261048, 0.8879462, 0.6632349, 353.6887, 0.0856, 0.0856 
9.737195, -0.05911889, -0.367657, 0.1245126, 358.0869, 0.9738176, 354.8312, 0.0856, 0.0856 
9.753883, -0.05445887, -0.3722198, 0.1229113, 354.8141, 1.615584, 357.1234, 0.0856, 0.0856 
9.770525, -0.0482472, -0.3712422, 0.1211597, 354.9354, 2.005744, 356.8541, 0.0856, 0.0856 
9.78718, -0.04120504, -0.3679109, 0.1197461, 356.0848, 2.236377, 354.7639, 0.0856, 0.0856 
9.803832, -0.03272839, -0.3693655, 0.121152, 356.2804, 3.146642, 354.2977, 0.0856, 0.0856 
9.820526, -0.02309402, -0.3726379, 0.1245944, 356.4631, 5.113656, 358.1972, 0.0856, 0.0856 
9.83724, -0.01255633, -0.379754, 0.1309318, 356.2524, 7.031411, 0.9602117, 0.0856, 0.0856 
9.853839, -0.003939521, -0.3716896, 0.1340861, 359.0681, 8.915142, 2.278834, 0.0856, 0.0856 
9.870521, 0.001528136, -0.3647701, 0.1383624, 1.956889, 9.924469, 0.4786984, 0.0856, 0.0856 
9.887218, 0.003849003, -0.3600453, 0.1438114, 3.78071, 10.29651, 357.3889, 0.0856, 0.0856 
9.903857, 0.004453856, -0.3581073, 0.1498492, 4.838243, 10.74887, 355.4255, 0.0856, 0.0856 
9.920533, 0.003580898, -0.3593497, 0.1560182, 4.169229, 11.04672, 355.0419, 0.0856, 0.0856 
9.937192, 0.0006947182, -0.3618279, 0.1626038, 2.7485, 11.25682, 355.208, 0.0856, 0.0856 
9.953842, -0.003814232, -0.3645929, 0.1679187, 1.360319, 11.02655, 355.3803, 0.0856, 0.0856 
9.970549, -0.009741947, -0.3677131, 0.1714219, 359.9035, 10.54244, 355.5739, 0.0856, 0.0856 
9.987158, -0.01722736, -0.3675673, 0.1714467, 359.5033, 10.00078, 356.5419, 0.0856, 0.0856 
10.00391, -0.02297847, -0.3600335, 0.1675906, 0.7933949, 9.20242, 356.5836, 0.0856, 0.0856 
10.02058, -0.02474306, -0.3595558, 0.1661563, 0.9477553, 8.760877, 356.3727, 0.0856, 0.0856 
10.03721, -0.02548433, -0.359795, 0.1640879, 1.589119, 8.67001, 356.3058, 0.0856, 0.0856 
10.0539, -0.02553253, -0.3641145, 0.1621158, 1.547587, 8.609646, 356.0275, 0.0856, 0.0856 
10.07071, -0.02635742, -0.361475, 0.156837, 2.294669, 8.334579, 356.0769, 0.0856, 0.0856 
10.08724, -0.0263439, -0.365349, 0.1532396, 1.973183, 7.932995, 355.1988, 0.0856, 0.0856 
10.10397, -0.02690286, -0.3630757, 0.1469512, 2.24224, 7.533662, 356.2013, 0.0856, 0.0856 
10.12061, -0.02726626, -0.3627244, 0.1417585, 1.428301, 6.834792, 356.793, 0.0856, 0.0856 
10.13725, -0.02855943, -0.3632375, 0.1386203, 0.8492103, 6.26084, 357.0067, 0.0856, 0.0856 
10.15392, -0.03016232, -0.3664746, 0.1370742, 359.4659, 5.597915, 356.5763, 0.0856, 0.0856 
10.17052, -0.0312287, -0.3633415, 0.1348142, 359.9291, 4.795497, 355.4944, 0.0856, 0.0856 
10.18722, -0.03190874, -0.3612381, 0.1341076, 0.2803442, 4.4202, 355.0903, 0.0856, 0.0856 
10.2039, -0.03144364, -0.3606955, 0.1336568, 0.3246325, 4.257198, 355.008, 0.0856, 0.0856 
10.22056, -0.03072462, -0.3606474, 0.1329454, 0.5727564, 4.246381, 354.8204, 0.0856, 0.0856 
10.23721, -0.02982514, -0.3612244, 0.1326905, 0.8624887, 4.276237, 354.3824, 0.0856, 0.0856 
10.25386, -0.0294937, -0.362149, 0.1329242, 1.025856, 4.392387, 354.7583, 0.0856, 0.0856 
10.2705, -0.02976445, -0.3639933, 0.1338744, 1.054548, 4.397391, 354.1967, 0.0856, 0.0856 
10.28722, -0.03039641, -0.362627, 0.133391, 0.1673768, 4.341365, 355.1634, 0.0856, 0.0856 
10.30393, -0.02996732, -0.3625867, 0.1329619, 0.7400259, 4.254911, 354.6174, 0.0856, 0.0856 
10.32052, -0.02938541, -0.3626215, 0.1319689, 1.686315, 4.238671, 354.6119, 0.0856, 0.0856 
10.33721, -0.02925222, -0.3630086, 0.1323429, 1.55756, 4.281408, 354.9133, 0.0856, 0.0856 
10.35386, -0.02942388, -0.3638129, 0.1329918, 0.9626973, 4.405652, 355.2215, 0.0856, 0.0856 
10.37061, -0.03018584, -0.3654103, 0.1330873, 0.9947728, 4.453505, 355.2643, 0.0856, 0.0856 
10.3873, -0.03032622, -0.3638225, 0.1328346, 1.389843, 4.481874, 355.1685, 0.0856, 0.0856 
10.40396, -0.03021783, -0.3649027, 0.1331067, 0.1963577, 4.411129, 355.7704, 0.0856, 0.0856 
10.42054, -0.03022186, -0.3639131, 0.1333203, 0.5657936, 4.421023, 355.7359, 0.0856, 0.0856 
10.43728, -0.0303642, -0.3644335, 0.1338027, 0.4479051, 4.43248, 355.824, 0.0856, 0.0856 
10.45413, -0.03074383, -0.3659442, 0.1341137, 0.3591478, 4.323109, 355.9249, 0.0856, 0.0856 
10.4706, -0.03116783, -0.3644265, 0.1332883, 0.5337859, 4.256052, 355.7762, 0.0856, 0.0856 
10.48725, -0.03145225, -0.366798, 0.1338554, 359.1307, 3.998578, 355.3361, 0.0856, 0.0856 
10.50407, -0.03209586, -0.3683677, 0.1346482, 358.6671, 4.103703, 355.7881, 0.0856, 0.0856 
10.52058, -0.03124397, -0.3666847, 0.1348204, 358.7326, 4.352763, 355.2891, 0.0856, 0.0856 
10.53725, -0.03141302, -0.3733942, 0.137448, 359.4546, 4.517709, 355.2, 0.0856, 0.0856 
10.55398, -0.03115194, -0.3757724, 0.1381426, 359.873, 4.475631, 355.2058, 0.0856, 0.0856 
10.57062, -0.03070571, -0.3729572, 0.1367948, 0.4761206, 4.565418, 355.5345, 0.0856, 0.0856 
10.58724, -0.0303423, -0.3691587, 0.1349825, 0.7460427, 4.557483, 355.5614, 0.0856, 0.0856 
10.60394, -0.03029488, -0.3661365, 0.1338641, 0.854216, 4.619026, 355.7773, 0.0856, 0.0856 
10.6206, -0.03044651, -0.3639695, 0.1332078, 0.7779072, 4.610432, 355.7774, 0.0856, 0.0856 
10.63722, -0.03031423, -0.3639552, 0.1330732, 0.1869326, 4.564149, 355.5771, 0.0856, 0.0856 
10.65395, -0.03005849, -0.3633108, 0.1326198, 359.9526, 4.593385, 355.4191, 0.0856, 0.0856 
10.6706, -0.03010155, -0.3620089, 0.1321198, 359.6788, 4.580252, 355.4928, 0.0856, 0.0856 
10.68722, -0.03114019, -0.3629009, 0.1329723, 359.5043, 4.605848, 355.4361, 0.0856, 0.0856 
10.70395, -0.03089176, -0.361441, 0.1328256, 359.1107, 4.53008, 355.6221, 0.0856, 0.0856 
10.7206, -0.03029289, -0.3601635, 0.1323927, 359.5472, 4.433275, 355.6038, 0.0856, 0.0856 
10.73724, -0.03011326, -0.3587746, 0.1321599, 0.07135204, 4.454489, 355.8726, 0.0856, 0.0856 
10.75404, -0.03052721, -0.3597688, 0.1328398, 359.757, 4.408545, 355.7897, 0.0856, 0.0856 
10.7706, -0.03059113, -0.36092, 0.1335205, 0.2695816, 4.503965, 356.1465, 0.0856, 0.0856 
10.78725, -0.03026292, -0.3609496, 0.1339505, 359.9254, 4.576366, 355.975, 0.0856, 0.0856 
10.80398, -0.02989895, -0.359533, 0.1334326, 0.4744576, 4.506991, 355.561, 0.0856, 0.0856 
10.82056, -0.02985101, -0.3596826, 0.1334302, 0.7232633, 4.565627, 355.9204, 0.0856, 0.0856 
10.83727, -0.02986687, -0.3593642, 0.1331098, 0.9259715, 4.478902, 355.7471, 0.0856, 0.0856 
10.85395, -0.03031415, -0.3600686, 0.1334154, 1.014241, 4.414211, 355.794, 0.0856, 0.0856 
10.87057, -0.03074169, -0.361335, 0.1336113, 0.5638559, 4.32344, 355.9349, 0.0856, 0.0856 
10.88733, -0.03086119, -0.363039, 0.1339859, 0.4704033, 4.277225, 355.8946, 0.0856, 0.0856 
10.90398, -0.03095012, -0.3645126, 0.1336685, 0.4232916, 4.276582, 355.7348, 0.0856, 0.0856 
10.92064, -0.03059525, -0.3614064, 0.1322392, 1.271322, 4.220045, 354.9267, 0.0856, 0.0856 
10.93726, -0.03013273, -0.3610882, 0.1330586, 0.8329918, 4.281377, 355.4576, 0.0856, 0.0856 
10.95411, -0.0296802, -0.3637927, 0.1347935, 0.3433106, 4.319385, 355.859, 0.0856, 0.0856 
10.97055, -0.03000196, -0.3639022, 0.135086, 0.03436914, 4.413386, 356.36, 0.0856, 0.0856 
