3.567585, -0.005984157, -0.2396249, 0.1626537, 2.659383, 33.34998, 356.0869, 0.0856, 0.0856 
3.58423, -0.006106431, -0.2397965, 0.1630525, 2.618046, 33.34439, 356.0051, 0.0856, 0.0856 
3.600948, -0.006467483, -0.2405572, 0.1636136, 2.387895, 33.33656, 355.9542, 0.0856, 0.0856 
3.617564, -0.006448735, -0.2406743, 0.1636014, 2.424123, 33.34895, 355.9511, 0.0856, 0.0856 
3.63425, -0.006335539, -0.2414378, 0.1638126, 2.427482, 33.32084, 355.9094, 0.0856, 0.0856 
3.650919, -0.006234339, -0.2409994, 0.1633775, 2.531802, 33.36509, 356.0794, 0.0856, 0.0856 
3.66756, -0.006301666, -0.2420496, 0.1640855, 2.617413, 33.3621, 356.1373, 0.0856, 0.0856 
3.684255, -0.00628377, -0.2409962, 0.1634587, 2.788624, 33.36359, 356.1628, 0.0856, 0.0856 
3.700904, -0.006392108, -0.2412723, 0.1641339, 2.698041, 33.27613, 356.1309, 0.0856, 0.0856 
3.717597, -0.006336169, -0.2414039, 0.1644998, 2.58433, 33.23349, 356.0019, 0.0856, 0.0856 
3.734293, -0.006279213, -0.2416609, 0.1647697, 2.464718, 33.23557, 355.9215, 0.0856, 0.0856 
3.75092, -0.006248609, -0.2419033, 0.1649078, 2.399215, 33.2524, 355.8891, 0.0856, 0.0856 
3.767603, -0.006275266, -0.2420612, 0.1649157, 2.391811, 33.25729, 355.8768, 0.0856, 0.0856 
3.784245, -0.006204493, -0.2423731, 0.1649893, 2.416363, 33.26571, 355.9345, 0.0856, 0.0856 
3.803105, -0.006451999, -0.242756, 0.1653479, 2.543135, 33.27213, 356.05, 0.0856, 0.0856 
3.817594, -0.006509935, -0.2431195, 0.1656896, 2.520671, 33.25976, 356.0805, 0.0856, 0.0856 
3.834297, -0.006422165, -0.2429907, 0.1657663, 2.532501, 33.26377, 356.0304, 0.0856, 0.0856 
3.850896, -0.006366095, -0.2429715, 0.1659114, 2.472265, 33.27899, 355.9703, 0.0856, 0.0856 
3.867604, -0.006371535, -0.2431492, 0.1660364, 2.440994, 33.29264, 355.9276, 0.0856, 0.0856 
3.884307, -0.006296664, -0.2434136, 0.1659687, 2.497517, 33.28562, 355.9458, 0.0856, 0.0856 
3.900949, -0.006410414, -0.2435299, 0.1660884, 2.494656, 33.26559, 355.9932, 0.0856, 0.0856 
3.917612, -0.006338726, -0.2436714, 0.1662717, 2.508061, 33.26, 356.0079, 0.0856, 0.0856 
3.934306, -0.006298109, -0.2434323, 0.1662873, 2.488642, 33.2803, 356.0207, 0.0856, 0.0856 
3.950984, -0.006269346, -0.2433048, 0.1663675, 2.445463, 33.30006, 356.0461, 0.0856, 0.0856 
3.96765, -0.006245915, -0.2432019, 0.1664529, 2.397794, 33.30288, 356.1321, 0.0856, 0.0856 
3.984308, -0.006198279, -0.2431677, 0.1663291, 2.384891, 33.3172, 356.2285, 0.0856, 0.0856 
4.00092, -0.006238731, -0.2431476, 0.1662502, 2.373756, 33.3125, 356.2882, 0.0856, 0.0856 
4.017607, -0.006240056, -0.2429657, 0.1661603, 2.428886, 33.29291, 356.3056, 0.0856, 0.0856 
4.034288, -0.006303722, -0.2439876, 0.1668959, 2.176162, 33.34321, 356.3703, 0.0856, 0.0856 
4.05103, -0.00642417, -0.2434392, 0.1664568, 2.291756, 33.3177, 356.2761, 0.0856, 0.0856 
4.067628, -0.00651113, -0.2431027, 0.1661388, 2.404996, 33.27389, 356.1607, 0.0856, 0.0856 
4.08428, -0.006530187, -0.2431285, 0.1659254, 2.48541, 33.23844, 356.0512, 0.0856, 0.0856 
4.100985, -0.006623535, -0.2432447, 0.1657086, 2.563348, 33.19792, 355.9666, 0.0856, 0.0856 
4.117695, -0.006543071, -0.2432398, 0.1654755, 2.558288, 33.18988, 355.9394, 0.0856, 0.0856 
4.134313, -0.006356397, -0.2437412, 0.1656475, 2.437865, 33.19801, 355.8687, 0.0856, 0.0856 
4.151083, -0.006311514, -0.2437015, 0.1655625, 2.383429, 33.21132, 355.7874, 0.0856, 0.0856 
4.167682, -0.006380024, -0.243886, 0.1656163, 2.358013, 33.2098, 355.747, 0.0856, 0.0856 
4.184409, -0.006277388, -0.2442023, 0.1655095, 2.331739, 33.20992, 355.701, 0.0856, 0.0856 
4.201064, -0.006181302, -0.244574, 0.1654268, 2.336692, 33.179, 355.6743, 0.0856, 0.0856 
4.217728, -0.006045612, -0.2447269, 0.1654421, 2.275922, 33.18222, 355.7244, 0.0856, 0.0856 
4.234326, -0.005944213, -0.2445356, 0.1652706, 2.294893, 33.18775, 355.7054, 0.0856, 0.0856 
4.251105, -0.005777619, -0.2448141, 0.1654052, 2.197198, 33.23393, 355.7042, 0.0856, 0.0856 
4.267675, -0.005650262, -0.2449294, 0.1652902, 2.251463, 33.24537, 355.7158, 0.0856, 0.0856 
4.284471, -0.005237418, -0.2451909, 0.164922, 2.37613, 33.29292, 355.7923, 0.0856, 0.0856 
4.301156, -0.004971495, -0.2453343, 0.1647039, 2.572168, 33.33187, 355.8441, 0.0856, 0.0856 
4.317686, -0.004859957, -0.2457053, 0.1646685, 2.603287, 33.38278, 355.9451, 0.0856, 0.0856 
4.334329, -0.004746113, -0.2455662, 0.1644501, 2.847183, 33.29686, 356.0572, 0.0856, 0.0856 
4.351168, -0.004628992, -0.2452585, 0.1642952, 2.878192, 33.34822, 356.1378, 0.0856, 0.0856 
4.367668, -0.004683904, -0.2453656, 0.1644978, 2.832887, 33.28444, 356.1093, 0.0856, 0.0856 
4.384315, -0.004382229, -0.2454011, 0.1650792, 2.606714, 33.24421, 356.1241, 0.0856, 0.0856 
4.401053, -0.00448226, -0.2460826, 0.1656142, 2.539608, 33.18633, 356.179, 0.0856, 0.0856 
4.417773, -0.004583785, -0.2457222, 0.1651531, 2.568454, 33.18478, 356.2017, 0.0856, 0.0856 
4.434385, -0.004706468, -0.2457184, 0.1650112, 2.539745, 33.18008, 356.2603, 0.0856, 0.0856 
4.451108, -0.004851468, -0.245895, 0.1651057, 2.466736, 33.14794, 356.3396, 0.0856, 0.0856 
4.467627, -0.004848996, -0.2455666, 0.1648549, 2.480288, 33.07354, 356.3699, 0.0856, 0.0856 
4.484351, -0.004585125, -0.2445834, 0.1654511, 2.23589, 33.02861, 356.3223, 0.0856, 0.0856 
4.501036, -0.004625171, -0.2447504, 0.165554, 2.18797, 33.04999, 356.2493, 0.0856, 0.0856 
4.517616, -0.004585175, -0.2448179, 0.1655142, 2.170794, 33.07996, 356.21, 0.0856, 0.0856 
4.534336, -0.004628135, -0.2451651, 0.1657703, 2.052919, 33.15912, 356.2207, 0.0856, 0.0856 
4.551071, -0.004701659, -0.2448175, 0.1654175, 2.058672, 33.17879, 356.2542, 0.0856, 0.0856 
4.567636, -0.004718289, -0.2445048, 0.1650968, 2.077974, 33.15344, 356.2398, 0.0856, 0.0856 
4.584361, -0.004308952, -0.2439542, 0.1659714, 1.779222, 33.17, 356.2049, 0.0856, 0.0856 
4.600987, -0.004345499, -0.244388, 0.1661316, 1.757562, 33.21883, 356.1969, 0.0856, 0.0856 
4.617788, -0.004269904, -0.2448531, 0.1664761, 1.733715, 33.27734, 356.2451, 0.0856, 0.0856 
4.634375, -0.004234873, -0.244381, 0.1659815, 1.789376, 33.29107, 356.2738, 0.0856, 0.0856 
4.651087, -0.004294991, -0.2443555, 0.1659387, 1.756961, 33.29119, 356.2625, 0.0856, 0.0856 
4.667624, -0.004316276, -0.2442342, 0.1658445, 1.731147, 33.29184, 356.258, 0.0856, 0.0856 
4.684319, -0.004062846, -0.2432344, 0.1658746, 1.653443, 33.3115, 356.2062, 0.0856, 0.0856 
4.701013, -0.004262387, -0.242904, 0.1661981, 1.673913, 33.30465, 356.2175, 0.0856, 0.0856 
4.71765, -0.004280953, -0.2432105, 0.1665807, 1.675145, 33.29185, 356.2101, 0.0856, 0.0856 
4.734354, -0.004196702, -0.2433862, 0.166695, 1.662353, 33.3128, 356.2499, 0.0856, 0.0856 
4.751345, -0.004232394, -0.2434396, 0.1667946, 1.629855, 33.32036, 356.2599, 0.0856, 0.0856 
4.76771, -0.004282373, -0.2432091, 0.1666774, 1.634243, 33.32393, 356.2212, 0.0856, 0.0856 
4.784435, -0.004692752, -0.2426838, 0.1668456, 1.598515, 33.22554, 356.1129, 0.0856, 0.0856 
4.801026, -0.004788897, -0.2427158, 0.1671115, 1.626926, 33.22627, 356.0962, 0.0856, 0.0856 
4.817628, -0.004745649, -0.242717, 0.1671589, 1.625398, 33.23318, 356.1039, 0.0856, 0.0856 
4.834418, -0.004770343, -0.2426892, 0.1671423, 1.650985, 33.20592, 356.1061, 0.0856, 0.0856 
4.851099, -0.004821817, -0.2427635, 0.1672099, 1.647201, 33.19094, 356.0875, 0.0856, 0.0856 
4.867775, -0.004726405, -0.2426122, 0.1670634, 1.653975, 33.19275, 356.0743, 0.0856, 0.0856 
4.884324, -0.005025565, -0.2421101, 0.1672224, 1.622267, 33.12018, 356.0167, 0.0856, 0.0856 
4.901038, -0.005034894, -0.2419901, 0.167363, 1.602279, 33.10888, 356.0512, 0.0856, 0.0856 
4.917739, -0.005195532, -0.2422761, 0.1677932, 1.595762, 33.0712, 356.1069, 0.0856, 0.0856 
4.934354, -0.005202968, -0.2419202, 0.1674097, 1.637449, 33.04847, 356.0915, 0.0856, 0.0856 
4.951104, -0.005080351, -0.2415911, 0.1669994, 1.643838, 33.03066, 356.0858, 0.0856, 0.0856 
4.967854, -0.004924777, -0.2412196, 0.1666485, 1.700561, 33.047, 356.1242, 0.0856, 0.0856 
4.984395, -0.005228191, -0.2412671, 0.167088, 1.673363, 33.00997, 356.0984, 0.0856, 0.0856 
5.001119, -0.00543367, -0.2415918, 0.1673971, 1.614614, 33.02737, 356.1223, 0.0856, 0.0856 
5.017701, -0.005525766, -0.2415047, 0.1671183, 1.70315, 32.97391, 356.111, 0.0856, 0.0856 
5.034414, -0.005332348, -0.2417387, 0.1672071, 1.790235, 33.07263, 356.238, 0.0856, 0.0856 
5.051267, -0.005079446, -0.2423003, 0.1677207, 1.750186, 33.22173, 356.3634, 0.0856, 0.0856 
5.067765, -0.005116363, -0.2432495, 0.1683705, 1.86448, 33.10796, 356.3335, 0.0856, 0.0856 
5.084329, -0.005371198, -0.2428665, 0.1675737, 2.127176, 32.99777, 356.4345, 0.0856, 0.0856 
5.101056, -0.005410222, -0.2416791, 0.166539, 2.075809, 33.0228, 356.3786, 0.0856, 0.0856 
5.117694, -0.005086672, -0.2412407, 0.1665303, 1.954053, 33.1533, 356.3943, 0.0856, 0.0856 
5.134383, -0.004765918, -0.2412956, 0.1669836, 1.999352, 33.32753, 356.3766, 0.0856, 0.0856 
5.151112, -0.004810426, -0.2417929, 0.1678339, 1.935348, 33.58728, 356.4092, 0.0856, 0.0856 
5.167756, -0.005084336, -0.2415043, 0.1672254, 2.104165, 33.38585, 356.2274, 0.0856, 0.0856 
5.184471, -0.005414546, -0.2410743, 0.166841, 2.108244, 33.26781, 356.2568, 0.0856, 0.0856 
5.201017, -0.005297716, -0.2428879, 0.1688935, 1.832537, 33.24832, 356.3353, 0.0856, 0.0856 
5.217764, -0.005314357, -0.2433744, 0.169411, 1.670544, 33.29745, 356.4182, 0.0856, 0.0856 
5.234407, -0.005265824, -0.243263, 0.1692827, 1.610236, 33.25436, 356.5002, 0.0856, 0.0856 
5.2511, -0.005440996, -0.2431495, 0.1692477, 1.630286, 33.16507, 356.5032, 0.0856, 0.0856 
5.26773, -0.005502988, -0.2435839, 0.1695966, 1.626874, 33.17641, 356.5629, 0.0856, 0.0856 
5.28432, -0.005954552, -0.2438717, 0.1704303, 1.583801, 33.10794, 356.5267, 0.0856, 0.0856 
5.301077, -0.006313683, -0.2443407, 0.1712577, 1.536285, 33.027, 356.5059, 0.0856, 0.0856 
5.317767, -0.006161253, -0.2430614, 0.169281, 1.685014, 33.04438, 356.3257, 0.0856, 0.0856 
5.334384, -0.005961227, -0.2425996, 0.1682568, 1.927761, 33.19886, 356.3471, 0.0856, 0.0856 
5.351101, -0.005969374, -0.2420893, 0.1680278, 1.941789, 33.28367, 356.356, 0.0856, 0.0856 
5.367777, -0.006030083, -0.2410117, 0.1675622, 1.968755, 33.30062, 356.3477, 0.0856, 0.0856 
5.384449, -0.006195695, -0.243194, 0.1705181, 1.757467, 33.29554, 356.1317, 0.0856, 0.0856 
5.401033, -0.006420163, -0.2396786, 0.16656, 1.818433, 33.12431, 356.1087, 0.0856, 0.0856 
5.41769, -0.006481233, -0.2398586, 0.1666899, 1.836803, 33.03889, 356.1898, 0.0856, 0.0856 
5.434415, -0.006762043, -0.2405355, 0.1675834, 1.847951, 32.96304, 356.2037, 0.0856, 0.0856 
5.451217, -0.007065745, -0.2404738, 0.1677657, 1.836346, 32.9078, 356.1534, 0.0856, 0.0856 
5.467708, -0.006977839, -0.2403342, 0.1677379, 1.830349, 32.92288, 356.1307, 0.0856, 0.0856 
5.484538, -0.006911213, -0.2402161, 0.1678164, 1.82877, 32.95872, 356.1544, 0.0856, 0.0856 
5.501037, -0.006813085, -0.2398698, 0.1667305, 1.912965, 32.99981, 356.2234, 0.0856, 0.0856 
5.517811, -0.006897897, -0.2398544, 0.1662842, 2.044072, 33.04924, 356.3888, 0.0856, 0.0856 
5.534399, -0.00712717, -0.2395155, 0.1657051, 2.328382, 33.01823, 356.3869, 0.0856, 0.0856 
5.551169, -0.00740153, -0.2387917, 0.1651869, 2.292301, 32.99905, 356.3093, 0.0856, 0.0856 
5.56774, -0.007489245, -0.2383988, 0.1651394, 2.198499, 32.97351, 356.2417, 0.0856, 0.0856 
5.584408, -0.00746815, -0.2379656, 0.1649288, 2.146559, 32.99371, 356.1946, 0.0856, 0.0856 
5.601145, -0.007079532, -0.2376026, 0.1641278, 2.28835, 33.11777, 356.3394, 0.0856, 0.0856 
5.617837, -0.006847573, -0.2383021, 0.16402, 2.446177, 33.23264, 356.4532, 0.0856, 0.0856 
5.634448, -0.006787974, -0.2397963, 0.1653234, 2.246957, 33.47194, 356.6201, 0.0856, 0.0856 
5.651074, -0.007140523, -0.2398505, 0.1652171, 2.299006, 33.44353, 356.6117, 0.0856, 0.0856 
5.667753, -0.008658523, -0.2383274, 0.1646354, 2.254213, 33.08588, 356.4094, 0.0856, 0.0856 
5.684553, -0.01000568, -0.2384383, 0.1661094, 2.066941, 32.8215, 356.3868, 0.0856, 0.0856 
5.701029, -0.01039531, -0.2393015, 0.1673882, 1.774396, 32.97862, 356.7186, 0.0856, 0.0856 
5.717821, -0.009836234, -0.2383245, 0.1655982, 1.876996, 32.87863, 356.5731, 0.0856, 0.0856 
5.734431, -0.009378217, -0.2386709, 0.1651276, 1.952994, 32.86435, 356.4253, 0.0856, 0.0856 
5.751103, -0.009744216, -0.2388882, 0.1652365, 2.06706, 32.8633, 356.3193, 0.0856, 0.0856 
5.767694, -0.01035954, -0.2395351, 0.1666915, 1.966624, 32.87516, 356.3706, 0.0856, 0.0856 
5.784537, -0.010223, -0.2416644, 0.1698699, 1.571173, 33.19894, 356.6854, 0.0856, 0.0856 
5.801103, -0.009896964, -0.2424713, 0.1712047, 1.253334, 33.44276, 356.852, 0.0856, 0.0856 
5.81772, -0.009714238, -0.2420382, 0.1705064, 1.171589, 33.45266, 356.7756, 0.0856, 0.0856 
5.834398, -0.00961557, -0.2409692, 0.1689047, 1.362766, 33.36929, 356.5854, 0.0856, 0.0856 
5.851151, -0.00971999, -0.2408508, 0.1684641, 1.520686, 33.32558, 356.4756, 0.0856, 0.0856 
5.867688, -0.01037439, -0.2405367, 0.1680993, 1.6571, 33.21966, 356.3427, 0.0856, 0.0856 
5.884399, -0.009985283, -0.2426382, 0.1701117, 1.504891, 33.46954, 356.6003, 0.0856, 0.0856 
5.901171, -0.01032054, -0.2414247, 0.1695183, 1.483941, 33.31798, 356.4364, 0.0856, 0.0856 
5.917746, -0.01091985, -0.2394455, 0.1677732, 1.69476, 33.1719, 356.3075, 0.0856, 0.0856 
5.934448, -0.01086506, -0.2399472, 0.1681328, 1.716005, 33.0959, 356.2283, 0.0856, 0.0856 
5.95115, -0.01077007, -0.2412867, 0.1695774, 1.556581, 33.07307, 356.2399, 0.0856, 0.0856 
5.967712, -0.01017038, -0.2444649, 0.1725846, 1.07055, 33.38605, 356.6898, 0.0856, 0.0856 
5.98449, -0.0112277, -0.2412724, 0.1698733, 1.31722, 33.31565, 356.612, 0.0856, 0.0856 
6.001051, -0.01159018, -0.2397445, 0.168622, 1.550775, 33.19541, 356.4407, 0.0856, 0.0856 
6.017778, -0.01192802, -0.2396474, 0.1687947, 1.568734, 33.116, 356.2528, 0.0856, 0.0856 
6.034484, -0.01189779, -0.2407152, 0.1698991, 1.450132, 33.20734, 356.2141, 0.0856, 0.0856 
6.051219, -0.01186414, -0.2407, 0.1699994, 1.399193, 33.26981, 356.191, 0.0856, 0.0856 
6.067739, -0.01239434, -0.2390914, 0.1686707, 1.535854, 33.22292, 356.155, 0.0856, 0.0856 
6.084465, -0.01269177, -0.2385513, 0.1684209, 1.667536, 33.20701, 356.1717, 0.0856, 0.0856 
6.10113, -0.01251312, -0.2388344, 0.1684574, 1.692409, 33.14046, 356.1522, 0.0856, 0.0856 
6.117796, -0.0128957, -0.2389024, 0.1681523, 1.703764, 33.17346, 356.2223, 0.0856, 0.0856 
6.134496, -0.01163076, -0.2408752, 0.1689902, 1.620938, 33.27823, 356.3488, 0.0856, 0.0856 
6.151063, -0.01358601, -0.2367249, 0.1660886, 1.912449, 33.34665, 356.3286, 0.0856, 0.0856 
6.16785, -0.01261431, -0.2383927, 0.167707, 1.775323, 33.2591, 356.2334, 0.0856, 0.0856 
6.184464, -0.01254578, -0.2393587, 0.1695452, 1.7455, 33.38776, 356.1849, 0.0856, 0.0856 
6.201127, -0.01501419, -0.2366323, 0.1671349, 1.953847, 33.46625, 356.2409, 0.0856, 0.0856 
6.217817, -0.01627173, -0.2351485, 0.1653774, 2.229156, 33.4636, 356.1647, 0.0856, 0.0856 
6.234448, -0.016223, -0.2357398, 0.1654541, 2.286775, 33.39534, 356.2059, 0.0856, 0.0856 
6.25115, -0.01650655, -0.2352417, 0.1655149, 2.265464, 33.33702, 356.3161, 0.0856, 0.0856 
6.267756, -0.01614214, -0.2353375, 0.1662919, 2.354311, 33.43705, 356.3941, 0.0856, 0.0856 
6.28442, -0.01694454, -0.2341937, 0.1654045, 2.249522, 33.46645, 356.2878, 0.0856, 0.0856 
6.301081, -0.01719305, -0.2344252, 0.1650013, 2.171688, 33.4775, 356.13, 0.0856, 0.0856 
6.317806, -0.01722288, -0.2352902, 0.1658037, 2.212415, 33.6283, 356.203, 0.0856, 0.0856 
6.334436, -0.01355755, -0.2409154, 0.1697653, 1.558627, 33.67913, 356.3922, 0.0856, 0.0856 
6.351084, -0.01683299, -0.2357155, 0.1663872, 1.849666, 33.70731, 356.6494, 0.0856, 0.0856 
6.36791, -0.01831327, -0.2331676, 0.1642428, 2.037912, 33.62058, 356.4256, 0.0856, 0.0856 
6.384417, -0.01852046, -0.2321404, 0.1636138, 2.188119, 33.63092, 356.3264, 0.0856, 0.0856 
6.401082, -0.01610875, -0.2342444, 0.1645864, 1.761409, 33.48742, 356.3002, 0.0856, 0.0856 
6.417849, -0.01711287, -0.2331732, 0.1638731, 2.118756, 33.6105, 356.2869, 0.0856, 0.0856 
6.4345, -0.01761937, -0.2334692, 0.1638446, 2.469965, 33.64668, 356.3462, 0.0856, 0.0856 
6.451225, -0.01806922, -0.2331971, 0.1645624, 2.52935, 33.60205, 356.4403, 0.0856, 0.0856 
6.467749, -0.0137126, -0.2384008, 0.1687972, 1.474365, 33.36116, 356.4657, 0.0856, 0.0856 
6.484441, -0.01730093, -0.232553, 0.1649743, 1.649745, 33.50615, 356.5663, 0.0856, 0.0856 
6.501167, -0.01390173, -0.2348433, 0.1654817, 1.350205, 33.64834, 356.4339, 0.0856, 0.0856 
6.517767, -0.01380061, -0.2354677, 0.1647374, 1.486869, 33.95263, 356.6023, 0.0856, 0.0856 
6.534452, -0.01586397, -0.2343827, 0.1651163, 1.678825, 33.93222, 356.852, 0.0856, 0.0856 
6.551123, -0.01659891, -0.2337719, 0.1659324, 1.658892, 33.67467, 356.7284, 0.0856, 0.0856 
6.567879, -0.01613207, -0.2340341, 0.1662134, 1.7076, 33.61855, 356.7458, 0.0856, 0.0856 
6.584495, -0.01510186, -0.2348951, 0.1659216, 1.706432, 33.63897, 356.6451, 0.0856, 0.0856 
6.601169, -0.0144835, -0.2356702, 0.1654629, 1.705096, 33.66493, 356.643, 0.0856, 0.0856 
6.617804, -0.01381446, -0.2365596, 0.1663921, 1.617613, 33.65062, 356.6274, 0.0856, 0.0856 
6.634428, -0.01246382, -0.2382779, 0.167388, 1.620761, 33.76717, 356.6215, 0.0856, 0.0856 
6.651191, -0.01102141, -0.2410241, 0.1687148, 1.684596, 33.84457, 356.5447, 0.0856, 0.0856 
6.667756, -0.01439284, -0.2368909, 0.1665655, 1.776602, 33.69271, 356.406, 0.0856, 0.0856 
6.684505, -0.01374578, -0.2367473, 0.1659309, 1.556531, 33.44938, 356.1757, 0.0856, 0.0856 
6.7012, -0.01294383, -0.236554, 0.1653256, 1.594226, 33.53379, 356.2325, 0.0856, 0.0856 
6.717859, -0.01319, -0.2363868, 0.1656654, 1.609302, 33.46981, 356.3441, 0.0856, 0.0856 
6.734486, -0.01167835, -0.2381866, 0.1662391, 1.425192, 33.09909, 356.0061, 0.0856, 0.0856 
6.751209, -0.01214801, -0.2388208, 0.1670883, 1.449131, 33.13884, 356.2092, 0.0856, 0.0856 
6.76785, -0.01083891, -0.2401141, 0.1679631, 1.092425, 32.90054, 356.2378, 0.0856, 0.0856 
6.78447, -0.009035364, -0.242512, 0.1686381, 1.078654, 32.76678, 356.153, 0.0856, 0.0856 
6.801157, -0.01174158, -0.2374016, 0.1652729, 1.431392, 33.12038, 356.2361, 0.0856, 0.0856 
6.817837, -0.01103561, -0.2374891, 0.1654664, 1.229004, 33.03969, 356.3343, 0.0856, 0.0856 
6.834497, -0.01195636, -0.2361816, 0.1653524, 1.400055, 33.18079, 356.3851, 0.0856, 0.0856 
6.851182, -0.01115514, -0.2373124, 0.1653987, 1.284294, 33.0448, 356.3972, 0.0856, 0.0856 
6.86782, -0.01213345, -0.236355, 0.1647736, 1.504921, 33.25066, 356.3564, 0.0856, 0.0856 
6.884498, -0.01142547, -0.2372999, 0.164829, 1.359462, 33.19004, 356.3013, 0.0856, 0.0856 
6.901192, -0.01109801, -0.2368715, 0.1650087, 1.400223, 33.21409, 356.3436, 0.0856, 0.0856 
6.917899, -0.01137522, -0.2362403, 0.1649613, 1.411538, 33.23993, 356.4258, 0.0856, 0.0856 
6.934511, -0.0105765, -0.2368433, 0.1645353, 1.286178, 33.1011, 356.3417, 0.0856, 0.0856 
6.951203, -0.01175243, -0.2351029, 0.1637145, 1.459187, 33.31906, 356.3734, 0.0856, 0.0856 
6.967821, -0.01012555, -0.2365922, 0.1640818, 1.25924, 33.25279, 356.3484, 0.0856, 0.0856 
6.984501, -0.01117092, -0.2355447, 0.1641541, 1.390922, 33.35509, 356.4153, 0.0856, 0.0856 
7.001168, -0.00973922, -0.2368514, 0.1640728, 1.300621, 33.21476, 356.4708, 0.0856, 0.0856 
7.017839, -0.01046911, -0.235853, 0.1638418, 1.532164, 33.25537, 356.5474, 0.0856, 0.0856 
7.034658, -0.01026748, -0.2360931, 0.1639299, 1.619839, 33.2581, 356.6706, 0.0856, 0.0856 
7.051229, -0.008564919, -0.2379317, 0.1642076, 1.319078, 33.04087, 356.6093, 0.0856, 0.0856 
7.067792, -0.0101431, -0.2362909, 0.1637645, 1.539513, 33.24648, 356.6256, 0.0856, 0.0856 
7.084617, -0.01038368, -0.2362365, 0.1640175, 1.589698, 33.29711, 356.6318, 0.0856, 0.0856 
7.101151, -0.008243263, -0.2380683, 0.164009, 1.480315, 33.13077, 356.3447, 0.0856, 0.0856 
7.117897, -0.009557128, -0.2368407, 0.163359, 1.648161, 33.3862, 356.4884, 0.0856, 0.0856 
7.134623, -0.008929163, -0.2377156, 0.1633491, 1.549027, 33.3158, 356.3795, 0.0856, 0.0856 
7.151186, -0.01008189, -0.2364613, 0.1635855, 1.635954, 33.37811, 356.3347, 0.0856, 0.0856 
7.167837, -0.00903739, -0.2375584, 0.1636399, 1.390459, 33.17148, 356.2953, 0.0856, 0.0856 
7.184589, -0.01009262, -0.2364184, 0.1634804, 1.597056, 33.35425, 356.3903, 0.0856, 0.0856 
7.201243, -0.009514034, -0.237391, 0.1644387, 1.613457, 33.36212, 356.4926, 0.0856, 0.0856 
7.217803, -0.008977577, -0.2379121, 0.1649707, 1.568724, 33.30523, 356.5522, 0.0856, 0.0856 
7.234667, -0.008716032, -0.2383359, 0.1652564, 1.563749, 33.27357, 356.5966, 0.0856, 0.0856 
7.25123, -0.008737355, -0.2383706, 0.1652046, 1.619964, 33.27235, 356.5732, 0.0856, 0.0856 
7.267781, -0.00900282, -0.2382881, 0.1650709, 1.659064, 33.26221, 356.4634, 0.0856, 0.0856 
7.284657, -0.008871809, -0.2388173, 0.1654227, 1.560093, 33.24225, 356.2387, 0.0856, 0.0856 
7.301217, -0.009167656, -0.2390353, 0.1660609, 1.477906, 33.2821, 356.0445, 0.0856, 0.0856 
7.317839, -0.008320808, -0.2401486, 0.1665917, 1.325022, 33.51764, 355.7612, 0.0856, 0.0856 
7.334544, -0.009957507, -0.2385274, 0.166274, 1.481865, 33.50901, 355.8993, 0.0856, 0.0856 
7.351253, -0.01072173, -0.2376341, 0.1660296, 1.606144, 33.40985, 356.0146, 0.0856, 0.0856 
7.367856, -0.0107251, -0.2375765, 0.1657781, 1.73135, 33.37204, 356.0186, 0.0856, 0.0856 
7.38445, -0.01013154, -0.2385209, 0.1661991, 1.819506, 33.41027, 356.0178, 0.0856, 0.0856 
7.401174, -0.01027648, -0.2388795, 0.1675473, 1.802674, 33.27735, 355.9895, 0.0856, 0.0856 
7.41786, -0.01003826, -0.2393921, 0.1685905, 1.523249, 32.95362, 355.724, 0.0856, 0.0856 
7.434565, -0.01036672, -0.2390926, 0.1688953, 1.483932, 32.83376, 355.7008, 0.0856, 0.0856 
7.451322, -0.01024288, -0.2390289, 0.1688929, 1.429923, 32.69099, 355.6938, 0.0856, 0.0856 
7.467843, -0.009348765, -0.2398952, 0.1689891, 1.596337, 32.44748, 355.791, 0.0856, 0.0856 
7.484534, -0.009858429, -0.2392673, 0.1685917, 1.70874, 32.65597, 355.8546, 0.0856, 0.0856 
7.50116, -0.01028384, -0.2389235, 0.1684848, 1.699312, 32.77618, 355.7703, 0.0856, 0.0856 
7.517817, -0.01008222, -0.2394514, 0.1684846, 1.730264, 32.85242, 355.758, 0.0856, 0.0856 
7.534532, -0.01010302, -0.2391774, 0.1685589, 1.706765, 32.92747, 355.735, 0.0856, 0.0856 
7.551709, -0.009401456, -0.2398897, 0.1683685, 1.667707, 33.16661, 355.6912, 0.0856, 0.0856 
7.567816, -0.009319767, -0.2399441, 0.1685345, 1.671054, 33.27702, 355.7663, 0.0856, 0.0856 
7.584528, -0.009851649, -0.2394703, 0.1690965, 1.661335, 33.16819, 355.8171, 0.0856, 0.0856 
7.601188, -0.0102019, -0.2391274, 0.1702065, 1.607595, 32.96978, 355.7685, 0.0856, 0.0856 
7.6179, -0.01024, -0.2389139, 0.1703197, 1.653802, 32.91409, 355.7886, 0.0856, 0.0856 
7.634539, -0.01029523, -0.2388384, 0.1701196, 1.622717, 32.97404, 355.7444, 0.0856, 0.0856 
7.651311, -0.01006915, -0.2391937, 0.1703653, 1.623829, 32.98639, 355.7283, 0.0856, 0.0856 
7.667832, -0.00924933, -0.2402955, 0.1712531, 1.607944, 32.99285, 355.7058, 0.0856, 0.0856 
7.684497, -0.007834986, -0.241451, 0.1717137, 1.748893, 33.14281, 355.9013, 0.0856, 0.0856 
7.701205, -0.008276135, -0.2409593, 0.1715406, 1.814729, 33.1958, 355.9813, 0.0856, 0.0856 
7.717834, -0.008330062, -0.2409924, 0.1714126, 2.047761, 33.35081, 356.1308, 0.0856, 0.0856 
7.734479, -0.00770016, -0.2419522, 0.1712755, 2.214193, 33.42881, 356.2064, 0.0856, 0.0856 
7.75116, -0.009160474, -0.24037, 0.1711628, 1.747067, 33.11309, 355.9745, 0.0856, 0.0856 
7.767806, -0.009566545, -0.2401597, 0.171263, 1.556432, 32.90892, 355.8495, 0.0856, 0.0856 
7.784476, -0.01003611, -0.2395684, 0.1713269, 1.518849, 32.87088, 355.8687, 0.0856, 0.0856 
7.801154, -0.009780094, -0.2395938, 0.171293, 1.55067, 32.87275, 355.9772, 0.0856, 0.0856 
7.817812, -0.00915201, -0.2401339, 0.1712866, 1.625923, 32.9225, 356.1016, 0.0856, 0.0856 
7.834492, -0.009205207, -0.2399707, 0.1714546, 1.533819, 32.85537, 356.01, 0.0856, 0.0856 
7.851178, -0.009323865, -0.239743, 0.171526, 1.530559, 32.81863, 355.9897, 0.0856, 0.0856 
7.867827, -0.009301439, -0.2396118, 0.171524, 1.595314, 32.77834, 355.9648, 0.0856, 0.0856 
7.884474, -0.008974686, -0.2397768, 0.1715776, 1.653705, 32.73895, 355.9724, 0.0856, 0.0856 
7.901179, -0.009069905, -0.2397373, 0.1717053, 1.643585, 32.7057, 356.0217, 0.0856, 0.0856 
7.917929, -0.009531528, -0.2391749, 0.1718853, 1.770718, 32.83659, 356.0731, 0.0856, 0.0856 
7.93455, -0.009446681, -0.2391688, 0.1719305, 1.858291, 32.92843, 356.1292, 0.0856, 0.0856 
7.95127, -0.009221211, -0.2393057, 0.1717136, 1.763913, 32.85767, 356.2016, 0.0856, 0.0856 
7.967931, -0.009044603, -0.2392932, 0.1715327, 1.852433, 32.94907, 356.3429, 0.0856, 0.0856 
7.98448, -0.009408489, -0.2389607, 0.1712116, 1.855545, 32.98923, 356.3605, 0.0856, 0.0856 
8.001271, -0.009423628, -0.2391142, 0.170632, 1.820054, 32.97784, 356.2422, 0.0856, 0.0856 
8.017819, -0.009085894, -0.2399805, 0.1705434, 1.716391, 32.9728, 356.2003, 0.0856, 0.0856 
8.034633, -0.008734465, -0.2402488, 0.1708959, 1.598934, 32.82256, 356.0005, 0.0856, 0.0856 
8.051181, -0.00781028, -0.240995, 0.1719934, 2.248391, 33.04475, 356.3281, 0.0856, 0.0856 
8.067938, -0.007468939, -0.2416443, 0.1722325, 2.029935, 32.75961, 356.3734, 0.0856, 0.0856 
8.084601, -0.008745551, -0.2405772, 0.1714359, 1.998617, 32.77572, 356.2213, 0.0856, 0.0856 
8.101232, -0.009928584, -0.2393787, 0.1703437, 1.830894, 32.75397, 355.9887, 0.0856, 0.0856 
8.117921, -0.01040563, -0.2388555, 0.1702273, 1.764523, 32.57512, 355.5227, 0.0856, 0.0856 
8.134592, -0.01022023, -0.2390923, 0.1705028, 1.692918, 32.46651, 355.4086, 0.0856, 0.0856 
8.15132, -0.009743795, -0.2393591, 0.1706514, 1.942284, 32.44056, 355.6057, 0.0856, 0.0856 
8.167932, -0.01174353, -0.2366868, 0.1697824, 2.179014, 32.69472, 356.1097, 0.0856, 0.0856 
8.184553, -0.0126702, -0.2351951, 0.1691024, 2.229477, 32.96356, 356.4204, 0.0856, 0.0856 
8.201269, -0.01248704, -0.2351107, 0.1687219, 2.122581, 33.08262, 356.2851, 0.0856, 0.0856 
8.217942, -0.01261373, -0.2347366, 0.1682049, 2.05246, 33.18935, 356.1227, 0.0856, 0.0856 
8.234594, -0.01238427, -0.2350723, 0.1682104, 2.0883, 33.2295, 356.0367, 0.0856, 0.0856 
8.251231, -0.01169898, -0.2355371, 0.1678453, 2.0447, 33.03187, 356.0459, 0.0856, 0.0856 
8.2679, -0.01229049, -0.2346331, 0.167993, 2.073074, 33.0228, 356.2065, 0.0856, 0.0856 
8.284594, -0.01070496, -0.2354561, 0.1678829, 2.471354, 33.14162, 356.4968, 0.0856, 0.0856 
8.301292, -0.01084116, -0.2354718, 0.1680429, 2.218335, 32.99686, 356.637, 0.0856, 0.0856 
8.317845, -0.01146592, -0.234916, 0.1672354, 2.298012, 33.04086, 356.7033, 0.0856, 0.0856 
8.334731, -0.01159061, -0.2351371, 0.1664641, 2.535835, 33.1832, 356.6741, 0.0856, 0.0856 
8.351213, -0.01157223, -0.2352765, 0.1666738, 2.620112, 33.20196, 356.6212, 0.0856, 0.0856 
8.367959, -0.01110435, -0.2360951, 0.1681052, 2.314276, 32.82947, 356.5035, 0.0856, 0.0856 
8.384548, -0.01102391, -0.2361016, 0.1688934, 2.179492, 32.7619, 356.5165, 0.0856, 0.0856 
8.401262, -0.01202267, -0.2340431, 0.1672155, 2.194896, 32.77583, 356.5678, 0.0856, 0.0856 
8.417866, -0.01147051, -0.2345555, 0.1659227, 2.379862, 32.81081, 356.3637, 0.0856, 0.0856 
8.4346, -0.009937763, -0.2370099, 0.1658528, 2.717526, 33.11111, 356.1165, 0.0856, 0.0856 
8.451311, -0.01146862, -0.235802, 0.1664157, 2.792731, 33.20576, 355.962, 0.0856, 0.0856 
8.467879, -0.01153226, -0.2367088, 0.1685595, 2.320249, 32.98388, 355.9526, 0.0856, 0.0856 
8.484529, -0.01064476, -0.2384132, 0.1697232, 1.673556, 32.61337, 355.5337, 0.0856, 0.0856 
8.50126, -0.009994417, -0.2390548, 0.1693279, 1.262511, 32.71592, 355.5941, 0.0856, 0.0856 
8.518007, -0.0103649, -0.2373993, 0.166725, 1.365003, 32.7628, 355.6792, 0.0856, 0.0856 
8.534571, -0.01173015, -0.2339708, 0.1641348, 2.193034, 33.21093, 355.7153, 0.0856, 0.0856 
8.551359, -0.0114198, -0.233418, 0.1636404, 2.536412, 33.44049, 355.8922, 0.0856, 0.0856 
8.567935, -0.01030137, -0.2350594, 0.1655087, 2.316768, 33.23629, 356.1345, 0.0856, 0.0856 
8.58455, -0.009698436, -0.2365929, 0.1674543, 1.862806, 32.87436, 355.9803, 0.0856, 0.0856 
8.601197, -0.01042615, -0.2355022, 0.1665174, 1.784021, 32.68441, 355.9076, 0.0856, 0.0856 
8.617929, -0.009821236, -0.2346734, 0.1647162, 1.901967, 32.6916, 355.9651, 0.0856, 0.0856 
8.634571, -0.007205978, -0.2372812, 0.1649793, 1.675197, 32.67723, 355.6976, 0.0856, 0.0856 
8.65126, -0.006808296, -0.2381203, 0.1651079, 1.870133, 32.90594, 355.6017, 0.0856, 0.0856 
8.66789, -0.008314744, -0.23691, 0.1653149, 2.106065, 33.23645, 356.0307, 0.0856, 0.0856 
8.684561, -0.009489685, -0.2361775, 0.1666955, 1.911915, 33.01305, 356.1625, 0.0856, 0.0856 
8.701248, -0.009980097, -0.2354223, 0.1668748, 1.702981, 32.68128, 355.985, 0.0856, 0.0856 
8.717968, -0.009587511, -0.2358233, 0.1662769, 1.70464, 32.54951, 355.9467, 0.0856, 0.0856 
8.734606, -0.009210497, -0.2360434, 0.1659979, 1.751722, 32.60813, 355.9389, 0.0856, 0.0856 
8.751299, -0.009549484, -0.235161, 0.1660647, 1.687481, 32.64002, 355.8233, 0.0856, 0.0856 
8.767926, -0.009512916, -0.2351445, 0.1665974, 1.536316, 32.62475, 355.7016, 0.0856, 0.0856 
8.784695, -0.009371936, -0.23519, 0.1661843, 1.55104, 32.6158, 355.7622, 0.0856, 0.0856 
8.801215, -0.009420589, -0.2348419, 0.1649093, 1.813, 32.73993, 356.0544, 0.0856, 0.0856 
8.817956, -0.009446114, -0.2346471, 0.1644957, 1.973673, 32.83683, 356.2001, 0.0856, 0.0856 
8.834711, -0.009449765, -0.2346794, 0.1648145, 1.97981, 32.89483, 356.1488, 0.0856, 0.0856 
8.851363, -0.009043634, -0.2358844, 0.1656762, 1.731608, 32.78276, 355.9245, 0.0856, 0.0856 
8.867899, -0.00937514, -0.2360018, 0.1656646, 1.656179, 32.69401, 355.5932, 0.0856, 0.0856 
8.884585, -0.008783922, -0.2367148, 0.1659265, 1.539994, 32.75801, 355.7088, 0.0856, 0.0856 
8.901278, -0.008612335, -0.2353325, 0.1644697, 1.751037, 32.87603, 355.9106, 0.0856, 0.0856 
8.917999, -0.006944299, -0.2373305, 0.1654195, 1.435188, 32.8912, 355.7604, 0.0856, 0.0856 
8.934595, -0.006846525, -0.2373285, 0.1656057, 1.377387, 32.99816, 355.8199, 0.0856, 0.0856 
8.951324, -0.007408552, -0.2363064, 0.1655338, 1.490279, 33.14129, 356.2472, 0.0856, 0.0856 
8.967984, -0.008332297, -0.235312, 0.1654273, 1.630117, 32.98401, 356.2556, 0.0856, 0.0856 
8.984594, -0.008166961, -0.2364402, 0.1663075, 1.478989, 32.72009, 356.0204, 0.0856, 0.0856 
9.001211, -0.007461287, -0.2377387, 0.1665043, 1.360233, 32.66232, 355.8479, 0.0856, 0.0856 
9.017897, -0.00594531, -0.2391206, 0.1666147, 1.159091, 32.73306, 355.7727, 0.0856, 0.0856 
9.034569, -0.005385369, -0.2398027, 0.16686, 1.081934, 32.84544, 355.8172, 0.0856, 0.0856 
9.051374, -0.006197572, -0.2384499, 0.1662198, 1.293804, 32.83843, 355.8968, 0.0856, 0.0856 
9.067922, -0.006993622, -0.238423, 0.1668561, 1.357356, 32.83869, 355.9426, 0.0856, 0.0856 
9.084579, -0.00887993, -0.23485, 0.1642906, 1.79999, 32.72713, 355.8214, 0.0856, 0.0856 
9.101302, -0.009414524, -0.2335586, 0.1630764, 2.001741, 32.6954, 355.7516, 0.0856, 0.0856 
9.118024, -0.008551113, -0.2342845, 0.1629951, 2.036368, 32.71463, 355.796, 0.0856, 0.0856 
9.134566, -0.008101903, -0.2351022, 0.1633117, 2.000303, 32.72989, 355.8036, 0.0856, 0.0856 
9.151286, -0.008652098, -0.2344757, 0.1630919, 2.042684, 32.70314, 355.7516, 0.0856, 0.0856 
9.167953, -0.009253874, -0.234699, 0.1637974, 2.16321, 32.66531, 355.5926, 0.0856, 0.0856 
9.184654, -0.009514585, -0.2325112, 0.1621262, 2.187661, 32.71607, 355.7372, 0.0856, 0.0856 
9.201222, -0.009080328, -0.2325292, 0.1619265, 2.142884, 32.75838, 355.887, 0.0856, 0.0856 
9.217935, -0.008691415, -0.2332521, 0.162349, 2.1247, 32.78417, 356.0462, 0.0856, 0.0856 
9.234574, -0.009145416, -0.2328059, 0.1619734, 2.250109, 32.76299, 356.0479, 0.0856, 0.0856 
9.251374, -0.009659372, -0.2324261, 0.1619996, 2.268469, 32.73619, 355.8761, 0.0856, 0.0856 
9.267993, -0.009601891, -0.2321121, 0.1635727, 2.26283, 33.06501, 355.6594, 0.0856, 0.0856 
9.2846, -0.008674271, -0.2327014, 0.1673799, 2.244989, 33.4519, 355.6482, 0.0856, 0.0856 
9.301287, -0.008198954, -0.2325433, 0.1701314, 2.322837, 33.90927, 355.8772, 0.0856, 0.0856 
9.317957, -0.008161426, -0.2328894, 0.1727975, 2.239929, 34.12701, 356.0136, 0.0856, 0.0856 
9.334617, -0.008177966, -0.2344226, 0.1757317, 2.343407, 34.3319, 356.0422, 0.0856, 0.0856 
9.351454, -0.008993633, -0.2333972, 0.1766112, 1.998564, 34.16677, 356.3936, 0.0856, 0.0856 
9.368007, -0.009554535, -0.231725, 0.1763496, 1.960516, 33.86163, 356.4554, 0.0856, 0.0856 
9.384693, -0.009330362, -0.2315027, 0.1767498, 1.952765, 33.43736, 356.3258, 0.0856, 0.0856 
9.401279, -0.008700721, -0.2324614, 0.1777016, 1.844792, 32.86316, 356.0712, 0.0856, 0.0856 
9.417989, -0.008681245, -0.2319905, 0.1775489, 1.895149, 32.37852, 355.9602, 0.0856, 0.0856 
9.434631, -0.008548759, -0.2316518, 0.1773215, 1.929908, 31.81172, 355.9481, 0.0856, 0.0856 
9.451283, -0.008239888, -0.2313776, 0.1766944, 1.976229, 30.99887, 355.8238, 0.0856, 0.0856 
9.467923, -0.007469907, -0.2322982, 0.1774857, 1.924325, 29.9303, 355.6858, 0.0856, 0.0856 
9.484634, -0.00672172, -0.2325602, 0.177365, 1.621806, 28.91559, 355.8263, 0.0856, 0.0856 
9.501403, -0.006250903, -0.2319661, 0.1750855, 0.9787307, 28.04476, 356.5799, 0.0856, 0.0856 
9.517921, -0.005953774, -0.2318366, 0.1731664, 0.230043, 27.2022, 357.5768, 0.0856, 0.0856 
9.534624, -0.005653284, -0.2320497, 0.1722121, 359.4512, 26.37642, 358.5356, 0.0856, 0.0856 
9.551294, -0.005547278, -0.2315047, 0.1715908, 358.4375, 25.64474, 359.6425, 0.0856, 0.0856 
9.568, -0.004750483, -0.231299, 0.1716157, 356.9163, 25.12545, 0.9985394, 0.0856, 0.0856 
9.584622, -0.00317578, -0.2311421, 0.1713946, 355.2202, 24.90905, 2.329373, 0.0856, 0.0856 
9.601278, -0.0009732768, -0.2305824, 0.1702739, 353.8664, 24.9241, 3.145171, 0.0856, 0.0856 
9.617962, 0.002455018, -0.2310786, 0.169587, 353.1917, 25.06901, 3.373945, 0.0856, 0.0856 
9.634608, 0.006784834, -0.2314184, 0.168172, 353.3112, 25.42923, 3.080464, 0.0856, 0.0856 
9.651325, 0.01204013, -0.2324633, 0.1666614, 353.9965, 26.03074, 2.73105, 0.0856, 0.0856 
9.667961, 0.01742963, -0.2331367, 0.1644072, 354.8408, 26.72064, 2.411571, 0.0856, 0.0856 
9.684665, 0.02425047, -0.2368356, 0.1641169, 355.1764, 27.07472, 1.323834, 0.0856, 0.0856 
9.701288, 0.03093452, -0.2390118, 0.1618558, 355.7266, 27.58269, 0.383335, 0.0856, 0.0856 
9.717942, 0.03826776, -0.2417913, 0.1596518, 356.6654, 28.25321, 359.8899, 0.0856, 0.0856 
9.734637, 0.0454264, -0.2428221, 0.1559348, 357.8688, 29.07739, 359.4258, 0.0856, 0.0856 
9.751421, 0.0525292, -0.243689, 0.1519298, 359.4995, 30.16171, 359.2673, 0.0856, 0.0856 
9.768051, 0.05785096, -0.2414843, 0.1452092, 1.864024, 31.63519, 359.4088, 0.0856, 0.0856 
9.784619, 0.06140088, -0.237865, 0.1379987, 4.046528, 32.94416, 359.8988, 0.0856, 0.0856 
9.801301, 0.06153655, -0.2342295, 0.1322642, 5.054042, 33.44797, 0.3316613, 0.0856, 0.0856 
9.817945, 0.05978908, -0.232858, 0.1291946, 4.693751, 33.19967, 0.8815073, 0.0856, 0.0856 
9.834659, 0.05789059, -0.2336643, 0.1275027, 3.761229, 32.65364, 1.396439, 0.0856, 0.0856 
9.851397, 0.05463928, -0.2327732, 0.1239815, 3.512231, 32.01616, 1.023471, 0.0856, 0.0856 
9.867968, 0.05185334, -0.2333554, 0.1215748, 3.009349, 31.5073, 1.117498, 0.0856, 0.0856 
9.884828, 0.04746494, -0.2323783, 0.1182622, 2.791495, 30.91876, 1.644729, 0.0856, 0.0856 
9.901284, 0.04344206, -0.2325524, 0.1162835, 2.724169, 30.39187, 1.76895, 0.0856, 0.0856 
9.917956, 0.03993465, -0.2337636, 0.1154672, 3.016822, 29.85205, 1.724486, 0.0856, 0.0856 
9.934628, 0.03643395, -0.2344067, 0.1146034, 3.363894, 29.519, 1.721843, 0.0856, 0.0856 
9.951392, 0.03277276, -0.2351316, 0.1146275, 3.459456, 29.14102, 1.436225, 0.0856, 0.0856 
9.968103, 0.0278759, -0.2346446, 0.1146142, 3.505586, 28.70934, 1.333397, 0.0856, 0.0856 
9.984751, 0.02314527, -0.2347642, 0.1155499, 3.314783, 28.0658, 1.051947, 0.0856, 0.0856 
10.00134, 0.01860643, -0.2350082, 0.1169997, 3.125132, 27.50467, 0.9604174, 0.0856, 0.0856 
10.01805, 0.01413472, -0.235328, 0.1187918, 2.635272, 27.00686, 0.7458347, 0.0856, 0.0856 
10.03463, 0.009766839, -0.2355849, 0.1209574, 2.182089, 26.57116, 0.5549634, 0.0856, 0.0856 
10.05128, 0.005505159, -0.2363198, 0.1239538, 1.719093, 26.15732, 0.2382909, 0.0856, 0.0856 
10.06799, 0.000830166, -0.2358882, 0.1265285, 1.363291, 25.73534, 359.9089, 0.0856, 0.0856 
10.08465, -0.004275411, -0.234226, 0.1288193, 1.346427, 25.42063, 0.01338726, 0.0856, 0.0856 
10.1014, -0.008714847, -0.2328983, 0.1313864, 1.277311, 25.08699, 0.1055342, 0.0856, 0.0856 
10.11799, -0.01307426, -0.2329733, 0.1354413, 0.9098957, 24.81135, 0.2762407, 0.0856, 0.0856 
10.13465, -0.01748038, -0.233404, 0.1401033, 0.8922555, 24.55688, 0.1318799, 0.0856, 0.0856 
10.15131, -0.02160292, -0.2334163, 0.1447938, 0.9072009, 24.19035, 359.0419, 0.0856, 0.0856 
10.16799, -0.02343972, -0.2339853, 0.1502835, 1.031248, 24.0803, 357.5463, 0.0856, 0.0856 
10.18466, -0.02194697, -0.23475, 0.1558503, 1.170922, 24.48058, 356.5355, 0.0856, 0.0856 
10.20131, -0.01977988, -0.2353497, 0.1610727, 1.351356, 25.08693, 356.0427, 0.0856, 0.0856 
10.21796, -0.01770385, -0.2355717, 0.165861, 1.504393, 25.59136, 355.6326, 0.0856, 0.0856 
10.23466, -0.01574815, -0.235682, 0.1703218, 1.650686, 25.99874, 355.432, 0.0856, 0.0856 
10.25138, -0.01384858, -0.2354535, 0.1743554, 1.60644, 26.23844, 355.3999, 0.0856, 0.0856 
10.26808, -0.01182126, -0.2356365, 0.1783646, 1.444778, 26.2788, 355.5724, 0.0856, 0.0856 
10.28464, -0.009727485, -0.2357332, 0.1821186, 1.306561, 26.04025, 355.6185, 0.0856, 0.0856 
10.30141, -0.007375851, -0.2356221, 0.1850496, 1.317536, 25.81501, 355.6491, 0.0856, 0.0856 
10.318, -0.002453521, -0.2386485, 0.1900484, 0.9738587, 25.87482, 355.7765, 0.0856, 0.0856 
10.3347, 0.005128473, -0.2440482, 0.1964348, 0.4282659, 26.38268, 356.1724, 0.0856, 0.0856 
10.35143, 0.01259506, -0.2459014, 0.1991049, 0.09120324, 26.8539, 356.3002, 0.0856, 0.0856 
10.36798, 0.02087034, -0.2471937, 0.2002772, 359.8513, 27.64701, 356.3917, 0.0856, 0.0856 
10.38467, 0.02896588, -0.2472976, 0.1993207, 359.9147, 28.52018, 356.4973, 0.0856, 0.0856 
10.40131, 0.03549518, -0.2441566, 0.1945868, 0.5403255, 29.25584, 356.4757, 0.0856, 0.0856 
10.418, 0.04306982, -0.2441167, 0.1921948, 0.8367484, 29.71426, 356.2169, 0.0856, 0.0856 
10.43464, 0.05080437, -0.2450095, 0.1902308, 1.007801, 30.06226, 356.0508, 0.0856, 0.0856 
10.45134, 0.05850454, -0.2459961, 0.1878116, 1.212505, 30.3535, 356.1482, 0.0856, 0.0856 
10.46804, 0.06568904, -0.2463338, 0.1842441, 1.455165, 30.80335, 356.3943, 0.0856, 0.0856 
10.48465, 0.07177227, -0.2458161, 0.1790034, 2.038738, 31.74763, 356.8586, 0.0856, 0.0856 
10.50133, 0.07682127, -0.2452774, 0.1735682, 2.559978, 32.47354, 357.226, 0.0856, 0.0856 
10.51809, 0.08191527, -0.2455579, 0.1695253, 2.861103, 33.10992, 357.3349, 0.0856, 0.0856 
10.53469, 0.08552141, -0.2447424, 0.1632861, 3.666979, 33.23006, 356.8302, 0.0856, 0.0856 
10.55147, 0.08734079, -0.2440082, 0.1577148, 3.90187, 33.40702, 357.4956, 0.0856, 0.0856 
10.56807, 0.08975621, -0.2443089, 0.1536256, 4.248873, 33.83325, 357.6145, 0.0856, 0.0856 
10.5847, 0.09275696, -0.2469097, 0.1506936, 4.613208, 33.853, 358.8444, 0.0856, 0.0856 
10.60132, 0.09107831, -0.2436287, 0.1435135, 5.283739, 33.96342, 0.9156297, 0.0856, 0.0856 
10.61801, 0.08992555, -0.2417756, 0.1375016, 5.816645, 33.83266, 2.65988, 0.0856, 0.0856 
10.63468, 0.08858821, -0.2406619, 0.1320804, 5.982005, 33.65411, 4.274937, 0.0856, 0.0856 
10.65149, 0.08619852, -0.2392551, 0.1272413, 6.18966, 33.75469, 5.525311, 0.0856, 0.0856 
10.66802, 0.08250566, -0.2382153, 0.1227789, 5.783204, 33.14629, 5.787509, 0.0856, 0.0856 
10.68466, 0.07895862, -0.2370895, 0.1186097, 5.095315, 32.54613, 5.728441, 0.0856, 0.0856 
10.70132, 0.07770841, -0.2390686, 0.1165458, 3.903546, 31.97055, 6.102527, 0.0856, 0.0856 
10.71805, 0.07395662, -0.2366566, 0.112573, 3.508492, 32.00592, 6.013024, 0.0856, 0.0856 
10.73473, 0.07230654, -0.2374004, 0.1106535, 3.065738, 31.94646, 6.013079, 0.0856, 0.0856 
10.75144, 0.06865774, -0.2356605, 0.1083168, 3.309232, 32.30171, 6.051361, 0.0856, 0.0856 
10.76807, 0.06544524, -0.2354073, 0.1078234, 3.217609, 32.49042, 5.773202, 0.0856, 0.0856 
10.78479, 0.06183258, -0.236598, 0.1090863, 2.919577, 32.54312, 4.880318, 0.0856, 0.0856 
10.80134, 0.05693384, -0.2378321, 0.1107292, 2.708892, 32.28112, 4.097832, 0.0856, 0.0856 
10.81805, 0.05042063, -0.2385895, 0.1126128, 2.720778, 31.72052, 3.603826, 0.0856, 0.0856 
10.83466, 0.04407284, -0.2394632, 0.115088, 2.741084, 30.89324, 2.792069, 0.0856, 0.0856 
10.8514, 0.03858562, -0.2406144, 0.1183722, 2.635826, 30.1008, 1.567351, 0.0856, 0.0856 
10.86801, 0.03302332, -0.2404515, 0.1214055, 2.649968, 29.55906, 0.3777764, 0.0856, 0.0856 
10.88489, 0.02783887, -0.2397203, 0.1242612, 2.823916, 29.22498, 359.3755, 0.0856, 0.0856 
10.90138, 0.0237221, -0.239462, 0.127583, 2.927449, 28.77003, 358.1646, 0.0856, 0.0856 
10.91806, 0.02006499, -0.2385999, 0.1310364, 2.991234, 28.34556, 357.1553, 0.0856, 0.0856 
10.93467, 0.01761919, -0.2382869, 0.1354907, 2.855232, 27.92707, 356.3495, 0.0856, 0.0856 
10.95154, 0.01670849, -0.2385314, 0.1404714, 2.55896, 27.61472, 355.6413, 0.0856, 0.0856 
10.96801, 0.01751525, -0.2395032, 0.1456098, 2.284178, 27.427, 355.3326, 0.0856, 0.0856 
10.98467, 0.01933643, -0.239904, 0.1503864, 2.095551, 27.36121, 355.2551, 0.0856, 0.0856 
11.00136, 0.02263254, -0.2402837, 0.1544305, 1.848065, 27.52978, 355.4514, 0.0856, 0.0856 
11.01803, 0.02768165, -0.2419567, 0.158462, 1.361328, 27.78384, 355.989, 0.0856, 0.0856 
11.0347, 0.0329694, -0.2419319, 0.1612329, 1.343849, 28.4427, 356.3459, 0.0856, 0.0856 
11.05136, 0.03936663, -0.2431129, 0.1641403, 1.420897, 29.19006, 356.5171, 0.0856, 0.0856 
11.06802, 0.04689105, -0.2447234, 0.1664985, 1.315145, 29.92429, 356.6754, 0.0856, 0.0856 
11.08472, 0.05589473, -0.2471933, 0.1684463, 1.081185, 30.76722, 356.9633, 0.0856, 0.0856 
11.10147, 0.0634918, -0.2464972, 0.1665932, 1.451946, 31.47906, 357.1411, 0.0856, 0.0856 
11.11804, 0.07092637, -0.2460646, 0.1638186, 1.890758, 32.11852, 357.3694, 0.0856, 0.0856 
11.13471, 0.07738402, -0.2451753, 0.1598726, 2.520005, 32.78952, 357.8821, 0.0856, 0.0856 
11.15145, 0.08457047, -0.2466629, 0.1572002, 3.061269, 33.33537, 358.4991, 0.0856, 0.0856 
11.16813, 0.08846292, -0.2454347, 0.1526119, 3.55934, 33.80368, 359.5864, 0.0856, 0.0856 
11.1847, 0.09305202, -0.2452681, 0.1496198, 3.777017, 34.46102, 359.9799, 0.0856, 0.0856 
11.20136, 0.09517109, -0.2458427, 0.145477, 4.69965, 34.65255, 1.773314, 0.0856, 0.0856 
11.21805, 0.09808858, -0.2483668, 0.1424609, 4.561751, 34.62637, 3.800693, 0.0856, 0.0856 
11.2347, 0.09369577, -0.2443225, 0.1352235, 5.451687, 34.08103, 4.824665, 0.0856, 0.0856 
11.25137, 0.08976923, -0.2425669, 0.1298124, 6.169605, 33.06426, 5.049495, 0.0856, 0.0856 
11.26804, 0.08712666, -0.2426061, 0.1257318, 6.444599, 32.00325, 5.272614, 0.0856, 0.0856 
11.28472, 0.08500083, -0.2430211, 0.1218016, 6.297676, 31.06488, 5.41291, 0.0856, 0.0856 
11.3014, 0.0820951, -0.2422666, 0.1168829, 5.945013, 30.45632, 5.761809, 0.0856, 0.0856 
11.3181, 0.07891811, -0.2414506, 0.1121831, 5.593657, 29.97896, 6.108579, 0.0856, 0.0856 
11.33476, 0.07702552, -0.2417354, 0.1088531, 5.645274, 29.50132, 6.487532, 0.0856, 0.0856 
11.35145, 0.07318871, -0.2400167, 0.1043169, 4.895278, 29.50577, 6.940518, 0.0856, 0.0856 
11.36807, 0.06955229, -0.2385778, 0.1004254, 4.094696, 29.54723, 7.432089, 0.0856, 0.0856 
11.3847, 0.06608522, -0.2370488, 0.09719379, 3.593392, 29.77348, 7.608131, 0.0856, 0.0856 
11.40147, 0.06303781, -0.2366054, 0.09507544, 3.203554, 29.99784, 7.651281, 0.0856, 0.0856 
11.41812, 0.05937403, -0.2366212, 0.09390411, 2.835803, 30.12596, 7.464091, 0.0856, 0.0856 
11.43476, 0.0547183, -0.2366664, 0.09368046, 2.438989, 30.13968, 6.732815, 0.0856, 0.0856 
11.45146, 0.04957595, -0.2367021, 0.0939375, 2.154789, 29.95859, 5.81447, 0.0856, 0.0856 
11.46806, 0.04360585, -0.2364848, 0.09440823, 2.048752, 29.6071, 4.675009, 0.0856, 0.0856 
11.48483, 0.03817199, -0.2368977, 0.09580418, 1.973708, 29.08617, 3.53669, 0.0856, 0.0856 
11.50142, 0.03301472, -0.2365655, 0.0973044, 2.054241, 28.55026, 2.453, 0.0856, 0.0856 
11.51812, 0.02860001, -0.2361274, 0.09950702, 2.352011, 28.04888, 1.477851, 0.0856, 0.0856 
11.53476, 0.0246077, -0.2358003, 0.1028317, 2.54326, 27.7076, 0.5526375, 0.0856, 0.0856 
11.55152, 0.02119604, -0.2361232, 0.1072345, 2.633405, 27.46395, 359.4767, 0.0856, 0.0856 
11.5681, 0.01793711, -0.236683, 0.1123915, 2.638753, 27.22463, 358.5228, 0.0856, 0.0856 
11.5848, 0.01437642, -0.2364637, 0.1174118, 2.613399, 26.98566, 357.766, 0.0856, 0.0856 
11.60141, 0.01024191, -0.2351148, 0.1218118, 2.518577, 26.64272, 357.1819, 0.0856, 0.0856 
11.61806, 0.005828343, -0.2343738, 0.1268821, 2.251901, 26.16765, 356.6826, 0.0856, 0.0856 
11.63479, 0.001219109, -0.2343826, 0.1328768, 1.862277, 25.66195, 356.0634, 0.0856, 0.0856 
11.65139, -0.003834896, -0.234506, 0.1387658, 1.502852, 25.15131, 355.7513, 0.0856, 0.0856 
11.66806, -0.01001073, -0.2337175, 0.1437609, 1.319305, 24.57104, 355.5947, 0.0856, 0.0856 
11.68474, -0.01644641, -0.2333899, 0.1490626, 1.098242, 23.81773, 355.4283, 0.0856, 0.0856 
11.7014, -0.02198014, -0.2319207, 0.1533172, 1.243179, 23.32499, 355.315, 0.0856, 0.0856 
11.71806, -0.02353384, -0.2317172, 0.1584093, 1.341606, 23.55408, 355.329, 0.0856, 0.0856 
11.73478, -0.02579818, -0.2305897, 0.1624157, 1.466508, 23.79147, 355.3483, 0.0856, 0.0856 
11.7515, -0.02998276, -0.2301565, 0.1672007, 1.322805, 23.60187, 355.2206, 0.0856, 0.0856 
11.76816, -0.03518247, -0.2296008, 0.1721368, 1.003404, 23.31402, 354.9801, 0.0856, 0.0856 
11.78474, -0.04037783, -0.2288592, 0.1768807, 0.8979825, 23.00837, 354.7971, 0.0856, 0.0856 
11.80148, -0.04434958, -0.2282395, 0.1821132, 0.6741445, 22.68776, 354.4282, 0.0856, 0.0856 
11.81816, -0.04700891, -0.2282928, 0.1878097, 0.3587128, 22.3866, 354.0901, 0.0856, 0.0856 
11.83479, -0.0488324, -0.2276194, 0.1922429, 0.2234744, 22.26401, 354.0092, 0.0856, 0.0856 
11.85157, -0.05002041, -0.2270539, 0.1960854, 0.232152, 22.18066, 353.9946, 0.0856, 0.0856 
11.86809, -0.05095104, -0.2269856, 0.199556, 0.3174961, 21.97065, 354.0369, 0.0856, 0.0856 
11.88475, -0.05125039, -0.2273608, 0.202883, 0.3925131, 21.81524, 354.0287, 0.0856, 0.0856 
11.90149, -0.05088592, -0.2280601, 0.2060923, 0.5169529, 21.73268, 354.0159, 0.0856, 0.0856 
11.91807, -0.05051856, -0.2278622, 0.2080984, 0.6973191, 21.80789, 354.1071, 0.0856, 0.0856 
11.93478, -0.04977443, -0.2287831, 0.2108062, 0.7662613, 21.90935, 354.2126, 0.0856, 0.0856 
11.95155, -0.04896156, -0.2290638, 0.2124137, 0.8410444, 21.9352, 354.2381, 0.0856, 0.0856 
11.96812, -0.0477693, -0.2293069, 0.2134938, 0.797788, 21.95099, 354.2818, 0.0856, 0.0856 
11.9848, -0.0459256, -0.2299141, 0.2143137, 0.6615719, 21.92801, 354.2325, 0.0856, 0.0856 
12.00145, -0.04321543, -0.2316702, 0.2159135, 0.3823498, 22.01736, 354.2597, 0.0856, 0.0856 
12.01819, -0.03979616, -0.2327152, 0.2157761, 0.3390994, 22.33102, 354.4284, 0.0856, 0.0856 
12.03482, -0.03554527, -0.233344, 0.2144471, 0.4797394, 22.79961, 354.7282, 0.0856, 0.0856 
12.05148, -0.03025173, -0.235188, 0.2136317, 0.4114004, 23.22803, 354.9533, 0.0856, 0.0856 
12.06808, -0.02436707, -0.2379995, 0.2128062, 0.0381465, 23.56411, 354.9914, 0.0856, 0.0856 
12.08478, -0.01808285, -0.2411739, 0.2111435, 359.7876, 24.16181, 355.2935, 0.0856, 0.0856 
12.10143, -0.01214827, -0.2421996, 0.2064504, 359.8964, 24.74769, 355.6215, 0.0856, 0.0856 
12.11818, -0.006675698, -0.2423605, 0.2003516, 0.04450669, 25.09126, 355.7455, 0.0856, 0.0856 
12.13482, -0.0008404776, -0.2444008, 0.1957592, 0.316177, 25.48295, 355.7263, 0.0856, 0.0856 
12.15147, 0.003252491, -0.2427965, 0.1874591, 0.5923062, 25.56693, 355.5724, 0.0856, 0.0856 
12.16812, 0.008428298, -0.2450475, 0.1822047, 0.8704222, 25.86477, 355.5933, 0.0856, 0.0856 
12.18487, 0.01248837, -0.2456773, 0.175177, 1.013879, 26.11363, 355.7731, 0.0856, 0.0856 
12.20146, 0.01503451, -0.243196, 0.1656317, 1.268714, 25.98137, 355.653, 0.0856, 0.0856 
12.2181, 0.01784156, -0.2424292, 0.157743, 1.627525, 25.86371, 355.3663, 0.0856, 0.0856 
12.23477, 0.01869227, -0.2399215, 0.1492888, 1.925202, 25.74753, 355.3829, 0.0856, 0.0856 
12.25163, 0.02151664, -0.2412931, 0.1438828, 1.813991, 25.57321, 355.4774, 0.0856, 0.0856 
12.26811, 0.02428784, -0.2424855, 0.1396822, 1.953903, 25.60287, 355.5106, 0.0856, 0.0856 
12.28477, 0.02638537, -0.2423666, 0.1347744, 1.616272, 25.76523, 356.2137, 0.0856, 0.0856 
12.30146, 0.02689561, -0.2400533, 0.1294869, 1.717866, 25.99126, 356.8204, 0.0856, 0.0856 
12.3182, 0.02803932, -0.2395445, 0.1264953, 1.791444, 26.17441, 357.3872, 0.0856, 0.0856 
12.33477, 0.02931804, -0.2392669, 0.1245546, 2.11106, 26.29531, 357.9687, 0.0856, 0.0856 
12.35149, 0.03106157, -0.2390855, 0.1239622, 2.435701, 26.34574, 358.8378, 0.0856, 0.0856 
12.36816, 0.0339902, -0.239139, 0.125006, 2.396736, 26.66494, 359.6057, 0.0856, 0.0856 
12.3848, 0.03722308, -0.2393008, 0.1274692, 2.370078, 27.12899, 0.04863531, 0.0856, 0.0856 
12.4015, 0.03987843, -0.2381256, 0.1301658, 2.650453, 27.71601, 359.8225, 0.0856, 0.0856 
12.41818, 0.04264422, -0.2381692, 0.1347691, 2.878293, 28.33104, 359.3211, 0.0856, 0.0856 
12.43479, 0.0464444, -0.2408105, 0.1417141, 2.64071, 28.7223, 358.7317, 0.0856, 0.0856 
12.45165, 0.04860525, -0.2412185, 0.1481653, 2.855155, 29.35742, 358.226, 0.0856, 0.0856 
12.4681, 0.04985808, -0.2406403, 0.155152, 3.214264, 29.74596, 357.2012, 0.0856, 0.0856 
12.48477, 0.05087133, -0.2409948, 0.1633068, 3.336836, 29.98306, 356.3341, 0.0856, 0.0856 
12.50153, 0.05149737, -0.241615, 0.1717778, 3.144536, 30.15874, 355.8206, 0.0856, 0.0856 
12.51814, 0.05189518, -0.2422915, 0.1798239, 2.860214, 30.31138, 355.4464, 0.0856, 0.0856 
12.53482, 0.05189757, -0.2424324, 0.1865436, 2.610684, 30.56026, 355.3998, 0.0856, 0.0856 
12.55148, 0.05164984, -0.2425428, 0.1919944, 2.387068, 30.93969, 355.5566, 0.0856, 0.0856 
12.56811, 0.05235069, -0.2430827, 0.1954039, 0.893783, 31.83614, 356.4328, 0.0856, 0.0856 
12.58477, 0.05113739, -0.240595, 0.1949492, 359.6508, 32.64824, 357.3107, 0.0856, 0.0856 
12.60146, 0.05172588, -0.2399133, 0.1973896, 358.1218, 33.35636, 357.1566, 0.0856, 0.0856 
12.61816, 0.05321464, -0.2400358, 0.2026652, 355.6161, 33.69608, 357.8112, 0.0856, 0.0856 
12.6348, 0.05379037, -0.2376967, 0.2066804, 352.9818, 33.52917, 359.0558, 0.0856, 0.0856 
12.65158, 0.05039445, -0.2309609, 0.2045002, 354.3698, 32.83347, 1.471349, 0.0856, 0.0856 
12.66816, 0.04583, -0.2268822, 0.2015014, 2.081153, 31.84494, 0.9777612, 0.0856, 0.0856 
12.68482, 0.0410348, -0.2276588, 0.1988935, 7.127076, 31.04763, 359.8143, 0.0856, 0.0856 
12.70146, 0.03601775, -0.2296344, 0.1958673, 8.419951, 29.93186, 358.932, 0.0856, 0.0856 
12.71814, 0.03176391, -0.2312483, 0.1912203, 8.424269, 29.15435, 358.3958, 0.0856, 0.0856 
12.73483, 0.02816208, -0.2324077, 0.1844639, 8.186955, 28.7044, 357.8273, 0.0856, 0.0856 
12.75151, 0.02490859, -0.2342995, 0.177919, 7.568491, 28.42041, 357.4241, 0.0856, 0.0856 
12.76836, 0.02414598, -0.2409437, 0.1752491, 6.530728, 28.08858, 356.6711, 0.0856, 0.0856 
12.78487, 0.02047223, -0.2395271, 0.164961, 6.911495, 27.76729, 356.7083, 0.0856, 0.0856 
12.80152, 0.01681315, -0.2345016, 0.1524125, 6.906845, 27.69392, 357.4466, 0.0856, 0.0856 
12.81816, 0.01569609, -0.2329682, 0.1444368, 6.596391, 27.64912, 358.3299, 0.0856, 0.0856 
12.83485, 0.01652581, -0.231105, 0.136854, 6.266973, 27.51616, 359.0995, 0.0856, 0.0856 
12.85157, 0.01921228, -0.2319528, 0.1321086, 5.517039, 27.56452, 359.6116, 0.0856, 0.0856 
12.86814, 0.02267931, -0.2347945, 0.1284647, 4.45937, 27.43305, 0.1837633, 0.0856, 0.0856 
12.88487, 0.02555919, -0.23586, 0.1243507, 3.942067, 27.62511, 0.2810696, 0.0856, 0.0856 
12.90151, 0.02945107, -0.2383673, 0.1218418, 3.814457, 27.94989, 0.6330327, 0.0856, 0.0856 
12.91825, 0.03323478, -0.2377227, 0.1179004, 4.435472, 28.56993, 1.557449, 0.0856, 0.0856 
12.93483, 0.038285, -0.2369142, 0.1143441, 5.051364, 29.14313, 2.06745, 0.0856, 0.0856 
12.95152, 0.04470667, -0.2366986, 0.1116781, 5.210207, 29.88951, 2.507349, 0.0856, 0.0856 
12.96815, 0.05124675, -0.235835, 0.1095908, 5.326641, 30.88953, 2.891264, 0.0856, 0.0856 
12.98482, 0.0585659, -0.2360016, 0.1088908, 5.288229, 31.85816, 3.115946, 0.0856, 0.0856 
13.00154, 0.0661936, -0.2366718, 0.108986, 5.159886, 32.79769, 3.387626, 0.0856, 0.0856 
13.0182, 0.07324812, -0.2357371, 0.1082214, 5.085109, 33.69175, 3.76052, 0.0856, 0.0856 
13.03485, 0.07590269, -0.2348665, 0.1091374, 4.936982, 33.7247, 3.872397, 0.0856, 0.0856 
13.05151, 0.07733382, -0.2341459, 0.110884, 4.614901, 33.26628, 4.022015, 0.0856, 0.0856 
13.06815, 0.07921218, -0.2341432, 0.1130929, 4.956036, 32.74933, 3.709732, 0.0856, 0.0856 
13.08482, 0.08141184, -0.2341975, 0.1152045, 5.243659, 32.43732, 3.448371, 0.0856, 0.0856 
13.10149, 0.08353837, -0.2350127, 0.1174619, 5.25585, 32.40196, 3.412829, 0.0856, 0.0856 
13.1182, 0.08612719, -0.2356963, 0.1209911, 4.810259, 32.25062, 3.624141, 0.0856, 0.0856 
13.13488, 0.08766472, -0.2347799, 0.1242677, 4.53212, 32.47687, 3.667065, 0.0856, 0.0856 
13.15158, 0.08948751, -0.2341695, 0.1285459, 4.505875, 32.91428, 3.656973, 0.0856, 0.0856 
13.16832, 0.09190656, -0.2342526, 0.1346195, 4.301486, 33.74635, 3.390572, 0.0856, 0.0856 
13.18485, 0.09595074, -0.2417178, 0.1463042, 4.73969, 34.17165, 2.109983, 0.0856, 0.0856 
13.2015, 0.09516028, -0.2449033, 0.1540555, 5.04624, 34.49111, 0.6372683, 0.0856, 0.0856 
13.21816, 0.08992855, -0.2462649, 0.1596842, 6.250422, 34.2346, 359.8947, 0.0856, 0.0856 
13.23485, 0.08322623, -0.2473886, 0.1648446, 7.474558, 33.47549, 359.2281, 0.0856, 0.0856 
13.25154, 0.0770075, -0.2501897, 0.1719695, 7.640066, 33.03443, 358.4423, 0.0856, 0.0856 
13.2682, 0.06884813, -0.2504622, 0.1771319, 7.508512, 32.15728, 357.8912, 0.0856, 0.0856 
13.28486, 0.05886075, -0.2470249, 0.1785429, 7.423108, 31.32164, 357.8501, 0.0856, 0.0856 
13.3015, 0.0491465, -0.243189, 0.1783105, 7.224002, 30.54118, 357.9609, 0.0856, 0.0856 
13.31816, 0.03985623, -0.2396225, 0.1773969, 6.804249, 29.71692, 358.3889, 0.0856, 0.0856 
13.33486, 0.03173432, -0.2383382, 0.1775949, 6.06594, 28.7996, 358.6622, 0.0856, 0.0856 
13.35156, 0.02402644, -0.2376083, 0.1775292, 5.334808, 27.97817, 358.7385, 0.0856, 0.0856 
13.36819, 0.01674774, -0.2376178, 0.1772382, 4.732773, 27.11216, 358.4335, 0.0856, 0.0856 
13.38484, 0.010111, -0.2378917, 0.1761885, 4.414043, 26.30529, 358.0297, 0.0856, 0.0856 
13.40152, 0.00346642, -0.2367384, 0.1729902, 4.554934, 25.44333, 357.7103, 0.0856, 0.0856 
13.41822, -0.001443356, -0.2362639, 0.1696909, 4.656418, 24.75328, 357.5522, 0.0856, 0.0856 
13.43488, -0.004520059, -0.2364138, 0.1661625, 4.705564, 24.27804, 357.474, 0.0856, 0.0856 
13.45161, -0.004999064, -0.2406896, 0.1658317, 4.206603, 24.21568, 357.8014, 0.0856, 0.0856 
13.46822, -0.006226011, -0.238888, 0.1595429, 4.318537, 23.98976, 357.8307, 0.0856, 0.0856 
13.48488, -0.005425557, -0.2395255, 0.1548134, 4.330954, 23.75333, 357.8468, 0.0856, 0.0856 
13.50155, -0.00254672, -0.2429004, 0.1523873, 4.056336, 23.9026, 358.3198, 0.0856, 0.0856 
13.51818, 0.0008402765, -0.2430764, 0.1473245, 3.878169, 23.79994, 358.6077, 0.0856, 0.0856 
13.53489, 0.005519494, -0.2427752, 0.1421177, 3.921101, 24.06128, 359.2204, 0.0856, 0.0856 
13.55155, 0.01167365, -0.2423455, 0.1374682, 4.05381, 24.6041, 359.9133, 0.0856, 0.0856 
13.56818, 0.01954205, -0.2429157, 0.1344924, 4.242526, 25.54196, 0.7384487, 0.0856, 0.0856 
13.58487, 0.02865655, -0.2434359, 0.132596, 4.465135, 26.48774, 1.315172, 0.0856, 0.0856 
13.60155, 0.03877476, -0.2443539, 0.132349, 4.638261, 27.53286, 1.652637, 0.0856, 0.0856 
13.61823, 0.04852352, -0.2441113, 0.1322326, 4.949755, 28.65119, 1.8643, 0.0856, 0.0856 
13.63494, 0.05576283, -0.2404978, 0.1310355, 5.706469, 29.76911, 1.908628, 0.0856, 0.0856 
13.65167, 0.06137612, -0.2374196, 0.1316526, 6.503261, 30.56897, 1.666966, 0.0856, 0.0856 
13.66819, 0.06559165, -0.2361641, 0.1345466, 6.977407, 31.16223, 1.285655, 0.0856, 0.0856 
13.68486, 0.06819249, -0.2370673, 0.1395926, 7.019186, 31.4751, 1.018752, 0.0856, 0.0856 
13.70154, 0.06901826, -0.2405965, 0.1473296, 6.369262, 31.38215, 0.8214689, 0.0856, 0.0856 
13.71822, 0.06677294, -0.243367, 0.1548506, 5.624098, 31.01583, 0.5353521, 0.0856, 0.0856 
13.7349, 0.06215122, -0.2447354, 0.1614783, 5.591099, 30.56025, 359.9842, 0.0856, 0.0856 
13.75162, 0.05627269, -0.2451548, 0.1671523, 5.815432, 30.05018, 359.4152, 0.0856, 0.0856 
13.76822, 0.04897402, -0.2440996, 0.171153, 5.749256, 29.605, 359.2904, 0.0856, 0.0856 
13.78488, 0.04151981, -0.2438357, 0.1753975, 5.159883, 29.01535, 359.359, 0.0856, 0.0856 
13.8016, 0.03257927, -0.2413653, 0.1766838, 4.970045, 28.55424, 359.4819, 0.0856, 0.0856 
13.81824, 0.02517121, -0.2413289, 0.1786514, 4.726849, 28.01124, 359.1302, 0.0856, 0.0856 
13.83497, 0.01799653, -0.2407661, 0.1786233, 4.63133, 27.34278, 358.6619, 0.0856, 0.0856 
13.85162, 0.01102877, -0.2402841, 0.1771957, 4.623571, 26.44948, 358.0838, 0.0856, 0.0856 
13.86821, 0.003962524, -0.2385215, 0.1736404, 4.690711, 25.46934, 358.0289, 0.0856, 0.0856 
13.88492, -0.0007021055, -0.2380241, 0.1698854, 4.813189, 24.77085, 358.0425, 0.0856, 0.0856 
13.90159, -0.002455749, -0.2396813, 0.1668215, 4.724123, 24.31077, 358.1414, 0.0856, 0.0856 
13.91821, -0.002021156, -0.2433053, 0.1646482, 4.219913, 23.64735, 357.8444, 0.0856, 0.0856 
13.93487, -0.001466036, -0.2422138, 0.1578566, 4.188678, 23.59043, 358.2514, 0.0856, 0.0856 
13.95156, 0.001154944, -0.2420956, 0.1522843, 4.105977, 23.84002, 358.7732, 0.0856, 0.0856 
13.96824, 0.004924409, -0.2407624, 0.1463616, 4.29904, 24.64076, 359.8064, 0.0856, 0.0856 
13.98491, 0.01048384, -0.2410464, 0.1429143, 4.15238, 25.07906, 0.354564, 0.0856, 0.0856 
14.0016, 0.0162157, -0.2390797, 0.1386405, 4.33075, 25.87378, 1.086095, 0.0856, 0.0856 
14.01824, 0.02212419, -0.2374679, 0.1358905, 4.732093, 26.51585, 1.460374, 0.0856, 0.0856 
14.03493, 0.02745525, -0.2359365, 0.1343497, 5.279327, 26.99418, 1.462783, 0.0856, 0.0856 
14.05158, 0.03188673, -0.2349806, 0.134386, 5.730249, 27.32159, 1.255549, 0.0856, 0.0856 
14.06826, 0.03515851, -0.2342167, 0.1352898, 6.052296, 27.74134, 1.106485, 0.0856, 0.0856 
14.08497, 0.03797742, -0.235765, 0.1384757, 5.97201, 28.13894, 1.062406, 0.0856, 0.0856 
14.10155, 0.03962217, -0.2381957, 0.1425758, 5.829833, 28.41902, 1.04983, 0.0856, 0.0856 
14.11824, 0.03968651, -0.2394017, 0.1458651, 5.879284, 28.53245, 0.9157687, 0.0856, 0.0856 
14.13493, 0.03873368, -0.2397037, 0.1480477, 6.206614, 28.40432, 0.4953171, 0.0856, 0.0856 
14.15158, 0.03788056, -0.2407592, 0.1503723, 6.544657, 28.16012, 359.9894, 0.0856, 0.0856 
14.16823, 0.03628282, -0.2402264, 0.1509605, 7.048964, 27.94735, 359.56, 0.0856, 0.0856 
14.18489, 0.03465201, -0.239241, 0.1513224, 7.301772, 27.73836, 359.3985, 0.0856, 0.0856 
14.20154, 0.0336105, -0.2395975, 0.1526235, 6.903344, 27.64884, 359.4265, 0.0856, 0.0856 
14.2183, 0.03268522, -0.2402935, 0.1537821, 6.283909, 27.64898, 359.489, 0.0856, 0.0856 
14.23489, 0.03272816, -0.2431696, 0.1558188, 5.61281, 27.48958, 358.7624, 0.0856, 0.0856 
14.25159, 0.03059581, -0.2413567, 0.1540336, 5.431109, 27.39332, 359.1269, 0.0856, 0.0856 
14.26825, 0.03010336, -0.241221, 0.1536957, 5.31573, 27.41037, 359.2945, 0.0856, 0.0856 
14.28493, 0.03013556, -0.241225, 0.15339, 5.313771, 27.43179, 359.4062, 0.0856, 0.0856 
14.30157, 0.03079891, -0.2415426, 0.1529633, 5.168683, 27.41553, 359.523, 0.0856, 0.0856 
14.3183, 0.03002719, -0.2401742, 0.15177, 5.512932, 27.53646, 359.699, 0.0856, 0.0856 
14.33493, 0.02946797, -0.2391423, 0.1508852, 5.757744, 27.53878, 359.8097, 0.0856, 0.0856 
14.35164, 0.02958089, -0.239178, 0.1509825, 5.875166, 27.53801, 0.03672267, 0.0856, 0.0856 
14.36835, 0.03024448, -0.2412146, 0.1526032, 5.865039, 27.5499, 359.7004, 0.0856, 0.0856 
14.38497, 0.0306109, -0.243258, 0.1547126, 5.916399, 27.47104, 359.6417, 0.0856, 0.0856 
14.4016, 0.03089495, -0.245956, 0.1568262, 5.553844, 27.62376, 359.6806, 0.0856, 0.0856 
14.4183, 0.03090625, -0.2478293, 0.1585869, 4.960522, 27.93828, 0.1210018, 0.0856, 0.0856 
14.43492, 0.03101787, -0.2488874, 0.1596952, 4.423707, 28.24414, 0.4469726, 0.0856, 0.0856 
14.4516, 0.02955112, -0.2429235, 0.1545743, 4.836524, 28.114, 0.1292675, 0.0856, 0.0856 
14.46831, 0.02924899, -0.2407354, 0.152462, 5.169858, 27.79392, 359.7119, 0.0856, 0.0856 
14.48489, 0.02922141, -0.2405029, 0.1521354, 5.390692, 27.52903, 359.4128, 0.0856, 0.0856 
14.50156, 0.02913873, -0.2410256, 0.1525839, 5.511808, 27.41726, 359.3203, 0.0856, 0.0856 
14.51826, 0.02911422, -0.2412938, 0.1526865, 5.565425, 27.40006, 359.3157, 0.0856, 0.0856 
14.53493, 0.02956703, -0.2427328, 0.1532936, 5.730882, 27.34204, 359.1874, 0.0856, 0.0856 
14.55166, 0.02918536, -0.2402935, 0.1511919, 5.975179, 27.46849, 359.3869, 0.0856, 0.0856 
14.56833, 0.0296952, -0.2397492, 0.1504623, 6.167921, 27.5449, 359.4337, 0.0856, 0.0856 
14.58494, 0.02934334, -0.2390936, 0.1504312, 6.252301, 27.56293, 359.4323, 0.0856, 0.0856 
14.60161, 0.02932302, -0.2398576, 0.1516102, 6.008482, 27.48523, 359.2674, 0.0856, 0.0856 
14.61825, 0.02944937, -0.2403935, 0.1523745, 5.711166, 27.46791, 359.2219, 0.0856, 0.0856 
14.63494, 0.02968722, -0.2405792, 0.1529074, 5.572659, 27.42512, 359.1515, 0.0856, 0.0856 
14.65164, 0.02978886, -0.2403519, 0.1528434, 5.596558, 27.49568, 359.1284, 0.0856, 0.0856 
14.66825, 0.03067899, -0.2424565, 0.1544142, 5.48546, 27.58408, 359.114, 0.0856, 0.0856 
14.68492, 0.03100067, -0.2447791, 0.1560412, 5.359691, 27.52411, 359.095, 0.0856, 0.0856 
14.7016, 0.02944553, -0.24308, 0.1536538, 5.57165, 27.39183, 359.2123, 0.0856, 0.0856 
14.71824, 0.02861119, -0.2420842, 0.1518896, 6.02239, 27.3659, 359.2253, 0.0856, 0.0856 
14.7349, 0.02893888, -0.2427753, 0.1519316, 6.511413, 27.27458, 359.0928, 0.0856, 0.0856 
14.75171, 0.02895335, -0.240944, 0.1510052, 6.431125, 27.40894, 359.0245, 0.0856, 0.0856 
14.76827, 0.02901854, -0.2391812, 0.1510826, 6.029129, 27.54489, 359.1363, 0.0856, 0.0856 
14.785, 0.02947989, -0.2396486, 0.1521719, 5.66521, 27.607, 359.1134, 0.0856, 0.0856 
14.80158, 0.02973405, -0.240627, 0.1527852, 5.640377, 27.47243, 358.8334, 0.0856, 0.0856 
14.81825, 0.02938056, -0.2419851, 0.1533973, 5.430281, 27.4178, 358.8817, 0.0856, 0.0856 
14.83492, 0.0285841, -0.2420643, 0.1528113, 5.406428, 27.44254, 359.1765, 0.0856, 0.0856 
14.85165, 0.02946491, -0.2447479, 0.1539488, 5.154059, 27.74325, 359.5003, 0.0856, 0.0856 
