3.567585, 0.001013623, -0.02742486, 0.007253272, 51.02942, 2.633078, 345.5477
3.58423, 0.0007847454, -0.02718283, 0.007004704, 50.99101, 2.510207, 345.4162
3.600948, 0.0004690477, -0.0270634, 0.00692595, 50.91414, 2.273641, 345.2033
3.617564, 1.24293E-05, -0.02713944, 0.007127576, 50.84022, 1.834785, 344.8258
3.63425, -0.0002479982, -0.02707184, 0.00713625, 50.76188, 1.379847, 344.4237
3.650919, -0.0004944978, -0.02695172, 0.007113704, 50.75095, 1.093319, 344.1795
3.66756, -0.0007493785, -0.02691081, 0.007208653, 50.87566, 0.8933073, 344.0415
3.684255, -0.0009955178, -0.02702224, 0.007465041, 51.13763, 0.6945381, 343.9265
3.700904, -0.001258604, -0.02750089, 0.008091189, 51.43988, 0.5000867, 343.8169
3.717597, -0.001600527, -0.02836103, 0.009160825, 51.66692, 0.2284172, 343.6607
3.734293, -0.001840196, -0.02868755, 0.009695157, 51.77507, 0.009765783, 343.5565
3.75092, -0.002043559, -0.02880454, 0.0100212, 51.80521, 359.8752, 343.5232
3.767603, -0.002215507, -0.02887611, 0.01028883, 51.82339, 359.8082, 343.5362
3.784245, -0.002378751, -0.02900468, 0.01059285, 51.88552, 359.7533, 343.5615
3.803105, -0.002603889, -0.02950573, 0.01124292, 52.04483, 359.7205, 343.6241
3.817594, -0.002911093, -0.03051241, 0.01236991, 52.25016, 359.5659, 343.602
3.834297, -0.003071828, -0.03109922, 0.01303029, 52.44518, 359.3805, 343.5271
3.850896, -0.00310803, -0.03149235, 0.01341067, 52.56245, 359.2288, 343.4241
3.867604, -0.003037296, -0.03177322, 0.01360857, 52.6016, 359.1289, 343.3248
3.884307, -0.002908611, -0.03202678, 0.01373252, 52.61963, 359.0353, 343.2142
3.900949, -0.002825751, -0.03241742, 0.01398279, 52.71548, 358.9955, 343.1608
3.917612, -0.002814573, -0.03298251, 0.01442217, 52.84463, 358.8799, 343.0754
3.934306, -0.002776352, -0.03323678, 0.01456945, 52.95127, 358.85, 343.0433
3.950984, -0.002724416, -0.03327042, 0.01452076, 52.99925, 358.9017, 343.063
3.96765, -0.002671232, -0.03310828, 0.01431858, 52.97287, 359.0184, 343.1262
3.984308, -0.00263898, -0.0327449, 0.01398047, 52.86528, 359.2226, 343.2632
4.00092, -0.002618502, -0.03226393, 0.0135304, 52.72601, 359.4679, 343.4359
4.017607, -0.002579241, -0.03174363, 0.01297375, 52.53772, 359.6478, 343.5563
4.034288, -0.002567902, -0.03121714, 0.01236497, 52.30913, 359.8656, 343.6913
4.05103, -0.002552288, -0.03076387, 0.01171851, 52.02425, 359.9942, 343.7458
4.067628, -0.002534426, -0.03044962, 0.01110985, 51.70429, 359.9415, 343.6739
4.08428, -0.002518084, -0.03026554, 0.01053729, 51.37159, 359.7726, 343.5391
4.100985, -0.00249713, -0.0302725, 0.009980713, 51.0409, 359.4869, 343.3365
4.117695, -0.002467147, -0.03053006, 0.009430915, 50.68569, 359.0465, 343.0613
4.134313, -0.00241572, -0.03080684, 0.008805587, 50.38833, 358.6217, 342.8228
4.151083, -0.002292917, -0.03111308, 0.007929659, 50.10164, 358.312, 342.6396
4.167682, -0.002052895, -0.03148525, 0.00673655, 49.78902, 358.0599, 342.4328
4.184409, -0.001635358, -0.03197616, 0.005295634, 49.45807, 357.7396, 342.108
4.201064, -0.001012015, -0.03279434, 0.003735835, 49.14491, 357.3469, 341.6929
4.217728, -0.0002480663, -0.03398674, 0.00208723, 48.80693, 356.878, 341.2395
4.234326, 0.0005311399, -0.03476732, 3.052493E-05, 48.40791, 356.4428, 340.8262
4.251105, 0.001387727, -0.03534221, -0.002406083, 47.8937, 356.0317, 340.4283
4.267675, 0.002424562, -0.03583829, -0.005170261, 47.30693, 355.6764, 340.0374
4.284471, 0.003708243, -0.03640389, -0.008171961, 46.71246, 355.378, 339.6117
4.301156, 0.005200055, -0.03721676, -0.01111255, 46.2529, 355.1928, 339.2064
4.317686, 0.006821971, -0.03833427, -0.0137983, 45.89183, 355.0331, 338.8029
4.334329, 0.008489318, -0.03948681, -0.01658489, 45.66478, 354.901, 338.4072
4.351168, 0.01017415, -0.04070399, -0.01934446, 45.49507, 354.7985, 338.0341
4.367668, 0.01182214, -0.04191929, -0.02203482, 45.28615, 354.7018, 337.6965
4.384315, 0.01338402, -0.04313141, -0.02460243, 45.00871, 354.5672, 337.392
4.401053, 0.01473233, -0.04430488, -0.02701175, 44.63513, 354.5527, 337.2939
4.417773, 0.0157879, -0.04543241, -0.02926462, 44.3503, 354.4652, 337.136
4.434385, 0.01684142, -0.04662776, -0.03127409, 44.09791, 354.3783, 337.0146
4.451108, 0.01776831, -0.04788808, -0.03294888, 43.9186, 354.2029, 336.8691
4.467627, 0.01848536, -0.04914055, -0.03430329, 43.79966, 353.9301, 336.7317
4.484351, 0.01902772, -0.05028389, -0.03548261, 43.66991, 353.59, 336.6151
4.501036, 0.01940629, -0.05122099, -0.03666487, 43.26733, 353.3326, 336.6767
4.517616, 0.01959792, -0.05191916, -0.0378803, 43.03189, 353.0337, 336.6029
4.534336, 0.01974483, -0.05243045, -0.0390197, 42.81507, 352.8411, 336.5904
4.551071, 0.01970948, -0.05272461, -0.04002615, 42.62701, 352.6781, 336.6374
4.567636, 0.01943157, -0.05276485, -0.04086044, 42.43304, 352.4537, 336.7438
4.584361, 0.01898693, -0.05258264, -0.04160632, 42.22114, 352.189, 336.8992
4.600987, 0.0184749, -0.05237158, -0.04228984, 41.80957, 352.0539, 337.2292
4.617788, 0.01789296, -0.05224869, -0.04290756, 41.66162, 351.8459, 337.3251
4.634375, 0.01740593, -0.05184302, -0.04373252, 41.5369, 351.7296, 337.4381
4.651087, 0.01691009, -0.05123723, -0.0446689, 41.43992, 351.7181, 337.6059
4.667624, 0.01636858, -0.05050122, -0.04564538, 41.3378, 351.7012, 337.7802
4.684319, 0.01578487, -0.04965795, -0.04664344, 41.20691, 351.643, 337.9479
4.701013, 0.01510236, -0.04864883, -0.04746275, 40.93004, 351.6133, 338.1976
4.71765, 0.01427368, -0.04746387, -0.04783902, 40.74526, 351.4608, 338.3279
4.734354, 0.01360833, -0.04643083, -0.04870126, 40.58483, 351.3868, 338.4629
4.751345, 0.01294971, -0.04542037, -0.04973075, 40.49484, 351.4242, 338.6553
4.76771, 0.01224643, -0.04438419, -0.05080964, 40.42611, 351.4742, 338.8558
4.784435, 0.01151787, -0.04330245, -0.05193551, 40.32787, 351.4904, 339.0288
4.801026, 0.01079929, -0.0421663, -0.05302534, 40.12441, 351.3953, 339.1378
4.817628, 0.01005858, -0.04098787, -0.05389931, 40.01425, 351.3563, 339.2114
4.834418, 0.009376775, -0.03981248, -0.05507274, 39.88512, 351.3366, 339.3032
4.851099, 0.008699883, -0.0386248, -0.05634855, 39.76216, 351.325, 339.4122
4.867775, 0.008029822, -0.03745874, -0.05763918, 39.64499, 351.2536, 339.4815
4.884324, 0.007350825, -0.03625846, -0.05894722, 39.53692, 351.1945, 339.5657
4.901038, 0.006654546, -0.03485711, -0.06031968, 39.36634, 351.1019, 339.6618
4.917739, 0.005965576, -0.0331396, -0.0617861, 39.30114, 351.0878, 339.7943
4.934354, 0.005313661, -0.03171879, -0.06315488, 39.24858, 351.0661, 339.9435
4.951104, 0.004686616, -0.03040543, -0.06443828, 39.21564, 350.988, 340.0916
4.967854, 0.004105588, -0.0291374, -0.06566841, 39.20636, 350.8855, 340.2452
4.984395, 0.003597263, -0.02788036, -0.06694179, 39.21853, 350.8526, 340.4286
5.001119, 0.003076969, -0.02665068, -0.0682703, 39.1787, 350.8145, 340.618
5.017701, 0.002400137, -0.02550689, -0.06956495, 39.17364, 350.8217, 340.8628
5.034414, 0.001918355, -0.0243541, -0.07090057, 39.22429, 350.8351, 341.1174
5.051267, 0.001604296, -0.02328642, -0.07230064, 39.3438, 350.9302, 341.372
5.067765, 0.001419284, -0.02230248, -0.07376305, 39.49995, 351.0927, 341.6346
5.084329, 0.001341615, -0.02143526, -0.07523203, 39.72496, 351.2987, 341.9162
5.101056, 0.001376083, -0.02073705, -0.07667918, 40.01693, 351.4007, 342.1353
5.117694, 0.001546746, -0.02013006, -0.07821413, 40.33483, 351.4798, 342.3005
5.134383, 0.001973489, -0.01962119, -0.0799066, 40.58577, 351.7032, 342.4858
5.151112, 0.002642067, -0.01909517, -0.08188947, 40.7268, 352.1836, 342.7168
5.167756, 0.003535817, -0.0186625, -0.08412829, 40.77227, 352.7755, 342.8565
5.184471, 0.00459625, -0.01841705, -0.08638149, 40.77327, 353.1636, 342.7297
5.201017, 0.005574511, -0.01806778, -0.08848446, 40.8358, 353.4581, 342.689
5.217764, 0.006403476, -0.01755269, -0.09056442, 40.96861, 353.9419, 342.863
5.234407, 0.007245671, -0.01705621, -0.09258302, 41.10392, 354.4369, 342.9843
5.2511, 0.008003289, -0.01651695, -0.09451024, 41.25974, 354.9605, 343.1168
5.26773, 0.008574315, -0.01590747, -0.0962701, 41.44069, 355.4605, 343.2812
5.28432, 0.008993473, -0.01523717, -0.09788519, 41.60459, 355.878, 343.3951
5.301077, 0.009257313, -0.01443904, -0.0994743, 41.67253, 356.1566, 343.4383
5.317767, 0.009332802, -0.01347585, -0.1011637, 41.74037, 356.4204, 343.4995
5.334384, 0.009251408, -0.01249367, -0.1025471, 41.93501, 356.7841, 343.6171
5.351101, 0.009043863, -0.01152093, -0.1038268, 42.27045, 357.2607, 343.7452
5.367777, 0.008698346, -0.01042545, -0.1051648, 42.60687, 357.8095, 343.8734
5.384449, 0.008146401, -0.009027997, -0.106644, 42.81122, 358.4542, 344.0894
5.401033, 0.007385278, -0.00739561, -0.1082917, 42.83014, 359.0849, 344.3379
5.41769, 0.006556896, -0.005750649, -0.1101847, 42.79762, 359.7497, 344.5981
5.434415, 0.005546989, -0.003863715, -0.111942, 42.76691, 0.4566814, 344.8698
5.451217, 0.004390879, -0.001870334, -0.1135641, 42.711, 1.079851, 345.1016
5.467708, 0.003123762, 0.0001830496, -0.115087, 42.59283, 1.547268, 345.2269
5.484538, 0.00173674, 0.002337858, -0.1166318, 42.42423, 2.072454, 345.364
5.501037, 0.0002732174, 0.004596557, -0.1184036, 42.21941, 2.694399, 345.5182
5.517811, -0.001194279, 0.006916678, -0.1205837, 42.13034, 3.4099, 345.7062
5.534399, -0.002836963, 0.008993935, -0.1221802, 42.17868, 4.167087, 345.8896
5.551169, -0.004613345, 0.01091504, -0.1235098, 42.31665, 4.907886, 346.0129
5.56774, -0.006570383, 0.01278606, -0.1247143, 42.44838, 5.562376, 346.0626
5.584408, -0.008743176, 0.0147309, -0.1259255, 42.50314, 6.195895, 346.0908
5.601145, -0.01109306, 0.01678339, -0.1273204, 42.48151, 6.93085, 346.1212
5.617837, -0.01354094, 0.01885762, -0.1290378, 42.47995, 7.94619, 346.1838
5.634448, -0.01629377, 0.02087993, -0.1306165, 42.58645, 9.134048, 346.2702
5.651074, -0.01945795, 0.02289047, -0.1318826, 42.91913, 10.62255, 346.6105
5.667753, -0.02317319, 0.02487838, -0.1326281, 43.41185, 12.13925, 347.1458
5.684553, -0.02753803, 0.02686324, -0.1327386, 43.80904, 13.15065, 347.6095
5.701029, -0.03251407, 0.02897713, -0.1323367, 43.95535, 13.46465, 347.9078
5.717821, -0.03793649, 0.03131188, -0.1318296, 43.91233, 13.43687, 348.1831
5.734431, -0.04357093, 0.03366986, -0.1310302, 43.91965, 13.71074, 348.6959
5.751103, -0.04940035, 0.03596949, -0.1301051, 44.10955, 14.43889, 349.4912
5.767694, -0.05540834, 0.03813932, -0.1289736, 44.44278, 15.29561, 350.3999
5.784537, -0.06154488, 0.04024332, -0.1277184, 44.68872, 15.90715, 351.1613
5.801103, -0.06767645, 0.04247637, -0.1265686, 44.70394, 16.21341, 351.7328
5.81772, -0.07354623, 0.04490487, -0.1257546, 44.55592, 16.35396, 352.1319
5.834398, -0.07946789, 0.0471122, -0.124892, 44.3661, 16.53477, 352.4559
5.851151, -0.0853675, 0.0492215, -0.1239851, 44.2433, 16.96139, 352.9162
5.867688, -0.0911679, 0.05117708, -0.1229867, 44.25037, 17.57796, 353.4615
5.884399, -0.0968467, 0.05292545, -0.1218693, 44.35997, 18.13793, 353.917
5.901171, -0.1023937, 0.05463681, -0.1207205, 44.47235, 18.50264, 354.1974
5.917746, -0.1078419, 0.05654958, -0.119651, 44.53872, 18.82732, 354.4564
5.934448, -0.1132755, 0.05833358, -0.1185556, 44.57629, 19.31533, 354.8203
5.95115, -0.1186823, 0.06005364, -0.1173774, 44.64658, 19.87421, 355.2381
5.967712, -0.1241, 0.06174378, -0.1159746, 44.72485, 20.28349, 355.609
5.98449, -0.1295256, 0.0634113, -0.1143494, 44.81266, 20.50556, 355.9301
6.001051, -0.1348639, 0.06520396, -0.1127974, 44.8989, 20.80863, 356.289
6.017778, -0.1401015, 0.06728522, -0.1114279, 44.97918, 21.25067, 356.7149
6.034484, -0.1451046, 0.06905486, -0.1099274, 45.03677, 21.54659, 356.9663
6.051219, -0.1498953, 0.07066585, -0.1083884, 45.08955, 21.65364, 356.9666
6.067739, -0.1546014, 0.07228003, -0.1068623, 45.11632, 21.77636, 356.908
6.084465, -0.1592809, 0.07394048, -0.1053122, 45.11535, 22.03056, 356.9307
6.10113, -0.1638904, 0.07566205, -0.1038214, 45.10026, 22.39142, 357.0651
6.117796, -0.1682723, 0.07743037, -0.1025178, 45.12616, 22.75043, 357.222
6.134496, -0.1727754, 0.07874395, -0.1004821, 45.27944, 23.00145, 357.3076
6.151063, -0.1772825, 0.07979625, -0.09822445, 45.52974, 23.32831, 357.4351
6.16785, -0.1817632, 0.08079644, -0.09606951, 45.75814, 23.81864, 357.6316
6.184464, -0.1861935, 0.08185789, -0.094019, 45.86581, 24.36321, 357.8485
6.201127, -0.1906437, 0.08299099, -0.09206226, 45.91992, 24.79556, 357.944
6.217817, -0.1953475, 0.08421984, -0.09027311, 46.02422, 25.24529, 357.9421
6.234448, -0.1995225, 0.08470467, -0.08786206, 46.30199, 25.7721, 357.9738
6.25115, -0.2035846, 0.08477947, -0.08504106, 46.73295, 26.32969, 358.1122
6.267756, -0.2076304, 0.08475703, -0.08214439, 47.13643, 26.81955, 358.2575
6.28442, -0.2116096, 0.08483402, -0.07942865, 47.39913, 27.3922, 358.4406
6.301081, -0.2153212, 0.08490032, -0.0770501, 47.60671, 28.05257, 358.547
6.317806, -0.2186532, 0.0848283, -0.07496975, 47.85827, 28.65388, 358.4052
6.334436, -0.2220428, 0.08437695, -0.07232416, 48.20938, 29.03872, 358.0842
6.351084, -0.2255769, 0.08385356, -0.06928277, 48.60427, 29.31658, 357.8301
6.36791, -0.2291077, 0.08337489, -0.06613304, 49.01677, 29.67794, 357.7444
6.384417, -0.2323641, 0.08284703, -0.06326118, 49.41582, 30.13357, 357.5971
6.401082, -0.2351524, 0.0823588, -0.06090907, 49.72806, 30.71436, 357.3584
6.417849, -0.2373546, 0.08198482, -0.05901255, 49.91089, 31.54716, 357.1937
6.4345, -0.2399768, 0.08143167, -0.05660021, 50.15763, 32.52622, 357.1828
6.451225, -0.2426416, 0.08055013, -0.05360107, 50.61856, 33.53703, 357.3885
6.467749, -0.2451723, 0.07944438, -0.05027511, 51.11769, 34.22808, 357.4937
6.484441, -0.2475141, 0.07837513, -0.047048, 51.44039, 34.61922, 357.3707
6.501167, -0.249198, 0.07722141, -0.04426074, 51.60461, 35.07294, 357.1473
6.517767, -0.2498475, 0.07577179, -0.04220095, 51.58475, 36.16536, 357.1317
6.534452, -0.2512153, 0.07476694, -0.04035744, 51.57296, 37.70819, 357.3683
6.551123, -0.2526783, 0.07382309, -0.03804994, 51.63509, 38.97233, 357.529
6.567879, -0.2542048, 0.07299586, -0.03538386, 51.6018, 39.88601, 357.559
6.584495, -0.2556915, 0.07226767, -0.03257926, 51.49759, 40.64806, 357.5199
6.601169, -0.256695, 0.07137077, -0.03002273, 51.41371, 41.63063, 357.5512
6.617804, -0.2569122, 0.06996725, -0.02777133, 51.42136, 42.71606, 357.5817
6.634428, -0.2576143, 0.06888981, -0.02519704, 51.40496, 43.6667, 357.5448
6.651191, -0.2583702, 0.06789348, -0.0224091, 51.42538, 44.60315, 357.5586
6.667756, -0.2589791, 0.06682961, -0.01950856, 51.51869, 45.39411, 357.4802
6.684505, -0.2594069, 0.06567692, -0.01672704, 51.63692, 46.0475, 357.2309
6.7012, -0.2594073, 0.06441104, -0.01441668, 51.77298, 46.75104, 356.933
6.717859, -0.2587841, 0.06312631, -0.01283772, 51.83095, 47.62936, 356.7115
6.734486, -0.2587406, 0.06211339, -0.01054197, 51.87088, 48.43174, 356.5743
6.751209, -0.2586424, 0.06118555, -0.007738256, 52.03158, 49.22444, 356.5416
6.76785, -0.2586645, 0.06024873, -0.004593791, 52.23075, 49.93882, 356.584
6.78447, -0.2586538, 0.05933557, -0.00131723, 52.38735, 50.37122, 356.4208
6.801157, -0.2582423, 0.0583987, 0.001632924, 52.60459, 50.85499, 356.2593
6.817837, -0.2570514, 0.05749601, 0.003815105, 52.85719, 51.46474, 356.1229
6.834497, -0.2566466, 0.05673041, 0.006551339, 52.9695, 51.93279, 355.9062
6.851182, -0.2565438, 0.05614997, 0.009631649, 53.00087, 52.29442, 355.7226
6.86782, -0.2565641, 0.05562353, 0.01279401, 53.0633, 52.71302, 355.6175
6.884498, -0.2566365, 0.05507192, 0.01576599, 53.16691, 53.23832, 355.5305
6.901192, -0.256511, 0.05442068, 0.01835945, 53.32918, 53.69548, 355.3262
6.917899, -0.2560266, 0.05385137, 0.0205432, 53.44369, 53.95934, 355.0099
6.934511, -0.255987, 0.05333181, 0.02313226, 53.5391, 54.1057, 354.6659
6.951203, -0.256128, 0.05285037, 0.02562821, 53.62326, 54.30265, 354.3152
6.967821, -0.2564024, 0.0524564, 0.02783049, 53.65593, 54.65546, 354.0004
6.984501, -0.256808, 0.05215568, 0.0297592, 53.61849, 55.14795, 353.7209
7.001168, -0.2570823, 0.05178782, 0.03150793, 53.50239, 55.5616, 353.3879
7.017839, -0.2569045, 0.05122882, 0.03320281, 53.37941, 55.94222, 353.1649
7.034658, -0.2571989, 0.0511221, 0.03539902, 53.27592, 56.39513, 353.1535
7.051229, -0.2576309, 0.05120825, 0.03770716, 53.14056, 56.8895, 353.2171
7.067792, -0.2581134, 0.05133549, 0.03997612, 52.96793, 57.44835, 353.318
7.084617, -0.2585617, 0.05137853, 0.04217241, 52.80072, 57.9907, 353.3596
7.101151, -0.2588128, 0.05131288, 0.04427816, 52.61985, 58.41241, 353.2955
7.117897, -0.2586918, 0.05107605, 0.0462045, 52.44686, 58.91785, 353.2886
7.134623, -0.258717, 0.05092305, 0.04803067, 52.30046, 59.54123, 353.3224
7.151186, -0.2587022, 0.05064578, 0.04957855, 52.15813, 60.0865, 353.1704
7.167837, -0.2585979, 0.05027616, 0.05096303, 51.95316, 60.35111, 352.7336
7.184589, -0.2584101, 0.04991359, 0.05229565, 51.72591, 60.56701, 352.2715
7.201243, -0.2581449, 0.0494579, 0.05384581, 51.51699, 60.91255, 351.9127
7.217803, -0.2577429, 0.04878649, 0.05600047, 51.2868, 61.45406, 351.7309
7.234667, -0.2574245, 0.04846384, 0.05770357, 51.01234, 62.0353, 351.6519
7.25123, -0.2570803, 0.04828477, 0.05937223, 50.72851, 62.65215, 351.6668
7.267781, -0.2566514, 0.04812055, 0.06104718, 50.47746, 63.32173, 351.7469
7.284657, -0.2561617, 0.04785138, 0.06260143, 50.25256, 64.00155, 351.776
7.301217, -0.255695, 0.04734807, 0.06420057, 50.08268, 64.63821, 351.688
7.317839, -0.2553395, 0.04655298, 0.06597333, 49.9234, 65.2305, 351.4327
7.334544, -0.2547789, 0.04561936, 0.06707419, 49.75678, 65.68131, 350.9652
7.351253, -0.2541322, 0.04459509, 0.0679853, 49.61568, 66.07652, 350.4353
7.367856, -0.2534644, 0.04361904, 0.06899498, 49.5144, 66.54893, 350.042
7.38445, -0.2528681, 0.04271922, 0.07013652, 49.44582, 67.21168, 349.8541
7.401174, -0.2523695, 0.04187041, 0.07173081, 49.44791, 67.99314, 349.8061
7.41786, -0.2518942, 0.0410183, 0.07416159, 49.52917, 68.69315, 349.7799
7.434565, -0.2512413, 0.03983704, 0.07625982, 49.62276, 69.13622, 349.621
7.451322, -0.2505628, 0.03852281, 0.07850873, 49.71406, 69.41875, 349.4195
7.467843, -0.2499007, 0.03731647, 0.08110929, 49.81758, 69.76932, 349.4404
7.484534, -0.2493094, 0.03626145, 0.0839244, 49.93082, 70.28547, 349.7029
7.50116, -0.2487544, 0.03511198, 0.0867126, 50.03601, 70.8996, 350.0284
7.517817, -0.2481701, 0.03362329, 0.08930267, 50.1155, 71.46886, 350.2458
7.534532, -0.2478787, 0.03237578, 0.09163076, 50.18274, 72.00398, 350.3517
7.551709, -0.2477472, 0.03121455, 0.09378526, 50.23786, 72.55024, 350.4017
7.567816, -0.2477564, 0.03007505, 0.09578127, 50.27327, 73.14697, 350.3969
7.584528, -0.2477987, 0.02896297, 0.09773856, 50.31889, 73.75397, 350.3653
7.601188, -0.2477759, 0.02798032, 0.1000865, 50.4089, 74.30093, 350.3613
7.6179, -0.2477419, 0.02719763, 0.103055, 50.46851, 74.66443, 350.2996
7.634539, -0.2475828, 0.02655866, 0.1055458, 50.4956, 75.1363, 350.3765
7.651311, -0.2474763, 0.02597832, 0.1077252, 50.50893, 75.78233, 350.5266
7.667832, -0.2473516, 0.02536814, 0.1097639, 50.52666, 76.44078, 350.6526
7.684497, -0.2470374, 0.02473831, 0.1118202, 50.55709, 76.90379, 350.6899
7.701205, -0.2465538, 0.02413408, 0.1138008, 50.56542, 77.23823, 350.6716
7.717834, -0.2459736, 0.0235046, 0.1156039, 50.57866, 77.59514, 350.6899
7.734479, -0.245379, 0.02293296, 0.1174125, 50.62073, 77.99757, 350.7397
7.75116, -0.244723, 0.02237618, 0.11932, 50.69862, 78.46809, 350.8875
7.767806, -0.2439761, 0.02180206, 0.121328, 50.79958, 78.89651, 351.0578
7.784476, -0.243076, 0.02121029, 0.1234079, 50.9388, 79.18375, 351.1915
7.801154, -0.2419965, 0.02060552, 0.1255559, 51.12616, 79.36143, 351.346
7.817812, -0.2408878, 0.02001267, 0.1276133, 51.26297, 79.43092, 351.4928
7.834492, -0.2398567, 0.01965924, 0.1294138, 51.3701, 79.49829, 351.6376
7.851178, -0.2389304, 0.01938918, 0.1309505, 51.43112, 79.40929, 351.6486
7.867827, -0.2380686, 0.01923628, 0.1323457, 51.47853, 79.23741, 351.6465
7.884474, -0.2372546, 0.01927566, 0.1336382, 51.5159, 79.07284, 351.7371
7.901179, -0.2364963, 0.0194815, 0.1347478, 51.50046, 78.86233, 351.8594
7.917929, -0.2357793, 0.01973085, 0.1355884, 51.44989, 78.46137, 351.8992
7.93455, -0.2351238, 0.02009054, 0.136147, 51.38765, 77.85449, 351.8056
7.95127, -0.2346318, 0.02054111, 0.1364017, 51.28115, 77.11136, 351.6151
7.967931, -0.2343517, 0.02115808, 0.1364183, 51.11378, 76.42707, 351.5065
7.98448, -0.2342966, 0.02197647, 0.1362061, 50.87824, 75.91225, 351.578
8.001271, -0.2344763, 0.02289405, 0.1354641, 50.63558, 75.49997, 351.7216
8.017819, -0.2349178, 0.02375863, 0.1338528, 50.39746, 75.04192, 351.7279
8.034633, -0.2352681, 0.02432243, 0.1322674, 50.20657, 74.50839, 351.5772
8.051181, -0.2354396, 0.02478513, 0.1307799, 49.99871, 73.6966, 351.2792
8.067938, -0.2352873, 0.02523468, 0.1297481, 49.80674, 72.45294, 350.9587
8.084601, -0.2348652, 0.02562764, 0.1290696, 49.70562, 70.92454, 350.6838
8.101232, -0.234455, 0.02589557, 0.1282194, 49.73827, 69.45027, 350.473
8.117921, -0.2341982, 0.02603343, 0.126827, 49.84364, 68.04533, 350.1928
8.134592, -0.2338577, 0.02587385, 0.1253808, 50.00237, 66.57341, 349.8072
8.15132, -0.2333653, 0.02570634, 0.1240542, 50.17743, 64.9028, 349.3616
8.167932, -0.2326906, 0.02578352, 0.1230935, 50.42187, 63.21439, 349.2107
8.184553, -0.2320163, 0.02607878, 0.1221308, 50.70173, 61.61848, 349.3155
8.201269, -0.2315763, 0.02647538, 0.1203692, 50.84201, 60.19426, 349.3737
8.217942, -0.2313823, 0.02685697, 0.1174653, 50.78095, 58.98906, 349.2665
8.234594, -0.2314363, 0.02733337, 0.1136012, 50.58617, 57.98089, 349.0221
8.251231, -0.2314301, 0.02795222, 0.1092817, 50.37436, 57.03537, 348.7187
8.2679, -0.2312268, 0.02880112, 0.1049513, 50.20018, 56.09782, 348.5231
8.284594, -0.2308696, 0.02990751, 0.1007495, 50.01279, 55.11171, 348.4658
8.301292, -0.2304847, 0.03121672, 0.09668739, 49.75812, 54.20375, 348.6296
8.317845, -0.2301221, 0.03258025, 0.09277336, 49.45132, 53.44585, 349.0385
8.334731, -0.2297761, 0.0341076, 0.08879495, 49.2682, 52.93306, 349.7045
8.351213, -0.2292549, 0.03554781, 0.08476926, 49.33591, 52.75808, 350.6424
8.367959, -0.2285097, 0.03684944, 0.08080003, 49.5021, 52.57555, 351.6468
8.384548, -0.227537, 0.0379861, 0.07701134, 49.5876, 51.79876, 352.3629
8.401262, -0.2264787, 0.03901433, 0.07325064, 49.49917, 50.44481, 352.7185
8.417866, -0.225477, 0.04000967, 0.06930175, 49.34859, 49.30648, 353.2271
8.4346, -0.2242441, 0.04082469, 0.06516467, 49.42742, 48.94324, 354.2636
8.451311, -0.2226905, 0.04113954, 0.06084814, 49.76366, 49.11063, 355.5893
8.467879, -0.2208562, 0.04085431, 0.05637996, 50.02803, 48.82169, 356.3907
8.484529, -0.2188507, 0.04004366, 0.05196128, 50.08293, 47.59118, 356.3855
8.50126, -0.2165594, 0.03889474, 0.04756174, 50.03802, 45.54168, 355.6404
8.518007, -0.2139905, 0.03771127, 0.04298874, 49.99216, 43.30226, 354.6294
8.534571, -0.2111225, 0.03634098, 0.03831708, 50.0222, 41.56333, 353.8318
8.551359, -0.2081024, 0.0350005, 0.03340171, 50.11105, 40.58404, 353.4389
8.567935, -0.2050419, 0.03387955, 0.02847817, 50.19759, 40.18846, 353.4381
8.58455, -0.2019105, 0.03299865, 0.02385035, 50.15425, 39.7005, 353.4232
8.601197, -0.1987145, 0.03226576, 0.01967191, 49.96791, 38.5626, 353.0158
8.617929, -0.1955095, 0.03169363, 0.01577233, 49.82809, 37.20251, 352.4805
8.634571, -0.1920319, 0.0310994, 0.01204837, 49.80244, 36.60086, 352.5205
8.65126, -0.1885223, 0.03068421, 0.008395568, 49.92074, 36.94283, 353.2219
8.66789, -0.1849796, 0.03028647, 0.004966718, 50.18511, 37.72298, 354.1676
8.684561, -0.1813371, 0.02978042, 0.001994331, 50.46327, 38.06661, 354.737
8.701248, -0.1776679, 0.0293723, -0.0004734397, 50.56596, 37.49236, 354.6552
8.717968, -0.1741676, 0.02926541, -0.002490234, 50.55432, 36.55321, 354.4352
8.734606, -0.1704592, 0.02908805, -0.004148601, 50.68237, 35.73859, 354.3243
8.751299, -0.1667795, 0.02898065, -0.005752242, 50.88633, 35.04388, 354.2146
8.767926, -0.1632307, 0.02908838, -0.007515686, 50.93773, 34.16883, 353.8184
8.784695, -0.1598521, 0.02943593, -0.00943205, 50.75474, 33.06408, 353.1485
8.801215, -0.1566975, 0.02988086, -0.01130815, 50.60597, 32.10062, 352.6886
8.817956, -0.1537579, 0.03030565, -0.01317063, 50.63673, 31.52894, 352.6747
8.834711, -0.1508601, 0.03090818, -0.01490725, 50.73842, 31.15049, 352.7997
8.851363, -0.1479402, 0.03157085, -0.01691903, 50.73564, 30.60869, 352.6534
8.867899, -0.1449479, 0.03219, -0.01926924, 50.62757, 29.84176, 352.1804
8.884585, -0.1418464, 0.03254693, -0.02189323, 50.51118, 28.70974, 351.2743
8.901278, -0.1387201, 0.03273856, -0.02469874, 50.47178, 27.66086, 350.3608
8.917999, -0.1357487, 0.03305982, -0.02767864, 50.47986, 27.16707, 349.8797
8.934595, -0.132804, 0.03346885, -0.03096034, 50.50338, 27.20767, 349.7144
8.951324, -0.129997, 0.03391403, -0.03443489, 50.47313, 27.46644, 349.6342
8.967984, -0.1273545, 0.03445634, -0.03786629, 50.30216, 27.62582, 349.5442
8.984594, -0.1248091, 0.03503188, -0.0411305, 49.96861, 27.42001, 349.3079
9.001211, -0.1222423, 0.0354602, -0.04439691, 49.58643, 26.80331, 348.7665
9.017897, -0.1196747, 0.0358015, -0.04788789, 49.30145, 26.35939, 348.2476
9.034569, -0.1171637, 0.03607808, -0.05120211, 49.18623, 26.60833, 348.1631
9.051374, -0.1147743, 0.03635213, -0.05428563, 49.20254, 27.29063, 348.4205
9.067922, -0.1125161, 0.03657871, -0.05704345, 49.23351, 27.96268, 348.7676
9.084579, -0.1102806, 0.03658425, -0.05950018, 49.22843, 28.17655, 348.8098
9.101302, -0.1081148, 0.03639648, -0.061877, 49.18365, 27.89429, 348.4176
9.118024, -0.1061838, 0.03623023, -0.06431697, 49.13822, 27.53283, 347.926
9.134566, -0.1041875, 0.03598757, -0.06643585, 49.19805, 27.58022, 347.7725
9.151286, -0.1022861, 0.03576655, -0.06828927, 49.36341, 27.92251, 347.9174
9.167953, -0.1004479, 0.03548108, -0.06997433, 49.54168, 28.07846, 347.9289
9.184654, -0.0987085, 0.03517168, -0.07168102, 49.64894, 27.96776, 347.6419
9.201222, -0.09718594, 0.03500374, -0.07346894, 49.65487, 27.93652, 347.3538
9.217935, -0.09590934, 0.03500787, -0.07520169, 49.58987, 28.14819, 347.3026
9.234574, -0.09490401, 0.03535219, -0.07675964, 49.50019, 28.541, 347.4839
9.251374, -0.09400067, 0.0357026, -0.07808203, 49.42274, 28.83028, 347.6365
9.267993, -0.09311926, 0.0359054, -0.07919711, 49.35561, 28.82546, 347.5367
9.2846, -0.09232687, 0.03609878, -0.08017348, 49.27028, 28.75704, 347.3725
9.301287, -0.09151967, 0.0364391, -0.08135627, 49.13227, 28.85691, 347.3522
9.317957, -0.09050123, 0.03685989, -0.08298786, 48.97687, 29.10929, 347.4714
9.334617, -0.08965699, 0.0371126, -0.08383823, 48.89611, 29.38055, 347.596
9.351454, -0.0887778, 0.03706804, -0.08419326, 48.92078, 29.50239, 347.5822
9.368007, -0.08789462, 0.03683243, -0.08408232, 49.0251, 29.43053, 347.4668
9.384693, -0.08709846, 0.03662487, -0.08358768, 49.13463, 29.24744, 347.3728
9.401279, -0.08636127, 0.03656981, -0.08315109, 49.17519, 29.04164, 347.3257
9.417989, -0.08559826, 0.03663106, -0.08316506, 49.16389, 28.85067, 347.2754
9.434631, -0.08501779, 0.03661056, -0.08287047, 49.15617, 28.67669, 347.1772
9.451283, -0.08455513, 0.0365534, -0.08248776, 49.17966, 28.5225, 347.0742
9.467923, -0.08420189, 0.03656058, -0.08208548, 49.20403, 28.37028, 346.9967
9.484634, -0.08395733, 0.03669268, -0.08174728, 49.15671, 28.16364, 346.8948
9.501403, -0.08369996, 0.03695484, -0.08173443, 49.01585, 27.8915, 346.7441
9.517921, -0.08329277, 0.03728014, -0.08226213, 48.83849, 27.61768, 346.5518
9.534624, -0.08313605, 0.03747, -0.08249623, 48.71222, 27.49759, 346.4217
9.551294, -0.08310688, 0.0375718, -0.08254941, 48.65421, 27.43133, 346.3381
9.568, -0.08318423, 0.03767943, -0.08241537, 48.60275, 27.31165, 346.2793
9.584622, -0.08333719, 0.03782652, -0.0821589, 48.50671, 27.09635, 346.2032
9.601278, -0.0835754, 0.03801781, -0.08187625, 48.38744, 26.77382, 346.0718
9.617962, -0.08393931, 0.03832852, -0.08165374, 48.27559, 26.44447, 345.9486
9.634608, -0.08431998, 0.03859064, -0.08133213, 48.18462, 26.15568, 345.8803
9.651325, -0.08481672, 0.03887669, -0.08095752, 48.12623, 25.94712, 345.9126
9.667961, -0.08545189, 0.03920532, -0.08057994, 48.11225, 25.82396, 346.0514
9.684665, -0.0862195, 0.03957636, -0.08029407, 48.09804, 25.76733, 346.2552
9.701288, -0.08694042, 0.03979819, -0.08006799, 48.0669, 25.72314, 346.4335
9.717942, -0.08745094, 0.03970816, -0.07981308, 48.01984, 25.68198, 346.5418
9.734637, -0.08823955, 0.03983885, -0.07988918, 47.97421, 25.62623, 346.6084
9.751421, -0.0891283, 0.04002901, -0.08010007, 47.93832, 25.56609, 346.6699
9.768051, -0.09007321, 0.0402508, -0.08037622, 47.89462, 25.51565, 346.7508
9.784619, -0.09105209, 0.04050656, -0.08068655, 47.85133, 25.5009, 346.8708
9.801301, -0.09199927, 0.04067624, -0.08086201, 47.81654, 25.52846, 347.0064
9.817945, -0.09285918, 0.04063832, -0.08072424, 47.77033, 25.54489, 347.1006
9.834659, -0.09369376, 0.04080521, -0.08102362, 47.67801, 25.5231, 347.1419
9.851397, -0.09446392, 0.04104409, -0.08148774, 47.57632, 25.54399, 347.2037
9.867968, -0.09516141, 0.04129484, -0.08197035, 47.50732, 25.63272, 347.3282
9.884828, -0.09577069, 0.04152076, -0.08241586, 47.46885, 25.69842, 347.4374
9.901284, -0.09626488, 0.04172743, -0.08273172, 47.42853, 25.68976, 347.4967
9.917956, -0.0966227, 0.04192447, -0.08285413, 47.36343, 25.63482, 347.5301
9.934628, -0.09709159, 0.04220445, -0.08317331, 47.27142, 25.67282, 347.6199
9.951392, -0.09759456, 0.04245833, -0.08354321, 47.229, 25.83819, 347.7815
9.968103, -0.09807985, 0.04261992, -0.08388063, 47.21746, 25.96906, 347.9045
9.984751, -0.09854966, 0.04270921, -0.08414008, 47.21174, 26.0022, 347.9596
10.00134, -0.09897049, 0.04264875, -0.08417585, 47.21692, 25.94515, 347.9753
10.01805, -0.0993003, 0.04239207, -0.08397835, 47.2206, 25.86273, 347.9842
10.03463, -0.09977411, 0.04235685, -0.08403175, 47.21682, 25.79563, 347.9865
10.05128, -0.1002882, 0.04238569, -0.08418803, 47.20345, 25.73915, 347.9648
10.06799, -0.1008066, 0.04242852, -0.08434703, 47.19649, 25.68092, 347.9297
10.08465, -0.1013502, 0.0424683, -0.08443266, 47.20893, 25.58278, 347.8724
10.1014, -0.1020416, 0.04267918, -0.0846249, 47.19321, 25.44351, 347.8223
10.11799, -0.1029275, 0.04319383, -0.08511288, 47.14232, 25.32483, 347.8418
10.13465, -0.1037043, 0.04353319, -0.08513056, 47.12185, 25.24326, 347.9214
10.15131, -0.1043997, 0.04378353, -0.08492537, 47.16251, 25.1705, 348.0262
10.16799, -0.1050035, 0.04401125, -0.0846699, 47.20223, 25.06898, 348.0965
10.18466, -0.1055169, 0.04424835, -0.08448006, 47.1912, 24.94414, 348.1023
10.20131, -0.1060008, 0.04449174, -0.08427919, 47.15812, 24.8207, 348.0795
10.21796, -0.1065393, 0.04474924, -0.08390763, 47.16286, 24.72271, 348.1096
10.23466, -0.1069841, 0.04498387, -0.08350471, 47.20225, 24.66239, 348.2123
10.25138, -0.1073657, 0.04519436, -0.08305743, 47.26362, 24.61496, 348.3405
10.26808, -0.1076892, 0.04538145, -0.08260386, 47.31169, 24.53523, 348.4315
10.28464, -0.1079877, 0.04558752, -0.08213791, 47.32683, 24.4346, 348.5131
10.30141, -0.1083251, 0.0457213, -0.08162475, 47.31174, 24.35014, 348.6071
10.318, -0.108716, 0.04566299, -0.08107099, 47.28674, 24.27432, 348.6753
10.3347, -0.1089253, 0.04569943, -0.08054759, 47.29351, 24.18764, 348.7162
10.35143, -0.1091355, 0.04582017, -0.07992084, 47.3103, 24.12545, 348.8386
10.36798, -0.1093941, 0.04606478, -0.07918671, 47.3118, 24.12497, 349.0935
10.38467, -0.1096317, 0.04635216, -0.07843221, 47.30971, 24.1551, 349.3943
10.40131, -0.1096273, 0.04646407, -0.07759984, 47.31477, 24.1898, 349.6528
10.418, -0.1092486, 0.04628403, -0.07658188, 47.31001, 24.26832, 349.8924
10.43464, -0.1091161, 0.04644232, -0.07601001, 47.26696, 24.41542, 350.1657
10.45134, -0.108997, 0.04670163, -0.07565057, 47.19991, 24.57372, 350.4216
10.46804, -0.1088085, 0.04696373, -0.07541672, 47.11996, 24.723, 350.6459
10.48465, -0.1085065, 0.04719113, -0.07526489, 47.02843, 24.85732, 350.8447
10.50133, -0.1080392, 0.04720593, -0.07507394, 46.97095, 24.97295, 350.9948
10.51809, -0.1073799, 0.04687418, -0.07479152, 46.95601, 25.07998, 351.0714
10.53469, -0.1065642, 0.04670033, -0.07488368, 46.93133, 25.20811, 351.0949
10.55147, -0.1056588, 0.04661979, -0.07520165, 46.86992, 25.41406, 351.1372
10.56807, -0.1046741, 0.04654652, -0.07560399, 46.81582, 25.62777, 351.1764
10.5847, -0.103645, 0.04644671, -0.07601731, 46.79074, 25.80429, 351.1935
10.60132, -0.1026932, 0.04633261, -0.0765098, 46.75092, 25.90748, 351.165
10.61801, -0.1019683, 0.04624021, -0.07714504, 46.67337, 26.02695, 351.1611
10.63468, -0.101279, 0.04630312, -0.07771226, 46.58093, 26.22448, 351.242
10.65149, -0.1006552, 0.04638961, -0.07824358, 46.49555, 26.44225, 351.3378
10.66802, -0.1000661, 0.04640146, -0.07872216, 46.44743, 26.60646, 351.375
10.68466, -0.0995452, 0.04635866, -0.07912154, 46.44564, 26.73251, 351.3927
10.70132, -0.09920974, 0.04633793, -0.07952769, 46.4332, 26.85613, 351.4535
10.71805, -0.09910257, 0.04635021, -0.08008286, 46.37383, 27.02493, 351.5629
10.73473, -0.09898424, 0.04640077, -0.08050734, 46.31032, 27.19996, 351.686
10.75144, -0.09886269, 0.04636974, -0.08079079, 46.30079, 27.33508, 351.7976
10.76807, -0.0987305, 0.04624483, -0.0809603, 46.34548, 27.43309, 351.8881
10.78479, -0.09863231, 0.04609637, -0.08103433, 46.4045, 27.50139, 351.9837
10.80134, -0.09860273, 0.04609258, -0.08111261, 46.44561, 27.54951, 352.1209
10.81805, -0.09858665, 0.04629803, -0.081313, 46.48924, 27.56184, 352.2658
10.83466, -0.09853298, 0.04620294, -0.08122762, 46.57695, 27.53743, 352.3963
10.8514, -0.09843104, 0.04596806, -0.08101004, 46.72275, 27.52537, 352.5364
10.86801, -0.09829244, 0.04568253, -0.08075806, 46.9089, 27.59093, 352.7132
10.88489, -0.09810386, 0.04535708, -0.08050428, 47.09648, 27.63557, 352.8463
10.90138, -0.09789719, 0.04512874, -0.08035772, 47.29033, 27.59749, 352.9116
10.91806, -0.09770602, 0.0451507, -0.08043795, 47.51227, 27.52942, 352.975
10.93467, -0.0974772, 0.04487895, -0.08015288, 47.7745, 27.41869, 353.0589
10.95154, -0.09723129, 0.04458924, -0.07981498, 48.01035, 27.28198, 353.1428
10.96801, -0.09694155, 0.04435959, -0.0795735, 48.20983, 27.1397, 353.1953
10.98467, -0.09659153, 0.04421804, -0.07949443, 48.37676, 27.07359, 353.2522
11.00136, -0.09616175, 0.04409019, -0.07945617, 48.50824, 27.01255, 353.2935
11.01803, -0.09567022, 0.04394339, -0.07934023, 48.58731, 27.00182, 353.3955
11.0347, -0.09518547, 0.04416816, -0.07957376, 48.60109, 27.13126, 353.6559
11.05136, -0.09466214, 0.04461003, -0.08006949, 48.53476, 27.37406, 354.0035
11.06802, -0.09397598, 0.04502676, -0.08073536, 48.44982, 27.48141, 354.1875
11.08472, -0.09306124, 0.04540693, -0.08149682, 48.38793, 27.39292, 354.1725
11.10147, -0.09192422, 0.04576292, -0.08230804, 48.25499, 27.35028, 354.1561
11.11804, -0.09052072, 0.04593425, -0.08303694, 48.07509, 27.48452, 354.2332
11.13471, -0.08930533, 0.04647253, -0.08406992, 47.9118, 27.77916, 354.4225
11.15145, -0.08810027, 0.0470888, -0.08518307, 47.78148, 28.14591, 354.6577
11.16813, -0.08682501, 0.04767743, -0.0863784, 47.64645, 28.52161, 354.8495
11.1847, -0.08547027, 0.04822497, -0.0876734, 47.46557, 28.89676, 354.9707
11.20136, -0.08405343, 0.04862715, -0.08893991, 47.27198, 29.23664, 355.0059
11.21805, -0.08262905, 0.04882649, -0.09004401, 47.1138, 29.57595, 355.0038
11.2347, -0.08114786, 0.04908454, -0.09115279, 47.0045, 29.94016, 355.0453
11.25137, -0.07967529, 0.04934223, -0.09217052, 46.9404, 30.32766, 355.1477
11.26804, -0.07825391, 0.04957089, -0.09307499, 46.89505, 30.66372, 355.2521
11.28472, -0.07693704, 0.04979156, -0.09386657, 46.84829, 30.96286, 355.3722
11.3014, -0.07567559, 0.05000728, -0.09472932, 46.76594, 31.21419, 355.4583
11.3181, -0.07443088, 0.05014671, -0.09578845, 46.65794, 31.392, 355.4667
11.33476, -0.07331033, 0.05021494, -0.09659317, 46.58371, 31.5576, 355.4742
11.35145, -0.07229687, 0.05020851, -0.097253, 46.54257, 31.72332, 355.5125
11.36807, -0.07134419, 0.05010321, -0.09783036, 46.53317, 31.84685, 355.5257
11.3847, -0.07045811, 0.04991208, -0.09837019, 46.54523, 31.9631, 355.5266
11.40147, -0.06958848, 0.04961642, -0.09889023, 46.5768, 32.08466, 355.5126
11.41812, -0.06872487, 0.04921875, -0.0993458, 46.63096, 32.25493, 355.5416
11.43476, -0.06812558, 0.04886204, -0.09976283, 46.68758, 32.41631, 355.5894
11.45146, -0.06766898, 0.0484913, -0.1001362, 46.73035, 32.49727, 355.5883
11.46806, -0.06727633, 0.04807157, -0.1004774, 46.77139, 32.46881, 355.4907
11.48483, -0.0669555, 0.04761184, -0.1007658, 46.83167, 32.36315, 355.3185
11.50142, -0.06670394, 0.04718731, -0.101009, 46.8981, 32.21347, 355.1418
11.51812, -0.06649122, 0.04688334, -0.1012495, 46.94863, 32.045, 355.0209
11.53476, -0.06667438, 0.04674366, -0.1012826, 46.97472, 31.87021, 354.9655
11.55152, -0.0670873, 0.04670227, -0.1012555, 46.97716, 31.68478, 354.9207
11.5681, -0.06763594, 0.04668482, -0.1012466, 46.96823, 31.47783, 354.8302
11.5848, -0.0682895, 0.04667981, -0.1012465, 46.96478, 31.3053, 354.742
11.60141, -0.06898704, 0.04682207, -0.1013516, 46.96986, 31.14754, 354.6873
11.61806, -0.06965518, 0.04722578, -0.1016573, 46.98001, 30.87531, 354.6073
11.63479, -0.07058117, 0.04744777, -0.1015451, 46.97072, 30.49331, 354.4881
11.65139, -0.07169599, 0.04769339, -0.101329, 46.92604, 30.08768, 354.3636
11.66806, -0.07298361, 0.04803047, -0.1011175, 46.84491, 29.73707, 354.2773
11.68474, -0.07441753, 0.04842992, -0.1008984, 46.74018, 29.43042, 354.2228
11.7014, -0.07592478, 0.04882301, -0.100599, 46.647, 29.13079, 354.1934
11.71806, -0.07744555, 0.04919604, -0.1002033, 46.57771, 28.80106, 354.173
11.73478, -0.07905775, 0.04954524, -0.09968811, 46.52391, 28.39988, 354.1267
11.7515, -0.08076634, 0.04987358, -0.09906141, 46.47332, 27.94457, 354.0635
11.76816, -0.08257752, 0.05020273, -0.09834159, 46.43441, 27.47994, 354.0225
11.78474, -0.08445214, 0.05054053, -0.09759774, 46.40246, 27.0418, 354.002
11.80148, -0.08633611, 0.05078847, -0.09684402, 46.38274, 26.62068, 353.9675
11.81816, -0.08820452, 0.05090167, -0.09606551, 46.37615, 26.20123, 353.9128
11.83479, -0.09011348, 0.05119404, -0.09538972, 46.35408, 25.77468, 353.8419
11.85157, -0.09205186, 0.05158292, -0.09478702, 46.29963, 25.33594, 353.7529
11.86809, -0.0939943, 0.05202237, -0.09425252, 46.2156, 24.91358, 353.6557
11.88475, -0.09590529, 0.05246335, -0.0937397, 46.13151, 24.50791, 353.5574
11.90149, -0.09773935, 0.05286022, -0.09325002, 46.06146, 24.13655, 353.4735
11.91807, -0.0994451, 0.05319376, -0.09279357, 45.99313, 23.82267, 353.4177
11.93478, -0.1010659, 0.05347715, -0.09222452, 45.94835, 23.548, 353.3821
11.95155, -0.1025533, 0.05367776, -0.09155148, 45.94027, 23.27666, 353.3484
11.96812, -0.103891, 0.05381126, -0.09082745, 45.95022, 22.99811, 353.3052
11.9848, -0.1050876, 0.05391272, -0.09011579, 45.96634, 22.74929, 353.2724
12.00145, -0.1061727, 0.05400294, -0.08936188, 45.99045, 22.58062, 353.2968
12.01819, -0.1071211, 0.05401521, -0.088467, 46.0247, 22.45457, 353.3502
12.03482, -0.107922, 0.05396917, -0.08782093, 46.07463, 22.34685, 353.3886
12.05148, -0.108615, 0.05390628, -0.08733582, 46.12755, 22.28757, 353.4389
12.06808, -0.1092614, 0.05388715, -0.0870049, 46.14024, 22.28035, 353.506
12.08478, -0.1098963, 0.05392514, -0.08679216, 46.10596, 22.28913, 353.5811
12.10143, -0.1103709, 0.05383119, -0.08644949, 46.07766, 22.3044, 353.66
12.11818, -0.1105332, 0.05344783, -0.0857922, 46.08096, 22.35247, 353.7455
12.13482, -0.1109212, 0.05332615, -0.0855867, 46.06986, 22.47765, 353.8627
12.15147, -0.1113334, 0.05333745, -0.0855882, 46.0092, 22.65519, 353.9925
12.16812, -0.1116826, 0.05340027, -0.08564371, 45.92649, 22.83305, 354.1122
12.18487, -0.1119576, 0.05346258, -0.08564734, 45.87174, 22.99493, 354.2341
12.20146, -0.1121591, 0.05343656, -0.08559343, 45.83475, 23.15518, 354.3939
12.2181, -0.1122554, 0.05326655, -0.08555894, 45.76485, 23.37518, 354.6305
12.23477, -0.1123625, 0.05329208, -0.08555633, 45.67205, 23.6467, 354.9036
12.25163, -0.1123226, 0.05329378, -0.0855324, 45.62795, 23.89118, 355.1363
12.26811, -0.1121311, 0.05326901, -0.0855006, 45.62757, 24.11645, 355.3385
12.28477, -0.1118591, 0.05331152, -0.08553439, 45.60753, 24.35949, 355.5507
12.30146, -0.1115863, 0.05341546, -0.08569761, 45.53365, 24.65449, 355.8011
12.3182, -0.1113165, 0.05346112, -0.08598277, 45.42668, 25.00939, 356.0766
12.33477, -0.1108854, 0.05358793, -0.08628678, 45.32798, 25.34498, 356.3169
12.35149, -0.1102938, 0.05366863, -0.08656884, 45.27191, 25.5925, 356.4711
12.36816, -0.1095885, 0.05373598, -0.0868649, 45.21581, 25.79573, 356.5771
12.3848, -0.1088066, 0.05381646, -0.08718139, 45.14654, 25.99726, 356.6752
12.4015, -0.1080358, 0.05401037, -0.08759777, 45.07674, 26.19388, 356.7726
12.41818, -0.1073272, 0.05442207, -0.08821287, 45.01293, 26.35179, 356.8527
12.43479, -0.1064166, 0.054629, -0.0885323, 44.96127, 26.48049, 356.9321
12.45165, -0.105445, 0.05475808, -0.08874545, 44.92874, 26.56462, 356.977
12.4681, -0.1044872, 0.05487045, -0.08891368, 44.93632, 26.64084, 357.0169
12.48477, -0.1035835, 0.05503156, -0.08908319, 44.97459, 26.74763, 357.0858
12.50153, -0.1027655, 0.05525376, -0.08921886, 45.00991, 26.83351, 357.1597
12.51814, -0.102042, 0.05553354, -0.08929224, 45.00092, 26.8487, 357.1937
12.53482, -0.1014876, 0.05590027, -0.08952703, 44.95642, 26.79079, 357.1659
12.55148, -0.1010693, 0.05630325, -0.08975403, 44.94732, 26.7693, 357.1782
12.56811, -0.1007778, 0.05668124, -0.08983862, 45.05042, 26.83809, 357.3073
12.58477, -0.1006116, 0.05700279, -0.08973037, 45.29524, 27.00076, 357.5647
12.60146, -0.1005626, 0.05727741, -0.08941403, 45.66039, 27.22824, 357.9564
12.61816, -0.100587, 0.05757169, -0.08901121, 46.05433, 27.52187, 358.4405
12.6348, -0.1007283, 0.0577908, -0.08863062, 46.48213, 27.69216, 358.8813
12.65158, -0.1007956, 0.05776571, -0.08828, 46.99306, 27.61843, 359.1165
12.66816, -0.1007208, 0.05749509, -0.08802831, 47.59578, 27.29626, 359.1094
12.68482, -0.1006702, 0.057177, -0.08795084, 48.19061, 26.83129, 358.9726
12.70146, -0.1008321, 0.05709004, -0.08815945, 48.62132, 26.2635, 358.8112
12.71814, -0.101193, 0.05736016, -0.08877476, 48.81726, 25.67899, 358.6723
12.73483, -0.101537, 0.05766657, -0.08955595, 48.75302, 25.18144, 358.5355
12.75151, -0.1018011, 0.05800077, -0.0905432, 48.52234, 24.78476, 358.4042
12.76836, -0.1019306, 0.05819103, -0.09162985, 48.27699, 24.39506, 358.2101
12.78487, -0.1021101, 0.05784986, -0.09265964, 48.18301, 23.67932, 357.8221
12.80152, -0.1020682, 0.05720122, -0.09364742, 48.33521, 22.77415, 357.1942
12.81816, -0.1014111, 0.05670054, -0.09485465, 48.72822, 22.05219, 356.4514
12.83485, -0.1004357, 0.05588338, -0.09576721, 49.1772, 21.28046, 355.5295
12.85157, -0.09953284, 0.05531244, -0.09660372, 49.55336, 21.07914, 355.1629
12.86814, -0.09878628, 0.05512745, -0.09749022, 49.74648, 21.34945, 355.2899
12.88487, -0.09815761, 0.05520362, -0.09838276, 49.77153, 21.72191, 355.5516
12.90151, -0.09760652, 0.05526622, -0.09903733, 49.71211, 22.02829, 355.8684
12.91825, -0.09702127, 0.0550712, -0.09929676, 49.63377, 22.09504, 356.1233
12.93483, -0.09644546, 0.05512631, -0.0995108, 49.53519, 21.953, 356.2513
12.95152, -0.09570485, 0.05522948, -0.09982643, 49.42538, 21.81358, 356.275
12.96815, -0.09474486, 0.05527466, -0.1002714, 49.38755, 21.81024, 356.229
12.98482, -0.09363686, 0.05526317, -0.1008063, 49.41454, 21.90628, 356.1275
13.00154, -0.09257701, 0.05498441, -0.1011808, 49.45219, 22.02881, 356.0108
13.0182, -0.09175006, 0.05417546, -0.101108, 49.47899, 22.2006, 355.96
13.03485, -0.09097011, 0.05397841, -0.101312, 49.51016, 22.45559, 356.0444
13.05151, -0.09027378, 0.05398928, -0.1015576, 49.53693, 22.72118, 356.1845
13.06815, -0.08962876, 0.05406079, -0.1018165, 49.5229, 22.93185, 356.2869
13.08482, -0.0890315, 0.05410756, -0.1020833, 49.46694, 23.06625, 356.3167
13.10149, -0.08849497, 0.05405227, -0.1023636, 49.39036, 23.14336, 356.2921
13.1182, -0.08804321, 0.05385055, -0.1026387, 49.31187, 23.19997, 356.2603
13.13488, -0.08761084, 0.05368634, -0.1028052, 49.25573, 23.20623, 356.2145
13.15158, -0.08720672, 0.053544, -0.102885, 49.21492, 23.18507, 356.1767
13.16832, -0.08684589, 0.05343179, -0.1029151, 49.18277, 23.22783, 356.2038
13.18485, -0.08652191, 0.05330728, -0.1028917, 49.1711, 23.28976, 356.2446
13.2015, -0.08629066, 0.05337367, -0.1029948, 49.1905, 23.29648, 356.2538
13.21816, -0.08624333, 0.05392003, -0.1034171, 49.24327, 23.20993, 356.2384
13.23485, -0.08617985, 0.05400059, -0.1032736, 49.32223, 23.04516, 356.2213
13.25154, -0.08615978, 0.053947, -0.1029839, 49.40688, 22.88324, 356.209
13.2682, -0.08619553, 0.05387078, -0.102733, 49.46792, 22.74161, 356.1736
13.28486, -0.08628665, 0.05380369, -0.1025585, 49.4951, 22.58328, 356.0901
13.3015, -0.08645129, 0.0537058, -0.1024012, 49.48296, 22.39792, 355.9846
13.31816, -0.08666342, 0.05349312, -0.1021967, 49.46849, 22.19256, 355.8592
13.33486, -0.08693856, 0.05338341, -0.1020388, 49.47309, 21.95906, 355.7104
13.35156, -0.08728436, 0.05333356, -0.1019246, 49.47309, 21.71426, 355.5439
13.36819, -0.0876984, 0.05335178, -0.1018703, 49.45387, 21.50397, 355.3838
13.38484, -0.08819248, 0.05345295, -0.1018212, 49.4149, 21.33228, 355.2613
13.40152, -0.08872613, 0.05348787, -0.1015917, 49.37653, 21.17683, 355.1937
13.41822, -0.08920231, 0.05324671, -0.1010511, 49.34931, 21.01998, 355.161
13.43488, -0.08984248, 0.05330778, -0.1007138, 49.31037, 20.8941, 355.1625
13.45161, -0.09053825, 0.05347624, -0.1004888, 49.25248, 20.83816, 355.2048
13.46822, -0.09122624, 0.05365225, -0.1003299, 49.18867, 20.80527, 355.2366
13.48488, -0.09188642, 0.05378342, -0.1001913, 49.13129, 20.74008, 355.2253
13.50155, -0.09252566, 0.05367875, -0.09983353, 49.07975, 20.63221, 355.1803
13.51818, -0.09317005, 0.05313396, -0.09901993, 49.03393, 20.50537, 355.1284
13.53489, -0.09380174, 0.05291694, -0.09861295, 48.98316, 20.3238, 355.0441
13.55155, -0.09441522, 0.05279572, -0.09836473, 48.9384, 20.14914, 354.9569
13.56818, -0.09500037, 0.05271829, -0.09820201, 48.90162, 20.04277, 354.9232
13.58487, -0.09551381, 0.05267603, -0.09812732, 48.85363, 20.03469, 354.9645
13.60155, -0.09589291, 0.0526077, -0.09799662, 48.78811, 20.08045, 355.0255
13.61823, -0.09611808, 0.05245872, -0.09759341, 48.74726, 20.14054, 355.0748
13.63494, -0.09618643, 0.05228201, -0.0974744, 48.74528, 20.21713, 355.1456
13.65167, -0.09610384, 0.05211236, -0.09746305, 48.77333, 20.3935, 355.3032
13.66819, -0.09584998, 0.05197462, -0.09753942, 48.78699, 20.66476, 355.5336
13.68486, -0.09540145, 0.05182433, -0.09769717, 48.76372, 20.9439, 355.7528
13.70154, -0.09477808, 0.05159856, -0.0978242, 48.73006, 21.19199, 355.9125
13.71822, -0.0940273, 0.05127027, -0.09777729, 48.73793, 21.3906, 355.996
13.7349, -0.09299167, 0.05078859, -0.09781423, 48.80133, 21.52534, 356.0061
13.75162, -0.09179534, 0.0501777, -0.09778294, 48.93435, 21.57695, 355.9517
13.76822, -0.09055226, 0.04948005, -0.09763905, 49.14553, 21.5368, 355.8485
13.78488, -0.08937971, 0.04878749, -0.09740204, 49.40264, 21.40496, 355.7137
13.8016, -0.08834113, 0.04827438, -0.09713188, 49.64893, 21.21574, 355.565
13.81824, -0.08745934, 0.0480065, -0.09681713, 49.87854, 20.82521, 355.2843
13.83497, -0.08667067, 0.04767134, -0.09646897, 50.08879, 20.25134, 354.8804
13.85162, -0.0859917, 0.04733042, -0.0961256, 50.27594, 19.66069, 354.4483
13.86821, -0.08544524, 0.04700052, -0.09577183, 50.4538, 19.06981, 353.9936
13.88492, -0.08504321, 0.04670683, -0.09538849, 50.62398, 18.45193, 353.5088
13.90159, -0.08475082, 0.04657489, -0.09507992, 50.77618, 17.7751, 352.9839
13.91821, -0.08451028, 0.04667841, -0.09495533, 50.90856, 17.0423, 352.4456
13.93487, -0.08450954, 0.04661925, -0.09443195, 51.02507, 16.10455, 351.8252
13.95156, -0.08467051, 0.04656031, -0.09374657, 51.20265, 15.16557, 351.2774
13.96824, -0.08486284, 0.04662415, -0.09317305, 51.35906, 14.36491, 350.7707
13.98491, -0.0850724, 0.04683634, -0.09275731, 51.50443, 13.80704, 350.4132
14.0016, -0.08533164, 0.04717157, -0.09243268, 51.61062, 13.42424, 350.2394
14.01824, -0.0856096, 0.0475967, -0.09225723, 51.66958, 13.23627, 350.2916
14.03493, -0.08577621, 0.04810586, -0.09215577, 51.65832, 13.15885, 350.4669
14.05158, -0.08575901, 0.04870887, -0.09220497, 51.57602, 13.18471, 350.7386
14.06826, -0.08546488, 0.04941901, -0.09244142, 51.42137, 13.38883, 351.1281
14.08497, -0.08482602, 0.05021027, -0.0928835, 51.22512, 13.91256, 351.7018
14.10155, -0.08381353, 0.05069183, -0.0933078, 51.01458, 14.72027, 352.4466
14.11824, -0.08243804, 0.0504705, -0.09348765, 50.78731, 15.59055, 353.2049
14.13493, -0.08081418, 0.05076288, -0.09407814, 50.57136, 16.27996, 353.7338
14.15158, -0.07891048, 0.05100617, -0.09484123, 50.38305, 16.61978, 353.8654
14.16823, -0.07682155, 0.05099744, -0.09563455, 50.28041, 16.60428, 353.6187
14.18489, -0.0746728, 0.05074716, -0.09639855, 50.297, 16.40169, 353.1564
14.20154, -0.07265759, 0.05031442, -0.0971109, 50.35161, 16.26752, 352.7409
14.2183, -0.070931, 0.04971283, -0.09779121, 50.33714, 16.34924, 352.5005
14.23489, -0.06921124, 0.04942006, -0.09875755, 50.18821, 16.57093, 352.3557
14.25159, -0.06763277, 0.04925175, -0.09975851, 49.93214, 16.74683, 352.2157
14.26825, -0.06619358, 0.04914323, -0.1006229, 49.6375, 16.79118, 352.0302
14.28493, -0.0648667, 0.04909429, -0.1013327, 49.34994, 16.85739, 351.9004
14.30157, -0.06371062, 0.04927616, -0.1021388, 49.10207, 17.01333, 351.8867
14.3183, -0.06275356, 0.04983961, -0.1033153, 48.92307, 17.24051, 351.9656
14.33493, -0.06176075, 0.05003881, -0.1037239, 48.8389, 17.57079, 352.1504
14.35164, -0.06084714, 0.05012221, -0.1037161, 48.8211, 17.95146, 352.4256
14.36835, -0.0599777, 0.05014532, -0.1034733, 48.80935, 18.29148, 352.7044
14.38497, -0.05907827, 0.05006981, -0.1031321, 48.75502, 18.55649, 352.903
14.4016, -0.05811374, 0.04987075, -0.1028449, 48.68296, 18.63072, 352.9343
14.4183, -0.05713695, 0.04961454, -0.1027655, 48.61468, 18.55424, 352.8596
14.43492, -0.05615073, 0.04920419, -0.1022988, 48.53675, 18.32775, 352.6782
14.4516, -0.0551951, 0.04876332, -0.1017597, 48.41523, 18.01568, 352.4131
14.46831, -0.05428611, 0.04834038, -0.1012354, 48.27813, 17.72435, 352.1295
14.48489, -0.05343111, 0.04795835, -0.1006803, 48.14536, 17.4883, 351.8775
14.50156, -0.05266196, 0.04760906, -0.1000481, 48.03281, 17.22227, 351.6252
14.51826, -0.05195262, 0.04725797, -0.09936619, 47.93562, 16.84202, 351.2971
14.53493, -0.05111976, 0.04680256, -0.0985662, 47.87032, 16.43001, 350.9236
14.55166, -0.05019086, 0.04627347, -0.0977175, 47.88094, 16.13359, 350.605
14.56833, -0.04924167, 0.04573463, -0.09683791, 47.95097, 15.99, 350.408
14.58494, -0.04827159, 0.04520188, -0.0960148, 48.01339, 15.92498, 350.2682
14.60161, -0.0472166, 0.0445505, -0.0951699, 48.02246, 15.86534, 350.1005
14.61825, -0.04606936, 0.04366544, -0.09411237, 47.97193, 15.76667, 349.8626
14.63494, -0.04493581, 0.04297157, -0.09340475, 47.8604, 15.66066, 349.6243
14.65164, -0.0439169, 0.04245452, -0.09284474, 47.67289, 15.60557, 349.4659
14.66825, -0.04308573, 0.04213681, -0.09239414, 47.39069, 15.59787, 349.4168
14.68492, -0.04239311, 0.04192175, -0.09204721, 47.05607, 15.58252, 349.3892
14.7016, -0.04182989, 0.04161932, -0.09177611, 46.83335, 15.47471, 349.323
14.71824, -0.04143413, 0.04111971, -0.09150407, 46.87303, 15.25639, 349.2293
14.7349, -0.04111667, 0.04036116, -0.09041853, 47.28845, 14.87744, 349.1986
14.75171, -0.04099297, 0.03943048, -0.08875075, 48.02784, 14.52705, 349.2953
14.76827, -0.04093587, 0.03851762, -0.08719003, 48.64725, 14.27531, 349.3213
14.785, -0.0408336, 0.03795812, -0.08621341, 48.77171, 14.09062, 349.2358
14.80158, -0.0407655, 0.0377741, -0.08582553, 48.47332, 14.07924, 349.1991
14.81825, -0.04079671, 0.03768172, -0.0856434, 48.04213, 14.14293, 349.2424
14.83492, -0.04081507, 0.03743145, -0.08532104, 47.73124, 13.9614, 349.1378
14.85165, -0.04074542, 0.03687815, -0.08481672, 47.6324, 13.49647, 348.8294
