1.855155, -0.0279345, -0.2536218, 0.150461, 359.5877, 19.96861, 359.4718, 0.0856, 0.0856 
1.870154, -0.02802295, -0.2537141, 0.1507315, 359.4433, 19.95294, 359.3801, 0.0856, 0.0856 
1.886866, -0.02807198, -0.2540105, 0.1509594, 359.4593, 19.92079, 359.3116, 0.0856, 0.0856 
1.903494, -0.02808781, -0.2540079, 0.1509246, 359.4763, 19.9651, 359.339, 0.0856, 0.0856 
1.920158, -0.02803687, -0.2539137, 0.1505608, 359.463, 20.00311, 359.4402, 0.0856, 0.0856 
1.936846, -0.02799201, -0.2536078, 0.1503384, 359.5315, 19.97931, 359.3897, 0.0856, 0.0856 
1.953478, -0.02788769, -0.253685, 0.1505219, 359.4109, 19.96232, 359.4234, 0.0856, 0.0856 
1.970129, -0.02786539, -0.2539763, 0.1507124, 359.2933, 19.9413, 359.4535, 0.0856, 0.0856 
1.986849, -0.02802099, -0.2542064, 0.1507515, 359.264, 19.91525, 359.4978, 0.0856, 0.0856 
2.003527, -0.02807741, -0.2542123, 0.150794, 359.2171, 19.92155, 359.5109, 0.0856, 0.0856 
2.020256, -0.02820476, -0.2545347, 0.151164, 359.0726, 19.90323, 359.4293, 0.0856, 0.0856 
2.03687, -0.02813103, -0.2541509, 0.1508473, 359.1705, 19.95174, 359.4543, 0.0856, 0.0856 
2.05353, -0.0281452, -0.2541037, 0.150579, 359.3865, 19.9561, 359.401, 0.0856, 0.0856 
2.070173, -0.02808212, -0.2544258, 0.1504558, 359.5851, 19.93482, 359.3866, 0.0856, 0.0856 
2.086868, -0.02798538, -0.254454, 0.150324, 359.5671, 20.0233, 359.4677, 0.0856, 0.0856 
2.103455, -0.02799579, -0.2545469, 0.1503891, 359.4125, 20.16098, 359.5561, 0.0856, 0.0856 
2.120174, -0.02805682, -0.2548547, 0.1503876, 359.258, 20.17073, 359.5944, 0.0856, 0.0856 
2.136795, -0.02839527, -0.2557565, 0.150776, 359.3954, 20.22633, 359.6489, 0.0856, 0.0856 
2.153489, -0.02818358, -0.2548829, 0.1503757, 359.3812, 20.13346, 359.6729, 0.0856, 0.0856 
2.17013, -0.0279976, -0.2550573, 0.1505052, 359.4445, 20.14447, 359.7811, 0.0856, 0.0856 
2.186826, -0.02778281, -0.2558409, 0.1508104, 359.5296, 20.17725, 359.9084, 0.0856, 0.0856 
2.203479, -0.02812961, -0.2552747, 0.1502299, 359.5524, 20.07697, 359.7781, 0.0856, 0.0856 
2.220154, -0.02837234, -0.255223, 0.1504499, 359.4536, 19.98072, 359.5803, 0.0856, 0.0856 
2.236844, -0.02836223, -0.2552938, 0.150638, 359.388, 19.92912, 359.5007, 0.0856, 0.0856 
2.25352, -0.02831061, -0.2553296, 0.1506471, 359.3274, 19.94904, 359.488, 0.0856, 0.0856 
2.270213, -0.02822174, -0.2558266, 0.1510306, 359.2271, 19.93406, 359.4825, 0.0856, 0.0856 
2.286831, -0.02818433, -0.2550943, 0.1503321, 359.5302, 20.08261, 359.7987, 0.0856, 0.0856 
2.303475, -0.0282395, -0.255188, 0.1501884, 359.5697, 20.08416, 359.9037, 0.0856, 0.0856 
2.320204, -0.02850596, -0.2554338, 0.150671, 359.5084, 20.02942, 359.7513, 0.0856, 0.0856 
2.336837, -0.02857105, -0.2554027, 0.1507564, 359.3988, 19.94005, 359.5424, 0.0856, 0.0856 
2.353475, -0.0288719, -0.2560809, 0.1511448, 359.4423, 19.91504, 359.4829, 0.0856, 0.0856 
2.370239, -0.02885037, -0.2553909, 0.1510315, 359.3849, 20.11446, 359.8918, 0.0856, 0.0856 
2.386852, -0.02860582, -0.2551302, 0.15096, 359.3079, 20.07045, 359.7741, 0.0856, 0.0856 
2.403508, -0.02877132, -0.2551692, 0.1507317, 359.3542, 19.96002, 359.6461, 0.0856, 0.0856 
2.420146, -0.02882008, -0.2557487, 0.1508264, 359.3313, 19.94545, 359.6377, 0.0856, 0.0856 
2.437099, -0.02878895, -0.2553516, 0.1504873, 359.3795, 19.90176, 359.5156, 0.0856, 0.0856 
2.453553, -0.0289042, -0.2557831, 0.1506075, 359.429, 19.88239, 359.4834, 0.0856, 0.0856 
2.470195, -0.02894535, -0.2564829, 0.1510738, 359.4479, 19.87495, 359.4669, 0.0856, 0.0856 
2.486879, -0.02875461, -0.2553912, 0.1504979, 359.4718, 19.8522, 359.4374, 0.0856, 0.0856 
2.503527, -0.02885126, -0.255149, 0.1506871, 359.4498, 19.83125, 359.3788, 0.0856, 0.0856 
2.520194, -0.0288894, -0.2549125, 0.1502628, 359.6139, 20.02406, 359.7892, 0.0856, 0.0856 
2.536887, -0.0289795, -0.2553563, 0.1502258, 359.691, 20.05253, 359.8736, 0.0856, 0.0856 
2.553529, -0.02898819, -0.2551449, 0.1499832, 359.7643, 19.95498, 359.7411, 0.0856, 0.0856 
2.570202, -0.02906983, -0.2555668, 0.1501535, 359.8493, 19.96074, 359.7548, 0.0856, 0.0856 
2.586868, -0.02903672, -0.2552405, 0.150123, 359.7133, 19.97729, 359.7422, 0.0856, 0.0856 
2.603573, -0.02907226, -0.2552437, 0.1502995, 359.5139, 19.88767, 359.4149, 0.0856, 0.0856 
2.620177, -0.02887527, -0.2549783, 0.1501886, 359.4323, 19.92526, 359.3822, 0.0856, 0.0856 
2.636874, -0.02884537, -0.2549692, 0.1501527, 359.4097, 19.9473, 359.3915, 0.0856, 0.0856 
2.653504, -0.02896433, -0.2555377, 0.1504788, 359.3648, 19.9268, 359.3314, 0.0856, 0.0856 
2.670259, -0.02909451, -0.2566597, 0.1509211, 359.3684, 19.90701, 359.2973, 0.0856, 0.0856 
2.686878, -0.02882449, -0.2561266, 0.1505159, 359.3004, 19.87634, 359.3293, 0.0856, 0.0856 
2.703532, -0.02878649, -0.2565712, 0.1506718, 359.323, 19.83775, 359.3152, 0.0856, 0.0856 
2.720205, -0.02885411, -0.2556098, 0.1502984, 359.2549, 19.80421, 359.2942, 0.0856, 0.0856 
2.736912, -0.0289024, -0.2553517, 0.1504485, 359.1644, 19.75953, 359.243, 0.0856, 0.0856 
2.753562, -0.02878632, -0.255365, 0.1505691, 359.1353, 19.82809, 359.3355, 0.0856, 0.0856 
2.770211, -0.02876594, -0.2550481, 0.1503305, 359.0599, 19.8827, 359.4008, 0.0856, 0.0856 
2.786916, -0.02885859, -0.2551114, 0.1503637, 358.987, 19.94765, 359.4968, 0.0856, 0.0856 
2.803572, -0.02891262, -0.2550292, 0.1505892, 358.9077, 19.99746, 359.5851, 0.0856, 0.0856 
2.820206, -0.02873144, -0.2557922, 0.1509391, 358.8695, 20.04051, 359.6712, 0.0856, 0.0856 
2.836851, -0.02860772, -0.2568968, 0.1514353, 358.8449, 20.07174, 359.772, 0.0856, 0.0856 
2.856703, -0.02878198, -0.254786, 0.1503246, 358.9777, 20.3039, 0.1777364, 0.0856, 0.0856 
2.870219, -0.02874815, -0.2545338, 0.1500141, 359.1827, 20.04689, 359.731, 0.0856, 0.0856 
2.886878, -0.02859814, -0.2539682, 0.1494845, 359.2391, 19.91811, 359.4582, 0.0856, 0.0856 
2.903572, -0.02845171, -0.254728, 0.1499366, 359.1561, 19.95484, 359.4424, 0.0856, 0.0856 
2.920221, -0.02848839, -0.2557158, 0.150875, 359.1371, 19.91245, 359.3789, 0.0856, 0.0856 
2.936857, -0.02847095, -0.256995, 0.1518524, 359.1391, 19.87073, 359.3663, 0.0856, 0.0856 
2.953595, -0.02838541, -0.2546002, 0.1499011, 359.2933, 19.93452, 359.4486, 0.0856, 0.0856 
2.970288, -0.02838817, -0.254487, 0.1496301, 359.2311, 19.9155, 359.3853, 0.0856, 0.0856 
2.986999, -0.0282604, -0.2550177, 0.1499898, 358.9263, 19.92113, 359.379, 0.0856, 0.0856 
3.0036, -0.02827054, -0.2558213, 0.150608, 358.8791, 19.92351, 359.3342, 0.0856, 0.0856 
3.020315, -0.02826754, -0.2571003, 0.1511319, 358.8697, 19.9253, 359.323, 0.0856, 0.0856 
3.036901, -0.02843901, -0.2585673, 0.1520712, 358.8539, 19.91533, 359.3058, 0.0856, 0.0856 
3.053594, -0.02831545, -0.2582545, 0.1516796, 358.9526, 19.91868, 359.368, 0.0856, 0.0856 
3.070262, -0.02822399, -0.2556805, 0.1497034, 359.2154, 19.85568, 359.3595, 0.0856, 0.0856 
3.086896, -0.02812296, -0.2546457, 0.1487174, 359.2931, 19.83739, 359.4135, 0.0856, 0.0856 
3.103557, -0.02811903, -0.2545334, 0.1483212, 359.4073, 19.83981, 359.4808, 0.0856, 0.0856 
3.1202, -0.02834061, -0.255055, 0.1491736, 359.6007, 19.72817, 359.2832, 0.0856, 0.0856 
3.136897, -0.02849356, -0.2553082, 0.1497234, 359.5041, 19.70457, 359.1387, 0.0856, 0.0856 
3.153608, -0.02846178, -0.2555059, 0.1499802, 359.3253, 19.75046, 359.1624, 0.0856, 0.0856 
3.170237, -0.02839798, -0.255358, 0.1497481, 359.3799, 19.82808, 359.2323, 0.0856, 0.0856 
3.187008, -0.02840445, -0.2559509, 0.1499297, 359.3974, 19.84697, 359.2186, 0.0856, 0.0856 
3.203583, -0.02802106, -0.2554674, 0.1493828, 359.5866, 19.96018, 359.4407, 0.0856, 0.0856 
3.220226, -0.02807087, -0.2556525, 0.1497878, 359.6537, 19.98598, 359.494, 0.0856, 0.0856 
3.236899, -0.02806561, -0.2562873, 0.1503039, 359.7039, 20.01647, 359.5473, 0.0856, 0.0856 
3.253602, -0.02823434, -0.2557854, 0.1500814, 359.6018, 20.0291, 359.5699, 0.0856, 0.0856 
3.270195, -0.02838129, -0.2561161, 0.1503678, 359.6102, 20.06343, 359.596, 0.0856, 0.0856 
3.286884, -0.02829417, -0.2555966, 0.1499767, 359.5048, 20.00773, 359.506, 0.0856, 0.0856 
3.30354, -0.02819967, -0.2552758, 0.1497028, 359.4464, 20.02699, 359.5032, 0.0856, 0.0856 
3.320258, -0.02782841, -0.2556453, 0.1501646, 359.4171, 20.05995, 359.5478, 0.0856, 0.0856 
3.336857, -0.02786925, -0.2564416, 0.1507818, 359.3986, 20.05816, 359.5305, 0.0856, 0.0856 
3.353608, -0.02800082, -0.2576212, 0.1515835, 359.3884, 20.0632, 359.4952, 0.0856, 0.0856 
3.370203, -0.02780196, -0.2559749, 0.1504149, 359.4304, 20.07718, 359.5788, 0.0856, 0.0856 
3.386931, -0.0277039, -0.2555694, 0.1501948, 359.4127, 20.08791, 359.5817, 0.0856, 0.0856 
3.403581, -0.02766957, -0.2557435, 0.1503549, 359.4024, 20.09034, 359.6024, 0.0856, 0.0856 
3.420223, -0.02779632, -0.2564527, 0.1508094, 359.4123, 20.07285, 359.6245, 0.0856, 0.0856 
3.436963, -0.0277714, -0.2556356, 0.150142, 359.3854, 20.08156, 359.64, 0.0856, 0.0856 
3.453595, -0.02765912, -0.2551547, 0.1497482, 359.4038, 20.00188, 359.5309, 0.0856, 0.0856 
3.470295, -0.02744017, -0.2552279, 0.1498969, 359.3648, 20.00136, 359.5129, 0.0856, 0.0856 
3.486901, -0.02719385, -0.2551938, 0.149747, 359.4986, 20.09736, 359.6265, 0.0856, 0.0856 
3.503615, -0.02728442, -0.2557802, 0.1500213, 359.5242, 20.11942, 359.6093, 0.0856, 0.0856 
3.520305, -0.02764845, -0.2567855, 0.1506001, 359.5584, 20.10379, 359.5486, 0.0856, 0.0856 
3.536915, -0.02737256, -0.2557352, 0.1498144, 359.6531, 19.95464, 359.425, 0.0856, 0.0856 
3.553602, -0.02722383, -0.2557921, 0.1497425, 359.6968, 19.91413, 359.3493, 0.0856, 0.0856 
3.570307, -0.02676962, -0.2554224, 0.1493766, 359.6903, 20.01573, 359.4971, 0.0856, 0.0856 
3.586866, -0.02663729, -0.255809, 0.1496208, 359.7234, 20.03281, 359.5103, 0.0856, 0.0856 
3.603717, -0.02697034, -0.2557267, 0.1497271, 359.5647, 20.06669, 359.4624, 0.0856, 0.0856 
3.620261, -0.02716455, -0.2553787, 0.1496547, 359.4767, 20.0743, 359.4411, 0.0856, 0.0856 
3.636968, -0.0271324, -0.2552982, 0.1496662, 359.3862, 20.06051, 359.3734, 0.0856, 0.0856 
3.653556, -0.02690065, -0.2554396, 0.1495742, 359.4271, 20.01951, 359.3318, 0.0856, 0.0856 
3.67031, -0.02643771, -0.2563673, 0.1498352, 359.3993, 20.04965, 359.2842, 0.0856, 0.0856 
3.686928, -0.02642786, -0.2561657, 0.1495385, 359.4704, 20.10036, 359.4006, 0.0856, 0.0856 
3.703636, -0.02636572, -0.2555835, 0.1490734, 359.4611, 20.14844, 359.5048, 0.0856, 0.0856 
3.720266, -0.02633295, -0.2559063, 0.1490724, 359.5074, 20.19578, 359.5181, 0.0856, 0.0856 
3.737014, -0.02636046, -0.2559234, 0.1492697, 359.4813, 20.15405, 359.4839, 0.0856, 0.0856 
3.753593, -0.02636529, -0.2565719, 0.149841, 359.4651, 20.18394, 359.4594, 0.0856, 0.0856 
3.770268, -0.02636275, -0.2578343, 0.1505434, 359.4759, 20.21104, 359.4352, 0.0856, 0.0856 
3.786937, -0.02603234, -0.2564164, 0.1490841, 359.5501, 20.24114, 359.5538, 0.0856, 0.0856 
3.803613, -0.02593397, -0.2555722, 0.1484097, 359.5252, 20.21686, 359.5639, 0.0856, 0.0856 
3.820309, -0.02598819, -0.2554177, 0.1483254, 359.5356, 20.23615, 359.4589, 0.0856, 0.0856 
3.836935, -0.02606412, -0.2558343, 0.1487323, 359.4643, 20.14381, 359.388, 0.0856, 0.0856 
3.853647, -0.02600508, -0.2559001, 0.1487121, 359.4413, 20.07316, 359.3415, 0.0856, 0.0856 
3.870243, -0.0260509, -0.2568242, 0.14907, 359.3932, 20.01015, 359.2106, 0.0856, 0.0856 
3.88696, -0.02574136, -0.2562024, 0.1483731, 359.4749, 20.07668, 359.3282, 0.0856, 0.0856 
3.903643, -0.02543411, -0.2557539, 0.147906, 359.4801, 20.21112, 359.4507, 0.0856, 0.0856 
3.920322, -0.02535985, -0.2556878, 0.1478637, 359.4071, 20.30506, 359.5541, 0.0856, 0.0856 
3.936988, -0.02529868, -0.2562284, 0.1481753, 359.4158, 20.3499, 359.601, 0.0856, 0.0856 
3.953693, -0.0254314, -0.2571247, 0.1488477, 359.3839, 20.34287, 359.6387, 0.0856, 0.0856 
3.970236, -0.02573752, -0.2585387, 0.1496782, 359.3883, 20.32589, 359.6454, 0.0856, 0.0856 
3.986968, -0.02546012, -0.2566627, 0.1482123, 359.5298, 20.28281, 359.6101, 0.0856, 0.0856 
4.003654, -0.02527479, -0.2561566, 0.1477225, 359.5466, 20.3187, 359.4411, 0.0856, 0.0856 
4.020259, -0.02482028, -0.256281, 0.1475642, 359.546, 20.39419, 359.3506, 0.0856, 0.0856 
4.036994, -0.02463657, -0.2559088, 0.1472395, 359.5366, 20.37248, 359.5187, 0.0856, 0.0856 
4.053607, -0.02457882, -0.256501, 0.1472214, 359.5637, 20.36057, 359.6086, 0.0856, 0.0856 
4.07027, -0.02452523, -0.2562159, 0.1470301, 359.5446, 20.33747, 359.6588, 0.0856, 0.0856 
4.086943, -0.02478943, -0.2558713, 0.1473807, 359.3677, 20.35605, 359.6871, 0.0856, 0.0856 
4.103673, -0.02479287, -0.255513, 0.1472958, 359.3196, 20.39673, 359.6444, 0.0856, 0.0856 
4.12027, -0.0246488, -0.2561022, 0.1478125, 359.1157, 20.48268, 359.7168, 0.0856, 0.0856 
4.137027, -0.02454616, -0.2571112, 0.148408, 358.9842, 20.46384, 359.7025, 0.0856, 0.0856 
4.15361, -0.02426615, -0.2561328, 0.1470541, 359.3109, 20.50058, 359.8469, 0.0856, 0.0856 
4.170316, -0.02397646, -0.255837, 0.1463448, 359.4935, 20.51672, 359.9336, 0.0856, 0.0856 
4.186954, -0.02403775, -0.255804, 0.1462366, 359.5624, 20.56775, 359.9804, 0.0856, 0.0856 
4.203656, -0.02428785, -0.2559376, 0.1467921, 359.4694, 20.60651, 359.952, 0.0856, 0.0856 
4.220398, -0.02432476, -0.2561804, 0.147466, 359.0754, 20.68547, 0.01032806, 0.0856, 0.0856 
4.236969, -0.02451362, -0.2563601, 0.1478719, 358.6933, 20.62926, 359.9467, 0.0856, 0.0856 
4.25368, -0.0242973, -0.2563834, 0.1478126, 358.5266, 20.6137, 359.8941, 0.0856, 0.0856 
4.2703, -0.02389566, -0.2563594, 0.1475974, 358.5266, 20.67565, 359.9189, 0.0856, 0.0856 
4.287001, -0.02359651, -0.2558412, 0.1467914, 358.7635, 20.76416, 0.03733569, 0.0856, 0.0856 
4.303628, -0.0235309, -0.2555551, 0.1465718, 358.8771, 20.86561, 0.1052396, 0.0856, 0.0856 
4.320296, -0.02365377, -0.2555574, 0.1467208, 358.9614, 20.94839, 0.1583616, 0.0856, 0.0856 
4.336982, -0.02399918, -0.2563465, 0.1477125, 358.8168, 20.96138, 0.1907932, 0.0856, 0.0856 
4.353604, -0.02437545, -0.2572275, 0.1487709, 358.5651, 20.91427, 0.1422245, 0.0856, 0.0856 
4.370352, -0.02424068, -0.2573251, 0.1487822, 358.4767, 20.85209, 0.05410102, 0.0856, 0.0856 
4.387029, -0.02405808, -0.2571889, 0.148108, 358.8142, 20.86219, 0.06247697, 0.0856, 0.0856 
4.403691, -0.02382193, -0.2567505, 0.1472739, 359.3318, 20.79843, 0.1600713, 0.0856, 0.0856 
4.420304, -0.02369314, -0.2562317, 0.146703, 359.5424, 20.83225, 0.217556, 0.0856, 0.0856 
4.437032, -0.02376868, -0.2560892, 0.1469083, 359.438, 20.93077, 0.2610156, 0.0856, 0.0856 
4.453594, -0.02395193, -0.2565202, 0.1475802, 359.2187, 20.94881, 0.2254914, 0.0856, 0.0856 
4.470283, -0.02391103, -0.2568118, 0.1479461, 358.976, 20.93446, 0.1774594, 0.0856, 0.0856 
4.487078, -0.02433395, -0.2566682, 0.1478883, 358.9908, 20.95637, 0.1368356, 0.0856, 0.0856 
4.503628, -0.02453078, -0.2565408, 0.147696, 359.2682, 20.85944, 0.1111092, 0.0856, 0.0856 
4.52027, -0.02510943, -0.2573115, 0.1477656, 359.4328, 20.82899, 0.0008241054, 0.0856, 0.0856 
4.536916, -0.02445745, -0.2561529, 0.146336, 359.7951, 20.76465, 359.8954, 0.0856, 0.0856 
4.553709, -0.02393331, -0.2555379, 0.14588, 359.8635, 20.7556, 359.9359, 0.0856, 0.0856 
4.570425, -0.02386754, -0.2559486, 0.1465148, 359.7516, 21.04613, 0.1506078, 0.0856, 0.0856 
4.587049, -0.02397874, -0.2564981, 0.1470424, 359.7674, 21.13616, 0.1668142, 0.0856, 0.0856 
4.603632, -0.02405012, -0.2563893, 0.1466593, 359.8345, 21.11472, 0.1532776, 0.0856, 0.0856 
4.620387, -0.02422208, -0.2570411, 0.1469072, 0.0132909, 21.19998, 0.1076038, 0.0856, 0.0856 
4.637032, -0.02389842, -0.2566822, 0.1462831, 0.2397688, 21.01211, 359.9761, 0.0856, 0.0856 
4.653682, -0.02387191, -0.2568006, 0.1465396, 0.2146472, 20.86109, 359.8918, 0.0856, 0.0856 
4.670347, -0.02460782, -0.2567364, 0.1461401, 0.1406392, 20.67711, 359.933, 0.0856, 0.0856 
4.687032, -0.02488603, -0.2574309, 0.1466311, 0.1494957, 20.53442, 359.9786, 0.0856, 0.0856 
4.703723, -0.02478473, -0.2574006, 0.1465622, 0.06696837, 20.76277, 0.1260227, 0.0856, 0.0856 
4.720269, -0.02486581, -0.2578245, 0.1473645, 0.05559024, 20.73522, 0.1034522, 0.0856, 0.0856 
4.737056, -0.02466659, -0.2577729, 0.1469657, 0.008902782, 20.8599, 0.1541158, 0.0856, 0.0856 
4.75366, -0.02516229, -0.2582449, 0.1475469, 359.9725, 20.76246, 0.1690917, 0.0856, 0.0856 
4.770349, -0.02546342, -0.2579378, 0.146874, 359.8596, 20.71931, 0.1794067, 0.0856, 0.0856 
4.787011, -0.02474482, -0.2576072, 0.1461688, 359.699, 20.79815, 0.1173946, 0.0856, 0.0856 
4.803815, -0.02434803, -0.2576554, 0.146084, 359.5728, 20.86187, 0.004533397, 0.0856, 0.0856 
4.820364, -0.02413552, -0.2577135, 0.1457381, 359.7645, 20.76017, 359.9355, 0.0856, 0.0856 
4.83699, -0.02389458, -0.2577833, 0.1454273, 0.03578286, 20.82383, 0.01713375, 0.0856, 0.0856 
4.853634, -0.02391901, -0.2578803, 0.1453434, 0.1764743, 20.76216, 359.9539, 0.0856, 0.0856 
4.87039, -0.02437513, -0.2578959, 0.1449991, 0.2371106, 20.64125, 359.8902, 0.0856, 0.0856 
4.887004, -0.02472264, -0.2584769, 0.1456519, 0.3584175, 20.66006, 359.8356, 0.0856, 0.0856 
4.903697, -0.02552656, -0.2592826, 0.1468156, 0.4576896, 20.60508, 359.7265, 0.0856, 0.0856 
4.9205, -0.02500386, -0.2588398, 0.1459546, 0.4167348, 20.58169, 359.7597, 0.0856, 0.0856 
4.936971, -0.0245142, -0.2584937, 0.1454457, 0.3804815, 20.55623, 359.7891, 0.0856, 0.0856 
4.953673, -0.02412333, -0.2581133, 0.1451311, 0.2653225, 20.64259, 359.8903, 0.0856, 0.0856 
4.970319, -0.02470475, -0.2585801, 0.1456526, 0.2422521, 20.5923, 359.821, 0.0856, 0.0856 
4.986975, -0.02467184, -0.258304, 0.1454735, 0.1610048, 20.53711, 359.7897, 0.0856, 0.0856 
5.003693, -0.02439499, -0.2581841, 0.1454728, 0.080033, 20.67617, 359.9018, 0.0856, 0.0856 
5.020368, -0.0239572, -0.2578785, 0.1450108, 0.1105118, 20.8085, 0.04803498, 0.0856, 0.0856 
5.037001, -0.02401935, -0.2579615, 0.1451001, 0.09436674, 20.72754, 0.02016009, 0.0856, 0.0856 
5.053751, -0.02410407, -0.258338, 0.1457904, 0.01078018, 20.76463, 0.04396315, 0.0856, 0.0856 
5.070298, -0.02426267, -0.2585235, 0.1453177, 0.1552571, 20.844, 0.1101833, 0.0856, 0.0856 
5.086987, -0.02432278, -0.2589432, 0.1457293, 0.1080303, 20.90652, 0.1465635, 0.0856, 0.0856 
5.103631, -0.02404228, -0.25855, 0.145072, 0.1735487, 20.98275, 0.2123852, 0.0856, 0.0856 
5.12045, -0.02387525, -0.258213, 0.1445233, 0.1517449, 20.83114, 0.0872714, 0.0856, 0.0856 
5.137091, -0.02386857, -0.2582454, 0.1445252, 0.08907916, 20.73396, -0.0001579833, 0.0856, 0.0856 
5.153727, -0.02401474, -0.2586128, 0.1449349, 0.137887, 20.68377, 359.9598, 0.0856, 0.0856 
5.170451, -0.02434915, -0.2588072, 0.1460296, 0.0380059, 20.6751, 359.8615, 0.0856, 0.0856 
5.186985, -0.02503049, -0.2597088, 0.1473031, 359.7628, 21.02423, 359.8503, 0.0856, 0.0856 
5.203711, -0.02436601, -0.2585006, 0.1453809, 359.9235, 20.86485, 359.84, 0.0856, 0.0856 
5.220515, -0.02434357, -0.25837, 0.1452005, 0.003001526, 20.80614, 359.8438, 0.0856, 0.0856 
5.236984, -0.02430515, -0.2584065, 0.1453037, 0.01075944, 20.76824, 359.8458, 0.0856, 0.0856 
5.253704, -0.02450258, -0.2587762, 0.1459633, 359.9781, 20.73567, 359.7826, 0.0856, 0.0856 
5.270362, -0.02426187, -0.2586054, 0.145288, 0.1133134, 20.62782, 359.7656, 0.0856, 0.0856 
5.286976, -0.02396532, -0.2587847, 0.1447224, 0.2685728, 20.53493, 359.7222, 0.0856, 0.0856 
5.30373, -0.02401614, -0.2589812, 0.1448336, 0.3170728, 20.50897, 359.6639, 0.0856, 0.0856 
5.320376, -0.02442931, -0.2590343, 0.1455899, 0.3391784, 20.44948, 359.6067, 0.0856, 0.0856 
5.337043, -0.02398688, -0.258337, 0.1450839, 0.03634581, 20.64383, 359.7262, 0.0856, 0.0856 
5.353906, -0.02364631, -0.2583778, 0.1452343, 359.6813, 20.90211, 359.8155, 0.0856, 0.0856 
5.370369, -0.02342232, -0.2584743, 0.1451287, 359.5726, 20.97156, 359.8102, 0.0856, 0.0856 
5.387059, -0.02316696, -0.2584131, 0.1446538, 359.7685, 20.85202, 359.7534, 0.0856, 0.0856 
5.403848, -0.02298152, -0.2586778, 0.1444226, 359.9475, 20.75779, 359.7079, 0.0856, 0.0856 
5.42035, -0.02300039, -0.2590302, 0.1445914, 359.9678, 20.78164, 359.7262, 0.0856, 0.0856 
5.437068, -0.0232681, -0.2595568, 0.1452535, 359.8894, 20.82743, 359.7566, 0.0856, 0.0856 
5.453789, -0.02336022, -0.2594275, 0.1451892, 359.9276, 20.75492, 359.6835, 0.0856, 0.0856 
5.470397, -0.02372151, -0.2594794, 0.1458929, 359.9698, 20.74792, 359.6697, 0.0856, 0.0856 
5.487004, -0.02412849, -0.2599042, 0.1467968, -0.002575979, 20.72673, 359.7083, 0.0856, 0.0856 
5.503786, -0.02360683, -0.2597511, 0.1461509, 359.8376, 20.81546, 359.7906, 0.0856, 0.0856 
5.520315, -0.02342614, -0.2598805, 0.1459403, 359.7103, 20.90851, 359.8394, 0.0856, 0.0856 
5.537067, -0.0232763, -0.2595965, 0.1454951, 359.6835, 20.88433, 359.8023, 0.0856, 0.0856 
5.55374, -0.02320661, -0.2593474, 0.1452868, 359.7001, 20.80611, 359.7716, 0.0856, 0.0856 
5.570409, -0.02315515, -0.2596607, 0.1457742, 359.6781, 20.82498, 359.8179, 0.0856, 0.0856 
5.587074, -0.02336602, -0.259383, 0.145684, 359.7466, 20.81489, 359.7823, 0.0856, 0.0856 
5.603816, -0.02343521, -0.2593299, 0.1456603, 359.7238, 20.80325, 359.7725, 0.0856, 0.0856 
5.62039, -0.02346969, -0.2593533, 0.1457021, 359.7334, 20.77608, 359.7544, 0.0856, 0.0856 
5.637037, -0.02336739, -0.2592663, 0.1455644, 359.7228, 20.79557, 359.7452, 0.0856, 0.0856 
5.653793, -0.02318691, -0.2591919, 0.1453095, 359.7793, 20.8122, 359.7156, 0.0856, 0.0856 
5.670452, -0.02316433, -0.2593016, 0.145436, 359.804, 20.86251, 359.7097, 0.0856, 0.0856 
5.687054, -0.02274557, -0.2591685, 0.1446279, 359.8847, 20.84361, 359.6873, 0.0856, 0.0856 
5.703746, -0.02304649, -0.2592405, 0.1448539, 359.9027, 20.84398, 359.6065, 0.0856, 0.0856 
5.720406, -0.02361474, -0.2596472, 0.1456093, 359.8985, 20.82786, 359.5383, 0.0856, 0.0856 
5.737065, -0.02333421, -0.2596298, 0.1452622, 359.8988, 20.77196, 359.5969, 0.0856, 0.0856 
5.753729, -0.02276322, -0.2593154, 0.1444331, 359.9389, 20.73743, 359.6442, 0.0856, 0.0856 
5.770488, -0.02249932, -0.2591999, 0.1442643, 359.9521, 20.72748, 359.7057, 0.0856, 0.0856 
5.787059, -0.02264574, -0.2592378, 0.144572, 359.9683, 20.69242, 359.7563, 0.0856, 0.0856 
5.803749, -0.02311648, -0.2594552, 0.1453923, 359.9357, 20.64713, 359.8234, 0.0856, 0.0856 
5.820368, -0.02390057, -0.2597817, 0.1465842, 359.8671, 20.58058, 359.9031, 0.0856, 0.0856 
5.837173, -0.02486631, -0.2603361, 0.1480351, 359.8188, 20.51892, 359.9768, 0.0856, 0.0856 
5.853734, -0.02244107, -0.2587174, 0.1444603, 359.6483, 20.90346, 359.9083, 0.0856, 0.0856 
5.870415, -0.02480163, -0.2612891, 0.1495796, 359.3813, 21.52557, 359.9006, 0.0856, 0.0856 
5.887056, -0.0254415, -0.261514, 0.1505066, 359.2502, 21.86291, 359.8629, 0.0856, 0.0856 
5.903741, -0.02540185, -0.2613379, 0.1502764, 359.188, 22.0202, 359.8408, 0.0856, 0.0856 
5.920384, -0.02467957, -0.2605983, 0.1486867, 359.225, 22.01007, 359.8314, 0.0856, 0.0856 
5.937075, -0.02407183, -0.2599392, 0.147361, 359.2816, 21.91154, 359.8328, 0.0856, 0.0856 
5.953764, -0.02352298, -0.2593144, 0.1461768, 359.3516, 21.78179, 359.8421, 0.0856, 0.0856 
5.97039, -0.02275743, -0.2588285, 0.1449302, 359.4366, 21.69603, 359.9047, 0.0856, 0.0856 
5.987184, -0.02236237, -0.2588632, 0.1444468, 359.5144, 21.60376, 359.9428, 0.0856, 0.0856 
6.003745, -0.0220587, -0.258485, 0.1438939, 359.5083, 21.52547, 359.9774, 0.0856, 0.0856 
6.020391, -0.02221639, -0.2584064, 0.144024, 359.4981, 21.40002, 359.9757, 0.0856, 0.0856 
6.037102, -0.02217421, -0.2581072, 0.1437193, 359.4783, 21.33015, 359.9582, 0.0856, 0.0856 
6.053806, -0.02210056, -0.2580582, 0.1435021, 359.5208, 21.27169, 359.9626, 0.0856, 0.0856 
6.070497, -0.02175557, -0.2577482, 0.143014, 359.563, 21.23062, 359.9776, 0.0856, 0.0856 
6.087055, -0.0217979, -0.2578095, 0.1432093, 359.6015, 21.21369, 6.089955E-05, 0.0856, 0.0856 
6.10382, -0.02184107, -0.2576622, 0.1432259, 359.5596, 21.21795, 0.01958338, 0.0856, 0.0856 
6.120406, -0.02232134, -0.2579262, 0.1440431, 359.4785, 21.23658, 0.005490425, 0.0856, 0.0856 
6.137097, -0.02254491, -0.2578433, 0.1442667, 359.3757, 21.27751, 359.9596, 0.0856, 0.0856 
6.153741, -0.02266673, -0.2579554, 0.1444036, 359.3929, 21.32965, 359.9839, 0.0856, 0.0856 
6.170496, -0.02235357, -0.2575897, 0.1436388, 359.4576, 21.31075, 0.01258423, 0.0856, 0.0856 
6.187123, -0.02231967, -0.2574972, 0.1436571, 359.5258, 21.20954, 0.03269484, 0.0856, 0.0856 
6.203817, -0.02234223, -0.2573686, 0.1435875, 359.4929, 21.15157, 0.02522858, 0.0856, 0.0856 
6.22037, -0.02258392, -0.2575659, 0.1441647, 359.4521, 21.13945, 0.008566957, 0.0856, 0.0856 
6.237134, -0.02259327, -0.2573092, 0.1438851, 359.4371, 21.13002, 0.04913361, 0.0856, 0.0856 
6.253763, -0.02288506, -0.2573604, 0.1442315, 359.3264, 21.2134, 0.05363812, 0.0856, 0.0856 
6.270417, -0.02288267, -0.257314, 0.1442409, 359.2704, 21.23194, 0.03977403, 0.0856, 0.0856 
6.287118, -0.02216761, -0.2565153, 0.1429961, 359.3604, 21.18574, 0.05561508, 0.0856, 0.0856 
6.303721, -0.02186614, -0.2562371, 0.1426261, 359.472, 21.19117, 0.1907449, 0.0856, 0.0856 
6.320413, -0.02208294, -0.2565173, 0.1427487, 359.9023, 21.06529, 0.2390341, 0.0856, 0.0856 
6.337113, -0.02209906, -0.2561701, 0.1423023, 0.1378306, 20.94985, 0.2650082, 0.0856, 0.0856 
6.353751, -0.02244169, -0.2562558, 0.1424884, 0.4246896, 20.94454, 0.5518031, 0.0856, 0.0856 
6.370436, -0.02218525, -0.2557943, 0.1421408, 0.3650146, 20.92384, 0.4719807, 0.0856, 0.0856 
6.387099, -0.02200612, -0.2557435, 0.1422043, 0.2964645, 20.92068, 0.3617943, 0.0856, 0.0856 
6.403751, -0.02177783, -0.2557709, 0.1421915, 0.3108509, 21.0052, 0.3152589, 0.0856, 0.0856 
6.420414, -0.02196154, -0.2564992, 0.1428954, 0.1941617, 21.07837, 0.2766148, 0.0856, 0.0856 
6.437147, -0.02219728, -0.2567262, 0.1431241, 0.0863882, 21.07081, 0.2060901, 0.0856, 0.0856 
6.453757, -0.02249355, -0.2569595, 0.1437921, 359.9154, 21.10107, 0.196826, 0.0856, 0.0856 
6.470466, -0.02256113, -0.2564759, 0.1436687, 359.9643, 21.03743, 0.1750062, 0.0856, 0.0856 
6.487075, -0.02272492, -0.2564154, 0.1438535, 359.9689, 21.03603, 0.3492482, 0.0856, 0.0856 
6.503818, -0.02292279, -0.2561604, 0.14338, 359.9655, 21.00976, 0.341003, 0.0856, 0.0856 
6.520439, -0.02317259, -0.256806, 0.1437677, 359.7504, 21.03235, 0.3766053, 0.0856, 0.0856 
6.537104, -0.0231587, -0.257, 0.1438351, 359.7005, 21.05716, 0.449363, 0.0856, 0.0856 
6.553771, -0.0231327, -0.2561962, 0.1433322, 359.8153, 21.00224, 0.423493, 0.0856, 0.0856 
6.57045, -0.023215, -0.2553061, 0.1428824, 359.8893, 20.9763, 0.4215917, 0.0856, 0.0856 
6.587105, -0.02350106, -0.2555428, 0.1430886, 0.07814022, 20.73179, 0.2825714, 0.0856, 0.0856 
6.603802, -0.02420355, -0.2561269, 0.1438108, 0.09814529, 20.63065, 0.3001532, 0.0856, 0.0856 
6.620472, -0.0245132, -0.2549735, 0.1427195, 0.2963606, 20.47986, 0.2762446, 0.0856, 0.0856 
6.637122, -0.02454737, -0.2542113, 0.1421556, 0.4665798, 20.34319, 0.2015605, 0.0856, 0.0856 
6.653831, -0.02441958, -0.2533875, 0.1419471, 0.3667644, 20.39919, 0.3231474, 0.0856, 0.0856 
6.67046, -0.024411, -0.2534208, 0.1423617, 0.07773418, 20.56118, 0.3809225, 0.0856, 0.0856 
6.687122, -0.024835, -0.2534305, 0.1428943, 359.88, 20.6701, 0.4236364, 0.0856, 0.0856 
6.703776, -0.02522156, -0.2531161, 0.1424779, 0.06688029, 20.65866, 0.479855, 0.0856, 0.0856 
6.720469, -0.0257525, -0.2536808, 0.1428068, 0.1053895, 20.5344, 0.3245234, 0.0856, 0.0856 
6.737117, -0.02590485, -0.2530971, 0.1424214, 0.2442273, 20.49354, 0.3366435, 0.0856, 0.0856 
6.753769, -0.02586424, -0.2526143, 0.14228, 0.114778, 20.55023, 0.4439074, 0.0856, 0.0856 
6.7705, -0.02579698, -0.2528826, 0.1425094, 359.9785, 20.61502, 0.499017, 0.0856, 0.0856 
6.787166, -0.02554072, -0.2532752, 0.1427225, 359.9019, 20.71374, 0.5820456, 0.0856, 0.0856 
6.803852, -0.02555888, -0.2536746, 0.1431545, 359.8611, 20.76851, 0.5927215, 0.0856, 0.0856 
6.820381, -0.02578774, -0.2537131, 0.1428929, 359.9415, 20.74898, 0.5267177, 0.0856, 0.0856 
6.837091, -0.02572098, -0.2540211, 0.1425214, 0.3445797, 20.65937, 0.4479897, 0.0856, 0.0856 
6.853733, -0.02561785, -0.2526508, 0.1414539, 0.4642282, 20.72342, 0.5680931, 0.0856, 0.0856 
6.8706, -0.02590279, -0.2516963, 0.1411522, 0.6482612, 20.74232, 0.6310545, 0.0856, 0.0856 
6.887049, -0.02608319, -0.2521345, 0.1419036, 0.4031977, 20.65733, 0.63581, 0.0856, 0.0856 
6.903839, -0.02646168, -0.2524857, 0.1425216, 0.1647009, 20.55795, 0.5810481, 0.0856, 0.0856 
6.920454, -0.02670892, -0.2532207, 0.1430543, 0.1109951, 20.47425, 0.4317554, 0.0856, 0.0856 
6.937146, -0.02686183, -0.2532072, 0.1428416, 359.9316, 20.55329, 0.5019712, 0.0856, 0.0856 
6.953773, -0.02678088, -0.2523451, 0.1420069, 359.9539, 20.61852, 0.5004465, 0.0856, 0.0856 
6.970473, -0.02668419, -0.251617, 0.1414159, 0.2714668, 20.62892, 0.6124188, 0.0856, 0.0856 
6.987085, -0.02680768, -0.2518908, 0.1424327, 0.1442907, 20.67006, 0.6818547, 0.0856, 0.0856 
7.003839, -0.02718364, -0.2520857, 0.1429684, 359.9024, 20.63927, 0.7505064, 0.0856, 0.0856 
7.020524, -0.02745862, -0.2524714, 0.1435176, 359.6608, 20.70038, 0.8098984, 0.0856, 0.0856 
7.037133, -0.02756058, -0.2521612, 0.1431375, 359.703, 20.72871, 0.809504, 0.0856, 0.0856 
7.053797, -0.0271877, -0.2530829, 0.1429492, 359.6952, 20.91727, 0.846689, 0.0856, 0.0856 
7.070426, -0.02741243, -0.2513436, 0.1417191, 0.2542086, 20.81158, 0.7231813, 0.0856, 0.0856 
7.087147, -0.02787143, -0.2514721, 0.1427245, 0.05992093, 20.68507, 0.7524385, 0.0856, 0.0856 
7.103846, -0.02849952, -0.2516855, 0.1433746, 359.9008, 20.52036, 0.642371, 0.0856, 0.0856 
7.120443, -0.02893288, -0.2513151, 0.1431671, 359.9761, 20.50441, 0.6503357, 0.0856, 0.0856 
7.137174, -0.02888616, -0.2516423, 0.1431201, 359.8864, 20.55538, 0.6287594, 0.0856, 0.0856 
7.153742, -0.02867481, -0.2518093, 0.1428922, 359.7818, 20.53877, 0.6259178, 0.0856, 0.0856 
7.170485, -0.02852482, -0.2528386, 0.143645, 359.4749, 20.59024, 0.689813, 0.0856, 0.0856 
7.187163, -0.02856512, -0.2527139, 0.1438801, 359.3633, 20.65594, 0.9178874, 0.0856, 0.0856 
7.203817, -0.02870554, -0.2527765, 0.1439945, 359.3195, 20.6785, 0.9250941, 0.0856, 0.0856 
7.220529, -0.02903695, -0.2525202, 0.1437713, 359.3226, 20.705, 0.9180161, 0.0856, 0.0856 
7.237253, -0.02905866, -0.2530513, 0.1439223, 359.1121, 20.71442, 0.866277, 0.0856, 0.0856 
7.253803, -0.02923209, -0.252488, 0.1434467, 359.2224, 20.70734, 0.9080352, 0.0856, 0.0856 
7.270506, -0.02908599, -0.2529863, 0.1434674, 359.2051, 20.71478, 1.107107, 0.0856, 0.0856 
7.287187, -0.02932699, -0.2525977, 0.1438466, 359.4125, 20.65228, 0.9889836, 0.0856, 0.0856 
7.303841, -0.02968372, -0.252242, 0.1438946, 359.5708, 20.53445, 0.8234746, 0.0856, 0.0856 
7.320486, -0.0295298, -0.25343, 0.144485, 359.4882, 20.42315, 0.6678602, 0.0856, 0.0856 
7.337136, -0.03009038, -0.2528, 0.1438402, 359.4994, 20.47511, 0.545448, 0.0856, 0.0856 
7.353888, -0.03053988, -0.2522228, 0.143167, 359.8294, 20.40614, 0.3589903, 0.0856, 0.0856 
7.370548, -0.03014305, -0.2524536, 0.143366, 359.6695, 20.43024, 0.4111558, 0.0856, 0.0856 
7.387107, -0.02957726, -0.2527753, 0.143594, 359.6618, 20.43589, 0.4086797, 0.0856, 0.0856 
7.403847, -0.02946678, -0.2531017, 0.1438378, 359.6288, 20.45779, 0.3921506, 0.0856, 0.0856 
7.420578, -0.02948123, -0.2537183, 0.1441546, 359.5693, 20.5756, 0.5110686, 0.0856, 0.0856 
7.437144, -0.0293274, -0.2547545, 0.1445519, 359.3047, 20.51607, 0.5011893, 0.0856, 0.0856 
7.453972, -0.02963819, -0.2540134, 0.1440255, 359.332, 20.49533, 0.4540472, 0.0856, 0.0856 
7.47046, -0.02956297, -0.2541569, 0.1442312, 359.2098, 20.43414, 0.4359688, 0.0856, 0.0856 
7.487134, -0.02906417, -0.2545481, 0.1444854, 359.2646, 20.43489, 0.3794532, 0.0856, 0.0856 
7.503778, -0.02872682, -0.2551705, 0.1448407, 359.2027, 20.47758, 0.3887489, 0.0856, 0.0856 
7.520537, -0.02868688, -0.2555889, 0.1450652, 359.0837, 20.52146, 0.4322771, 0.0856, 0.0856 
7.53716, -0.02887893, -0.2559695, 0.1452674, 358.9099, 20.54378, 0.4785972, 0.0856, 0.0856 
7.553861, -0.02873025, -0.2569548, 0.1459285, 358.3968, 20.46403, 0.3128712, 0.0856, 0.0856 
7.570483, -0.02857712, -0.256677, 0.1459444, 358.5154, 20.33223, 0.1989723, 0.0856, 0.0856 
7.587228, -0.0288236, -0.2551917, 0.1451668, 359.0678, 20.45736, 0.3921893, 0.0856, 0.0856 
7.603812, -0.02898023, -0.2549396, 0.1447249, 359.3632, 20.50497, 0.4230916, 0.0856, 0.0856 
7.620517, -0.0291788, -0.2548363, 0.1444705, 359.4942, 20.49501, 0.2850347, 0.0856, 0.0856 
7.637144, -0.02938527, -0.2548525, 0.1444278, 359.4557, 20.48282, 0.222814, 0.0856, 0.0856 
7.653828, -0.02950717, -0.2548486, 0.1444948, 359.5629, 20.5038, 0.3422019, 0.0856, 0.0856 
7.670478, -0.02935495, -0.2552211, 0.1448304, 359.5036, 20.41449, 0.3179348, 0.0856, 0.0856 
7.687178, -0.0290672, -0.2555324, 0.1449295, 359.4729, 20.36997, 0.320226, 0.0856, 0.0856 
7.703793, -0.02794346, -0.2579919, 0.145766, 359.1201, 20.30226, 0.1683978, 0.0856, 0.0856 
7.720496, -0.02905162, -0.2552682, 0.1442667, 359.6526, 20.37734, 0.2356303, 0.0856, 0.0856 
7.737144, -0.02896132, -0.2549684, 0.1442188, 359.8622, 20.43275, 0.2200031, 0.0856, 0.0856 
7.753933, -0.0289956, -0.255086, 0.1443881, 359.9391, 20.4839, 0.276709, 0.0856, 0.0856 
7.770544, -0.02904791, -0.2555796, 0.1447372, 359.8055, 20.45621, 0.1972116, 0.0856, 0.0856 
7.787232, -0.02898291, -0.2559739, 0.1449159, 359.6824, 20.39095, 0.1228884, 0.0856, 0.0856 
7.803919, -0.02885009, -0.2564924, 0.1450703, 359.5301, 20.41175, 0.1037059, 0.0856, 0.0856 
7.820596, -0.02742533, -0.258544, 0.1457851, 358.9467, 20.33513, 359.9032, 0.0856, 0.0856 
7.83721, -0.02886586, -0.255464, 0.144292, 359.5815, 20.47664, 0.03667518, 0.0856, 0.0856 
7.853866, -0.02919821, -0.2548037, 0.1440141, 359.8878, 20.48992, 359.9063, 0.0856, 0.0856 
7.870529, -0.02874678, -0.2556777, 0.144536, 359.7319, 20.35311, 359.7586, 0.0856, 0.0856 
7.887205, -0.02869378, -0.2560959, 0.1448592, 359.5946, 20.42727, 359.8926, 0.0856, 0.0856 
7.903844, -0.02887553, -0.2559469, 0.1446888, 359.4583, 20.46506, 359.9542, 0.0856, 0.0856 
7.920466, -0.02906059, -0.2553492, 0.1442875, 359.6482, 20.57504, 0.09121854, 0.0856, 0.0856 
7.937159, -0.02869579, -0.2553926, 0.1442918, 359.6265, 20.62342, 0.2142664, 0.0856, 0.0856 
7.953877, -0.02843401, -0.2555344, 0.1442025, 359.7016, 20.4854, 0.09462192, 0.0856, 0.0856 
7.970546, -0.02894394, -0.2551521, 0.1437587, 0.2943139, 20.62324, 0.1333255, 0.0856, 0.0856 
7.987201, -0.02940287, -0.2549818, 0.1438767, 0.4836471, 20.67255, 0.1308381, 0.0856, 0.0856 
8.003942, -0.02947284, -0.2549755, 0.1441734, 0.2373412, 20.59757, 0.1085397, 0.0856, 0.0856 
8.020534, -0.02928045, -0.2550456, 0.1439993, 0.4705377, 20.67888, 0.1069156, 0.0856, 0.0856 
8.037211, -0.02903663, -0.2552043, 0.1439241, 0.2817268, 20.64252, 0.07529236, 0.0856, 0.0856 
8.053983, -0.02895883, -0.2554441, 0.1439894, 0.1501732, 20.65378, 0.0639318, 0.0856, 0.0856 
8.070479, -0.02932428, -0.2557279, 0.1442812, 359.9816, 20.62546, 359.9276, 0.0856, 0.0856 
8.087154, -0.03027093, -0.2556899, 0.1446181, 359.9437, 20.65312, 359.7905, 0.0856, 0.0856 
8.103794, -0.03022219, -0.2560339, 0.1447505, -0.0003425216, 20.60725, 359.9003, 0.0856, 0.0856 
8.120533, -0.03029487, -0.25612, 0.144778, 0.150294, 20.64683, 0.06534619, 0.0856, 0.0856 
8.137153, -0.03037466, -0.2562674, 0.1450229, 0.07917527, 20.62026, 0.1090273, 0.0856, 0.0856 
8.15392, -0.03044765, -0.2564529, 0.145163, 359.8024, 20.55769, 0.05586718, 0.0856, 0.0856 
8.170632, -0.0301231, -0.2569882, 0.1453388, 359.5475, 20.48186, 0.1561322, 0.0856, 0.0856 
8.187185, -0.03089261, -0.2559216, 0.1449229, 359.8839, 20.62391, 0.305563, 0.0856, 0.0856 
8.203889, -0.03092201, -0.2558704, 0.1449544, 0.05592969, 20.68218, 0.4221477, 0.0856, 0.0856 
8.220567, -0.03035672, -0.2566413, 0.145244, 0.09719668, 20.66626, 0.3153678, 0.0856, 0.0856 
8.237291, -0.03046606, -0.257034, 0.1454948, 359.9427, 20.6815, 0.2101216, 0.0856, 0.0856 
8.25396, -0.03069025, -0.2570736, 0.1455889, 359.6273, 20.58741, 0.07204324, 0.0856, 0.0856 
8.270693, -0.03021798, -0.2574391, 0.1458264, 359.3583, 20.49306, 0.1311567, 0.0856, 0.0856 
8.287178, -0.02973413, -0.2574639, 0.1459554, 359.3572, 20.49574, 0.2223279, 0.0856, 0.0856 
8.303909, -0.02896234, -0.2579891, 0.1462359, 359.3151, 20.45065, 0.3742386, 0.0856, 0.0856 
8.320568, -0.03003269, -0.2571253, 0.1458948, 359.4359, 20.58177, 0.4339322, 0.0856, 0.0856 
8.33727, -0.03002036, -0.2572406, 0.1460264, 359.3524, 20.55051, 0.3321761, 0.0856, 0.0856 
8.353897, -0.0297977, -0.2575652, 0.1462063, 359.2881, 20.53107, 0.2772768, 0.0856, 0.0856 
8.370504, -0.03033495, -0.2568623, 0.1458452, 359.4341, 20.56228, 0.3577076, 0.0856, 0.0856 
8.387161, -0.02968435, -0.2567328, 0.1458854, 359.4912, 20.49717, 0.2922031, 0.0856, 0.0856 
8.403901, -0.02963299, -0.2566298, 0.1458442, 359.5663, 20.45848, 0.2548714, 0.0856, 0.0856 
8.420642, -0.02969812, -0.256574, 0.1458455, 359.5443, 20.45968, 0.1718999, 0.0856, 0.0856 
8.437255, -0.02929567, -0.2567771, 0.1460231, 359.5651, 20.43221, 0.08818348, 0.0856, 0.0856 
8.453907, -0.03034635, -0.2556055, 0.1451867, 359.7882, 20.65064, 0.2620219, 0.0856, 0.0856 
8.470527, -0.03116407, -0.2547665, 0.1447422, 359.9249, 20.68304, 0.231143, 0.0856, 0.0856 
8.487185, -0.03096178, -0.2547251, 0.1447898, 359.991, 20.72545, 0.2155782, 0.0856, 0.0856 
8.503964, -0.03058185, -0.2549381, 0.1450242, 0.02372069, 20.77089, 0.07384068, 0.0856, 0.0856 
8.520596, -0.03100249, -0.2544659, 0.1448225, 0.0324739, 20.71484, 0.08067347, 0.0856, 0.0856 
8.53719, -0.03080548, -0.2542756, 0.144684, 0.05726512, 20.74601, 0.2533461, 0.0856, 0.0856 
8.553833, -0.03054023, -0.2541279, 0.1447416, 359.99, 20.72164, 0.3869271, 0.0856, 0.0856 
8.570609, -0.03032994, -0.254386, 0.1450805, 359.8023, 20.66066, 0.3814911, 0.0856, 0.0856 
8.58719, -0.03081325, -0.2548951, 0.1455122, 359.7122, 20.63817, 0.3323836, 0.0856, 0.0856 
8.603922, -0.03110765, -0.2548387, 0.1455534, 359.7154, 20.59498, 0.2471364, 0.0856, 0.0856 
8.620548, -0.03117919, -0.2546638, 0.1455941, 359.6695, 20.56027, 0.1976099, 0.0856, 0.0856 
8.637218, -0.03123073, -0.2544647, 0.1455854, 359.6172, 20.53665, 0.1371862, 0.0856, 0.0856 
8.653857, -0.03126475, -0.2541675, 0.1455825, 359.6007, 20.60589, 0.08535463, 0.0856, 0.0856 
8.670531, -0.03135689, -0.2540006, 0.1455924, 359.6682, 20.72295, 0.03289531, 0.0856, 0.0856 
8.687268, -0.03136653, -0.2543665, 0.1458628, 359.776, 20.79531, 359.9846, 0.0856, 0.0856 
8.703989, -0.03150733, -0.2541274, 0.1457309, 359.8576, 20.86282, 359.956, 0.0856, 0.0856 
8.720558, -0.03128512, -0.2541603, 0.1457206, 359.8841, 20.895, 359.9273, 0.0856, 0.0856 
8.737217, -0.03137869, -0.2538696, 0.1454678, 359.9805, 20.88266, 359.895, 0.0856, 0.0856 
8.753895, -0.03093925, -0.2540165, 0.1455913, -0.002503049, 20.7965, 359.8636, 0.0856, 0.0856 
8.770596, -0.03097537, -0.2537341, 0.1454718, 0.02140735, 20.81605, 359.9091, 0.0856, 0.0856 
8.7872, -0.03076598, -0.2541787, 0.145744, 0.03487029, 20.7607, 359.8659, 0.0856, 0.0856 
8.803921, -0.0307641, -0.254491, 0.1458468, 0.03358814, 20.40374, 359.4094, 0.0856, 0.0856 
8.821827, -0.03002097, -0.2563842, 0.1469263, 359.7109, 20.08965, 359.1494, 0.0856, 0.0856 
8.837273, -0.02983877, -0.2572492, 0.1474125, 359.3111, 19.97241, 359.2976, 0.0856, 0.0856 
8.853927, -0.02891667, -0.2579608, 0.1475684, 359.108, 20.09745, 359.6001, 0.0856, 0.0856 
8.870632, -0.02991229, -0.2547281, 0.1453606, 359.9221, 20.40773, 359.8309, 0.0856, 0.0856 
8.887261, -0.03052261, -0.2535886, 0.144824, 0.1328748, 20.42514, 359.5037, 0.0856, 0.0856 
8.904016, -0.0306513, -0.2532694, 0.144597, 0.2289397, 20.3259, 359.3168, 0.0856, 0.0856 
8.920551, -0.03045872, -0.2529975, 0.1444506, 0.4227994, 20.11664, 359.0858, 0.0856, 0.0856 
8.937244, -0.02968285, -0.2528451, 0.1441369, 0.5913874, 19.99487, 358.8363, 0.0856, 0.0856 
8.953937, -0.0303419, -0.2511083, 0.1431217, 0.373943, 20.26417, 359.1238, 0.0856, 0.0856 
8.970658, -0.02952937, -0.2534645, 0.1449321, 359.9649, 20.1244, 359.0518, 0.0856, 0.0856 
8.9872, -0.02902116, -0.2546969, 0.1457617, 359.5522, 20.04698, 358.9851, 0.0856, 0.0856 
9.003918, -0.02877393, -0.2531296, 0.1442664, 359.9872, 20.21167, 359.1698, 0.0856, 0.0856 
9.02053, -0.02755018, -0.2532136, 0.1440821, 359.5643, 20.36882, 359.3248, 0.0856, 0.0856 
9.037253, -0.02665707, -0.2541981, 0.1445295, 359.3027, 20.53916, 359.5291, 0.0856, 0.0856 
9.053901, -0.02713, -0.2537828, 0.1443859, 359.4608, 20.5481, 359.5387, 0.0856, 0.0856 
9.07069, -0.02816349, -0.2535288, 0.1443971, 359.9029, 20.33958, 359.3392, 0.0856, 0.0856 
9.087244, -0.02877895, -0.2540321, 0.1449808, 359.8546, 20.14538, 359.1591, 0.0856, 0.0856 
9.103973, -0.02877117, -0.2533476, 0.144038, 0.02300674, 20.12184, 359.1338, 0.0856, 0.0856 
9.120548, -0.02762059, -0.252387, 0.1425493, 0.3271592, 20.27589, 359.1909, 0.0856, 0.0856 
9.137255, -0.02601016, -0.2541352, 0.143461, 359.9186, 20.41202, 359.334, 0.0856, 0.0856 
9.153966, -0.02621631, -0.2538667, 0.143427, 359.9715, 20.51432, 359.4928, 0.0856, 0.0856 
9.170658, -0.02713347, -0.2542273, 0.1439888, 0.016313, 20.38681, 359.4456, 0.0856, 0.0856 
9.187296, -0.02818378, -0.2543355, 0.144638, 359.7474, 20.37083, 359.4923, 0.0856, 0.0856 
9.203871, -0.02802363, -0.2539768, 0.1446842, 359.5756, 20.39185, 359.5926, 0.0856, 0.0856 
9.220606, -0.0267091, -0.2539453, 0.1443375, 359.6114, 20.32882, 359.4489, 0.0856, 0.0856 
9.237306, -0.02542432, -0.2542586, 0.1438086, 359.6775, 20.43158, 359.5827, 0.0856, 0.0856 
9.253978, -0.02514292, -0.2552601, 0.1440152, 359.5771, 20.55919, 359.5008, 0.0856, 0.0856 
9.270594, -0.02587925, -0.25415, 0.1432106, 0.01515962, 20.53543, 359.4795, 0.0856, 0.0856 
9.287277, -0.02626809, -0.2535404, 0.143052, 0.2985114, 20.41771, 359.4816, 0.0856, 0.0856 
9.303937, -0.02565419, -0.2535123, 0.1432168, 0.09791723, 20.4486, 359.7328, 0.0856, 0.0856 
9.320574, -0.02490469, -0.25457, 0.1439579, 359.7357, 20.59748, 0.08166811, 0.0856, 0.0856 
9.337248, -0.02480964, -0.2552957, 0.1444128, 359.5172, 20.62516, 0.223945, 0.0856, 0.0856 
9.353989, -0.02540401, -0.2536118, 0.1432362, 359.8017, 20.56011, 0.05843414, 0.0856, 0.0856 
9.370602, -0.02566505, -0.2533592, 0.1434376, 0.003708788, 20.48511, 359.8363, 0.0856, 0.0856 
9.387272, -0.02547745, -0.253484, 0.1434127, 0.01799396, 20.56319, 359.8302, 0.0856, 0.0856 
9.403943, -0.02486549, -0.2545791, 0.1439119, 359.8525, 20.73942, 0.1304672, 0.0856, 0.0856 
9.42058, -0.02462602, -0.2560154, 0.1446109, 359.6773, 20.79069, 0.3152137, 0.0856, 0.0856 
9.437322, -0.02497148, -0.255354, 0.1439349, 0.03779848, 20.66629, 0.1766162, 0.0856, 0.0856 
9.453925, -0.02556515, -0.2541741, 0.1432128, 0.3000655, 20.46994, 359.9527, 0.0856, 0.0856 
9.470617, -0.02561544, -0.2534801, 0.1430386, 0.3940269, 20.39733, 359.843, 0.0856, 0.0856 
9.48723, -0.02506409, -0.253294, 0.1424892, 0.3264866, 20.46699, 359.8834, 0.0856, 0.0856 
9.503997, -0.0246931, -0.2540224, 0.142743, 0.3642938, 20.46269, -0.0004133549, 0.0856, 0.0856 
9.520617, -0.02486194, -0.2542425, 0.1425313, 0.3964483, 20.41373, -0.0002801378, 0.0856, 0.0856 
9.537291, -0.02543865, -0.2542988, 0.14283, 0.3840891, 20.32849, 359.8736, 0.0856, 0.0856 
9.55393, -0.02561771, -0.253908, 0.1427935, 0.2628511, 20.31598, 359.8123, 0.0856, 0.0856 
9.57063, -0.025355, -0.2541903, 0.1430238, 0.2504875, 20.37952, 359.7951, 0.0856, 0.0856 
9.587303, -0.02426051, -0.2540166, 0.1419357, 0.2296422, 20.54411, 359.8198, 0.0856, 0.0856 
9.604014, -0.02395501, -0.2545054, 0.1418156, 0.4015707, 20.55779, 359.8725, 0.0856, 0.0856 
9.620612, -0.02439748, -0.2539761, 0.1413293, 0.4898729, 20.51892, 359.884, 0.0856, 0.0856 
9.637293, -0.02516274, -0.2545403, 0.1422932, 0.3244414, 20.45987, 359.9293, 0.0856, 0.0856 
9.653978, -0.02532639, -0.254781, 0.1427582, 0.1153525, 20.46185, 359.9201, 0.0856, 0.0856 
9.670676, -0.02501687, -0.2552724, 0.1429251, 0.05716547, 20.49934, 359.974, 0.0856, 0.0856 
9.687272, -0.0245295, -0.2560162, 0.1428936, 0.1421503, 20.45775, 359.9928, 0.0856, 0.0856 
9.704037, -0.02437481, -0.2556054, 0.142392, 0.3096915, 20.39894, 0.05065324, 0.0856, 0.0856 
9.720634, -0.02484258, -0.2559293, 0.1433066, 359.948, 20.42835, 0.1924984, 0.0856, 0.0856 
9.7373, -0.02570866, -0.2558655, 0.1441498, 359.6224, 20.57315, 0.3675061, 0.0856, 0.0856 
9.754042, -0.02568982, -0.2560795, 0.144814, 359.3923, 20.74523, 0.4073046, 0.0856, 0.0856 
9.770612, -0.02411652, -0.2554654, 0.1432148, 359.6678, 20.7024, 0.1932061, 0.0856, 0.0856 
9.787344, -0.0228962, -0.2555692, 0.1418469, 359.9559, 20.73956, 0.1536697, 0.0856, 0.0856 
9.803962, -0.0230639, -0.2557346, 0.1416319, 0.02452454, 20.76097, 359.9592, 0.0856, 0.0856 
9.820551, -0.02361835, -0.256079, 0.1417862, 0.02223798, 20.59957, 359.9361, 0.0856, 0.0856 
9.837342, -0.02373858, -0.2556809, 0.1417151, 0.01496092, 20.54888, 359.8666, 0.0856, 0.0856 
9.853948, -0.02358605, -0.2562004, 0.1422784, 0.1698282, 20.60899, 359.8376, 0.0856, 0.0856 
9.870745, -0.02268613, -0.2558616, 0.1419679, 0.251041, 20.66516, 359.8518, 0.0856, 0.0856 
9.887313, -0.0227651, -0.2559794, 0.1422038, 0.1892508, 20.64884, 359.8004, 0.0856, 0.0856 
9.903979, -0.0232069, -0.2555931, 0.1419273, 0.08881539, 20.64935, 359.7307, 0.0856, 0.0856 
9.920583, -0.02334899, -0.2551602, 0.1413381, 0.2442455, 20.50643, 359.6559, 0.0856, 0.0856 
9.937273, -0.0231745, -0.2548181, 0.1409066, 0.230343, 20.49932, 359.7435, 0.0856, 0.0856 
9.953971, -0.02258174, -0.25546, 0.1411452, 0.3238388, 20.54647, 359.6854, 0.0856, 0.0856 
9.970653, -0.02197953, -0.2544714, 0.1403856, 0.3257645, 20.7144, 359.8914, 0.0856, 0.0856 
9.987292, -0.02348302, -0.2539225, 0.1416476, 0.2385471, 20.54236, 359.8913, 0.0856, 0.0856 
10.00395, -0.02466842, -0.2553229, 0.1441801, 359.8554, 20.60941, 0.05109309, 0.0856, 0.0856 
10.0206, -0.02484239, -0.2540072, 0.1431147, 359.7773, 20.58461, 0.05597732, 0.0856, 0.0856 
10.03738, -0.02481948, -0.2541969, 0.143393, 359.7578, 20.59194, 0.007856161, 0.0856, 0.0856 
10.05396, -0.02464043, -0.2537563, 0.1425615, 359.9066, 20.55675, 0.08384973, 0.0856, 0.0856 
10.07066, -0.02478104, -0.254977, 0.143405, 0.06990806, 20.41434, 0.03625121, 0.0856, 0.0856 
10.0873, -0.02486165, -0.2558657, 0.1436806, 0.1991951, 20.32993, 359.9468, 0.0856, 0.0856 
10.10403, -0.02486517, -0.2556473, 0.1434602, 0.1681904, 20.37413, 359.8733, 0.0856, 0.0856 
10.12072, -0.02500161, -0.2568443, 0.1449474, 0.3380177, 20.35346, 359.9171, 0.0856, 0.0856 
10.13739, -0.02503403, -0.2554117, 0.1435306, 0.4221726, 20.27108, 359.9364, 0.0856, 0.0856 
10.15399, -0.0253538, -0.2556549, 0.1433032, 0.6191525, 20.17482, 0.02160528, 0.0856, 0.0856 
10.17082, -0.02528086, -0.2554688, 0.1429085, 0.6510929, 20.17054, 359.956, 0.0856, 0.0856 
10.18744, -0.0254169, -0.2556484, 0.1431729, 0.4678607, 20.31977, 0.05654112, 0.0856, 0.0856 
10.20403, -0.02586558, -0.2564115, 0.1442274, 0.5791829, 20.2593, 0.04237332, 0.0856, 0.0856 
10.22061, -0.0252391, -0.2541311, 0.1424406, 0.5170111, 20.29351, 0.00778794, 0.0856, 0.0856 
10.23739, -0.0252091, -0.2544748, 0.1437248, 359.9372, 20.40854, 359.9266, 0.0856, 0.0856 
10.25415, -0.02538301, -0.2546706, 0.143917, 359.7262, 20.37028, 359.8949, 0.0856, 0.0856 
10.2707, -0.02501149, -0.2545056, 0.1432027, 359.8866, 20.36089, 0.01388836, 0.0856, 0.0856 
10.28737, -0.02542511, -0.2553754, 0.1430448, 359.8183, 20.31554, 0.03454026, 0.0856, 0.0856 
10.30401, -0.02615011, -0.2559732, 0.1434345, 0.0496183, 20.21068, 359.4196, 0.0856, 0.0856 
10.32059, -0.02596256, -0.2554123, 0.1429791, 0.1106403, 20.30078, 359.555, 0.0856, 0.0856 
10.33731, -0.02611404, -0.2561949, 0.1438056, 0.09174982, 20.3744, 359.4399, 0.0856, 0.0856 
10.35404, -0.02673119, -0.2585939, 0.1459648, 0.4058917, 20.21919, 358.7733, 0.0856, 0.0856 
10.3706, -0.02664785, -0.2590361, 0.1459658, 0.536625, 20.15509, 358.5367, 0.0856, 0.0856 
10.38733, -0.02572671, -0.2553801, 0.1429655, 0.2470481, 20.26654, 359.0305, 0.0856, 0.0856 
10.40398, -0.0247448, -0.2524181, 0.1416639, 359.9449, 20.41552, 359.6127, 0.0856, 0.0856 
10.42064, -0.02446809, -0.2546464, 0.1456861, 359.6494, 20.46858, 359.3549, 0.0856, 0.0856 
10.4373, -0.02499031, -0.2576348, 0.1492411, 359.5815, 20.53794, 358.8375, 0.0856, 0.0856 
10.45393, -0.02538577, -0.2581017, 0.1482953, 359.5977, 20.53366, 358.7291, 0.0856, 0.0856 
