1.855155, 0.0004581083, -0.02143623, -0.01114299, 56.06957, 356.8181, 343.1445
1.870154, 0.0005602233, -0.02270187, -0.01142857, 56.15612, 356.714, 343.0101
1.886866, 0.0006601121, -0.02383995, -0.01177356, 56.17285, 356.6117, 342.8575
1.903494, 0.000730224, -0.02483617, -0.01216938, 56.10218, 356.5294, 342.732
1.920158, 0.0007484481, -0.02573498, -0.01255791, 55.98568, 356.4273, 342.6117
1.936846, 0.0007822327, -0.02662338, -0.01299804, 55.89498, 356.2724, 342.4709
1.953478, 0.0006818168, -0.02736846, -0.01337628, 55.74606, 356.0971, 342.3163
1.970129, 0.0004712716, -0.02789462, -0.01379329, 55.51967, 356.0652, 342.3221
1.986849, 0.0001932542, -0.02829319, -0.01424228, 55.24834, 356.1024, 342.4243
2.003527, -0.000128796, -0.02866567, -0.01468129, 54.98713, 356.1446, 342.5662
2.020256, -0.000399692, -0.02904832, -0.01513795, 54.69227, 356.1035, 342.6191
2.03687, -0.0006421655, -0.02929819, -0.01551118, 54.36965, 355.9414, 342.5419
2.05353, -0.0008327328, -0.02971847, -0.01597993, 54.03375, 355.787, 342.4448
2.070173, -0.0009858449, -0.03025679, -0.01643247, 53.76949, 355.6263, 342.3487
2.086868, -0.001089048, -0.03092114, -0.01685498, 53.61872, 355.5014, 342.2645
2.103455, -0.001109662, -0.03173565, -0.01725816, 53.57653, 355.4016, 342.14
2.120174, -0.00107187, -0.03265587, -0.01761247, 53.63966, 355.3398, 341.9819
2.136795, -0.001003671, -0.03372066, -0.01784141, 53.79634, 355.2605, 341.8408
2.153489, -0.00102849, -0.03461599, -0.01797709, 53.92547, 355.1396, 341.669
2.17013, -0.001101099, -0.03534133, -0.01806182, 54.03182, 355.0475, 341.5659
2.186826, -0.001178732, -0.03594209, -0.01812051, 54.14606, 355.0328, 341.543
2.203479, -0.001244054, -0.03647375, -0.01815335, 54.28751, 355.0568, 341.5402
2.220154, -0.001328802, -0.03700412, -0.01810493, 54.45009, 354.9861, 341.4944
2.236844, -0.001471905, -0.03749441, -0.01797398, 54.50441, 354.9218, 341.4303
2.25352, -0.001654346, -0.03764757, -0.01796882, 54.46862, 354.8983, 341.4433
2.270213, -0.001853753, -0.03762599, -0.01801209, 54.40667, 354.9149, 341.5158
2.286831, -0.002028703, -0.03754347, -0.01809694, 54.36964, 354.9733, 341.602
2.303475, -0.002178686, -0.03744018, -0.01822728, 54.34965, 355.0529, 341.6756
2.320204, -0.002340475, -0.03720749, -0.01829717, 54.37489, 355.1149, 341.7819
2.336837, -0.002509941, -0.03683304, -0.01822146, 54.43914, 355.2375, 341.9262
2.353475, -0.002670287, -0.03669269, -0.01822807, 54.5222, 355.2791, 341.998
2.370239, -0.002784873, -0.03665125, -0.01829229, 54.59779, 355.2546, 341.9841
2.386852, -0.002863263, -0.03654489, -0.01846119, 54.58831, 355.2346, 341.9512
2.403508, -0.002943288, -0.03632041, -0.01871008, 54.50074, 355.2914, 341.9922
2.420146, -0.003035053, -0.03605684, -0.01898224, 54.43125, 355.2592, 341.9976
2.437099, -0.003137494, -0.03580905, -0.01925685, 54.40704, 355.2864, 342.0379
2.453553, -0.003233352, -0.03567831, -0.01941337, 54.43747, 355.3046, 342.0614
2.470195, -0.003320618, -0.03557509, -0.01953978, 54.47735, 355.2969, 342.0565
2.486879, -0.003406508, -0.03541608, -0.01969691, 54.49565, 355.3355, 342.0944
2.503527, -0.003487748, -0.0352123, -0.01988611, 54.49112, 355.3897, 342.1487
2.520194, -0.003580324, -0.03503302, -0.02008618, 54.44923, 355.3896, 342.1529
2.536887, -0.003708103, -0.03493689, -0.02024841, 54.44701, 355.4367, 342.1982
2.553529, -0.003785664, -0.0348191, -0.02040959, 54.48319, 355.4595, 342.2257
2.570202, -0.003830164, -0.03471034, -0.02057636, 54.54736, 355.4715, 342.2405
2.586868, -0.003834507, -0.03459576, -0.02078739, 54.59351, 355.4678, 342.2268
2.603573, -0.003802295, -0.03445341, -0.02105557, 54.61003, 355.4887, 342.2204
2.620177, -0.003683746, -0.03424702, -0.02135767, 54.58887, 355.4774, 342.1561
2.636874, -0.003450616, -0.03394687, -0.02165612, 54.54588, 355.4944, 342.1466
2.653504, -0.003325886, -0.03371776, -0.02193686, 54.49225, 355.4705, 342.118
2.670259, -0.003226541, -0.03355332, -0.02217655, 54.46332, 355.4256, 342.0764
2.686878, -0.003128643, -0.03346635, -0.02237068, 54.48761, 355.3854, 342.04
2.703532, -0.003012967, -0.03346461, -0.02252326, 54.57005, 355.3496, 342.0003
2.720205, -0.002864684, -0.03352534, -0.022649, 54.63839, 355.2786, 341.9452
2.736912, -0.002696801, -0.03358634, -0.0227722, 54.73217, 355.2114, 341.8891
2.753562, -0.002538006, -0.03355991, -0.0229693, 54.74059, 355.1827, 341.8631
2.770211, -0.002374667, -0.03344552, -0.02324124, 54.67476, 355.2138, 341.8912
2.786916, -0.002195705, -0.03332135, -0.02353869, 54.58812, 355.2317, 341.9079
2.803572, -0.001983913, -0.03322877, -0.0238625, 54.49216, 355.2095, 341.8708
2.820206, -0.001732396, -0.03319167, -0.0241523, 54.36549, 355.188, 341.8361
2.836851, -0.001456033, -0.03317799, -0.02434231, 54.34623, 355.237, 341.8734
2.856703, -0.00123982, -0.03312914, -0.02459316, 54.34651, 355.2908, 341.9294
2.870219, -0.001009317, -0.03306836, -0.02489216, 54.31348, 355.298, 341.9382
2.886878, -0.00073714, -0.03300045, -0.02524965, 54.23074, 355.2655, 341.8882
2.903572, -0.0004358611, -0.03294225, -0.02563237, 54.12984, 355.2221, 341.8042
2.920221, -0.0001599975, -0.03289573, -0.02598639, 54.04354, 355.1823, 341.7259
2.936857, 3.129352E-05, -0.03294226, -0.02608635, 53.94922, 355.1397, 341.6928
2.953595, 0.0001692995, -0.03289995, -0.0262416, 53.89753, 355.1469, 341.7209
2.970288, 0.0003002454, -0.03287848, -0.02639754, 53.86729, 355.1403, 341.7357
2.986999, 0.0004604773, -0.03290184, -0.02655776, 53.83644, 355.0739, 341.6711
3.0036, 0.0006386449, -0.03292112, -0.02673875, 53.78863, 355.0084, 341.5853
3.020315, 0.0007983986, -0.03292166, -0.02690931, 53.74374, 354.9434, 341.5022
3.036901, 0.0009608138, -0.03295288, -0.02725147, 53.74643, 354.9, 341.4458
3.053594, 0.001051152, -0.0329587, -0.02741838, 53.74012, 354.8425, 341.3867
3.070262, 0.001087656, -0.03292608, -0.02752466, 53.72218, 354.7929, 341.3515
3.086896, 0.001085633, -0.03286145, -0.0275964, 53.70853, 354.7688, 341.3531
3.103557, 0.001063321, -0.0328018, -0.02763881, 53.73334, 354.7873, 341.3923
3.1202, 0.0009530514, -0.03288477, -0.02745922, 53.79998, 354.8214, 341.4254
3.136897, 0.0007008277, -0.03316091, -0.02694936, 53.83431, 354.8107, 341.4348
3.153608, 0.0005905945, -0.03324024, -0.0268128, 53.82353, 354.7574, 341.4111
3.170237, 0.0005445268, -0.03322535, -0.02683426, 53.77372, 354.7192, 341.3975
3.187008, 0.0005373769, -0.03319525, -0.02692053, 53.73109, 354.7076, 341.3976
3.203583, 0.0005583856, -0.03320655, -0.02701888, 53.72396, 354.6875, 341.3783
3.220226, 0.0005545762, -0.0332052, -0.02697684, 53.79256, 354.7692, 341.3988
3.236899, 0.0004820324, -0.03314168, -0.02668856, 53.82061, 354.7701, 341.4013
3.253602, 0.0004806891, -0.03313212, -0.02667109, 53.83579, 354.7879, 341.4177
3.270195, 0.0005125571, -0.03315063, -0.02675765, 53.83883, 354.806, 341.4348
3.286884, 0.0005796041, -0.0332111, -0.02689231, 53.83928, 354.8148, 341.4281
3.30354, 0.0006643813, -0.03332065, -0.02703601, 53.8382, 354.7965, 341.3918
3.320258, 0.0007529724, -0.03346089, -0.02716749, 53.82412, 354.7449, 341.3367
3.336857, 0.0008816235, -0.03356207, -0.02698011, 53.83754, 354.815, 341.3888
3.353608, 0.001008298, -0.0337354, -0.02698091, 53.83339, 354.7686, 341.3401
3.370203, 0.001152019, -0.03395183, -0.02705739, 53.82813, 354.7032, 341.2594
3.386931, 0.001292896, -0.03415694, -0.02716949, 53.8071, 354.6382, 341.1747
3.403581, 0.001409387, -0.03432204, -0.02727941, 53.7847, 354.6053, 341.1279
3.420223, 0.001499437, -0.03446823, -0.02735652, 53.77707, 354.5846, 341.1061
3.436963, 0.001567397, -0.03464005, -0.02738444, 53.7886, 354.5361, 341.0742
3.453595, 0.001625402, -0.03483669, -0.0273819, 53.79666, 354.4265, 341.0039
3.470295, 0.001703717, -0.03500686, -0.02742058, 53.77323, 354.3205, 340.9325
3.486901, 0.001820879, -0.03513829, -0.02754107, 53.73241, 354.2954, 340.9092
3.503615, 0.001826775, -0.03526109, -0.02752605, 53.72902, 354.406, 340.9651
3.520305, 0.001962423, -0.03547988, -0.02762225, 53.70791, 354.3636, 340.8988
3.536915, 0.002150945, -0.03577813, -0.02773124, 53.67718, 354.226, 340.761
3.553602, 0.002382963, -0.03611552, -0.0278564, 53.63034, 354.0387, 340.5826
3.570307, 0.002642689, -0.03645861, -0.02802096, 53.59467, 353.8984, 340.439
3.586866, 0.002875363, -0.03679962, -0.02817852, 53.61462, 353.9356, 340.4181
3.603717, 0.003051117, -0.03719805, -0.02826739, 53.61224, 353.9077, 340.3611
3.620261, 0.003371339, -0.03770089, -0.0284516, 53.58646, 353.7849, 340.2111
3.636968, 0.003776481, -0.03829747, -0.02867411, 53.49725, 353.5179, 339.929
3.653556, 0.004228962, -0.03893201, -0.02892555, 53.353, 353.167, 339.5753
3.67031, 0.00471134, -0.03956057, -0.02921278, 53.19844, 352.86, 339.2587
3.686928, 0.005226953, -0.04026806, -0.02948266, 53.10894, 352.6949, 339.0403
3.703636, 0.005771493, -0.04115428, -0.02968238, 53.055, 352.542, 338.8416
3.720266, 0.006357456, -0.04203334, -0.02994237, 53.0533, 352.3856, 338.6309
3.737014, 0.006989176, -0.04291771, -0.03025307, 53.04042, 352.2189, 338.3952
3.753593, 0.00765199, -0.04377975, -0.03061871, 52.98894, 352.074, 338.1764
3.770268, 0.008358307, -0.04466492, -0.03101365, 52.91766, 351.9276, 337.9585
3.786937, 0.009115769, -0.0456472, -0.03141837, 52.87186, 351.7693, 337.7291
3.803613, 0.009837016, -0.04674318, -0.0318655, 52.89615, 351.6314, 337.5004
3.820309, 0.01067174, -0.0479333, -0.03232952, 52.89949, 351.4151, 337.199
3.836935, 0.01159484, -0.04913944, -0.03287962, 52.82271, 351.1385, 336.814
3.853647, 0.01255205, -0.05031112, -0.03350487, 52.6327, 350.8025, 336.3831
3.870243, 0.01351529, -0.05148233, -0.03414326, 52.3826, 350.4183, 335.9454
3.88696, 0.01447804, -0.05274809, -0.03472647, 52.19536, 350.0611, 335.538
3.903643, 0.01545358, -0.05416577, -0.0352442, 52.041, 349.6792, 335.0658
3.920322, 0.01653957, -0.05562253, -0.03586426, 51.94734, 349.3595, 334.594
3.936988, 0.01761444, -0.05704733, -0.03649146, 51.89315, 349.0921, 334.1734
3.953693, 0.0186276, -0.05839287, -0.03709367, 51.82117, 348.8473, 333.8277
3.970236, 0.01959301, -0.05970505, -0.03767328, 51.71342, 348.5838, 333.5229
3.986968, 0.02056035, -0.06106671, -0.0382006, 51.62376, 348.2681, 333.1633
4.003654, 0.02158217, -0.06250274, -0.03870067, 51.43447, 347.769, 332.5921
4.020259, 0.02270991, -0.06395248, -0.0394017, 51.22243, 347.3358, 332.0101
4.036994, 0.02381563, -0.06529864, -0.04018481, 51.04216, 347.0536, 331.5679
4.053607, 0.02482811, -0.06654426, -0.04094191, 50.92839, 346.8895, 331.2935
4.07027, 0.02575509, -0.06778878, -0.04162821, 50.86417, 346.6988, 331.054
4.086943, 0.02663218, -0.06905843, -0.04223937, 50.81268, 346.4386, 330.7493
4.103673, 0.02746166, -0.07030217, -0.0427978, 50.58873, 345.9745, 330.2624
4.12027, 0.02832807, -0.07150255, -0.04345798, 50.21477, 345.4159, 329.6874
4.137027, 0.02916767, -0.07258864, -0.04416661, 49.81317, 344.9252, 329.1899
4.15361, 0.02994111, -0.07359165, -0.04486598, 49.5265, 344.5535, 328.834
4.170316, 0.03068694, -0.07458426, -0.0455621, 49.36522, 344.2318, 328.5212
4.186954, 0.03138982, -0.07554711, -0.04628603, 49.30709, 343.9777, 328.2166
4.203656, 0.03200107, -0.07640335, -0.04705453, 49.15966, 343.7162, 327.8954
4.220398, 0.03268004, -0.07709888, -0.04801608, 48.88885, 343.4093, 327.5567
4.236969, 0.03330826, -0.07761926, -0.04907946, 48.4561, 343.0008, 327.1935
4.25368, 0.03388934, -0.07803209, -0.05020637, 47.88032, 342.4, 326.7246
4.2703, 0.03449716, -0.0782593, -0.05149923, 47.24939, 341.8177, 326.274
4.287001, 0.03518632, -0.0782121, -0.05306408, 46.65191, 341.4836, 325.9988
4.303628, 0.03565056, -0.07789308, -0.05469059, 46.1765, 341.4527, 325.8983
4.320296, 0.0364302, -0.07748371, -0.05666319, 45.67165, 341.531, 325.8507
4.336982, 0.03730679, -0.07704332, -0.05877648, 45.10397, 341.586, 325.7663
4.353604, 0.03815476, -0.07660959, -0.06087089, 44.4146, 341.4597, 325.5792
4.370352, 0.03891823, -0.0761286, -0.06287935, 43.58432, 341.1512, 325.3413
4.387029, 0.03963113, -0.07556231, -0.06482974, 42.73217, 340.8425, 325.1837
4.403691, 0.03998261, -0.0750538, -0.066391, 42.06693, 340.6772, 325.0961
4.420304, 0.04067909, -0.07465088, -0.06822921, 41.51435, 340.6342, 325.0557
4.437032, 0.04158156, -0.0744511, -0.07014569, 41.02177, 340.5999, 324.9028
4.453594, 0.04255987, -0.07442844, -0.07199279, 40.46648, 340.4338, 324.605
4.470283, 0.04351973, -0.07444353, -0.07371078, 39.84233, 340.1458, 324.2519
4.487078, 0.04440402, -0.07432962, -0.0753627, 39.18477, 339.8864, 324.0156
4.503628, 0.04460585, -0.07359606, -0.07693228, 38.62386, 339.7407, 323.8756
4.52027, 0.04527065, -0.07336929, -0.07848878, 38.07641, 339.6044, 323.7803
4.536916, 0.04619179, -0.07362723, -0.07995024, 37.6164, 339.3343, 323.4487
4.553709, 0.04723576, -0.07409568, -0.08135811, 37.24693, 339.0623, 323.0325
4.570425, 0.04832456, -0.0744969, -0.08276006, 36.93682, 338.9472, 322.7538
4.587049, 0.04940832, -0.07490535, -0.08407348, 36.66571, 338.9183, 322.5085
4.603632, 0.05048195, -0.07554727, -0.08521185, 36.40036, 338.9749, 322.3724
4.620387, 0.05169285, -0.07632215, -0.08628837, 36.14521, 338.8951, 322.0906
4.637032, 0.05298984, -0.07720807, -0.08725546, 35.91918, 338.7827, 321.7306
4.653682, 0.05428258, -0.07804304, -0.08813712, 35.74088, 338.7675, 321.4413
4.670347, 0.05548017, -0.07876795, -0.0888771, 35.57482, 338.8049, 321.266
4.687032, 0.05662189, -0.07956536, -0.089454, 35.41759, 338.609, 321.0738
4.703723, 0.05782774, -0.08064286, -0.08993322, 35.2567, 338.5182, 320.9633
4.720269, 0.05893175, -0.08163221, -0.09021051, 35.05352, 338.3785, 320.7916
4.737056, 0.06003138, -0.08261807, -0.09039547, 34.83718, 338.2623, 320.5983
4.75366, 0.06107378, -0.08360195, -0.09044732, 34.64486, 338.1561, 320.4302
4.770349, 0.06198074, -0.08458485, -0.09029381, 34.45004, 337.9655, 320.2917
4.787011, 0.06279363, -0.08568835, -0.08998486, 34.21148, 337.5261, 320.0824
4.803815, 0.06363713, -0.08699942, -0.0896861, 33.85881, 337.1859, 319.9212
4.820364, 0.06454924, -0.0881287, -0.08953439, 33.45103, 336.9041, 319.7538
4.83699, 0.0655522, -0.08924336, -0.08952098, 33.10891, 336.733, 319.5906
4.853634, 0.0666021, -0.09044136, -0.08954044, 32.86174, 336.6084, 319.4101
4.87039, 0.06767208, -0.09174873, -0.08951938, 32.68708, 336.4932, 319.2087
4.887004, 0.06870594, -0.0931464, -0.08943993, 32.53896, 336.2451, 318.9135
4.903697, 0.06962147, -0.09459351, -0.08924609, 32.36889, 336.0997, 318.6718
4.9205, 0.07058612, -0.09610119, -0.08895288, 32.15394, 335.8719, 318.4079
4.936971, 0.07152347, -0.09759329, -0.0885938, 31.97479, 335.6341, 318.1668
4.953673, 0.07246177, -0.09898563, -0.08825348, 31.87432, 335.4838, 318.0044
4.970319, 0.07343901, -0.1003387, -0.08795882, 31.7825, 335.3928, 317.8583
4.986975, 0.07445621, -0.1017144, -0.08771256, 31.64804, 335.1737, 317.5931
5.003693, 0.075492, -0.1030174, -0.08757079, 31.40757, 335.0034, 317.3667
5.020368, 0.07648385, -0.1042216, -0.08734388, 31.12645, 334.8418, 317.1957
5.037001, 0.07743292, -0.1052961, -0.08712885, 30.86693, 334.732, 317.0891
5.053751, 0.07837141, -0.1062766, -0.08696015, 30.61437, 334.6676, 317.0147
5.070298, 0.07930255, -0.1072085, -0.08680651, 30.37778, 334.6124, 316.9448
5.086987, 0.08022143, -0.108124, -0.0867284, 30.20428, 334.5045, 316.8408
5.103631, 0.08114971, -0.1090467, -0.08683634, 29.98941, 334.4724, 316.791
5.12045, 0.0820584, -0.1098878, -0.086844, 29.74162, 334.4396, 316.7413
5.137091, 0.08293585, -0.1106781, -0.0868305, 29.45768, 334.4033, 316.71
5.153727, 0.08377245, -0.1114406, -0.08680774, 29.16671, 334.361, 316.7032
5.170451, 0.08459602, -0.1121865, -0.08680922, 28.84735, 334.323, 316.7112
5.186985, 0.08531513, -0.1128385, -0.08682297, 28.49674, 334.3112, 316.7048
5.203711, 0.08583407, -0.1133584, -0.08683418, 28.19446, 334.2957, 316.6942
5.220515, 0.08652258, -0.1140455, -0.0868492, 27.91574, 334.2569, 316.6583
5.236984, 0.08725692, -0.1147567, -0.08688961, 27.58193, 334.2083, 316.6277
5.253704, 0.0880117, -0.1154866, -0.0869399, 27.20747, 334.1541, 316.6044
5.270362, 0.0887652, -0.1162684, -0.08697265, 26.87841, 334.095, 316.5733
5.286976, 0.0895365, -0.1171309, -0.08701557, 26.64104, 334.0565, 316.5494
5.30373, 0.09032947, -0.1181025, -0.08710432, 26.51995, 334.0338, 316.5311
5.320376, 0.09103061, -0.118986, -0.08715606, 26.40772, 334.009, 316.509
5.337043, 0.09170529, -0.1198184, -0.08724274, 26.19015, 333.9628, 316.4918
5.353906, 0.09240254, -0.1206429, -0.08737157, 25.79366, 333.8493, 316.4481
5.370369, 0.0931707, -0.121436, -0.08760922, 25.3105, 333.7856, 316.4247
5.387059, 0.0940089, -0.1222525, -0.08791667, 24.86636, 333.7923, 316.4213
5.403848, 0.09502354, -0.1231037, -0.08851197, 24.50258, 333.8371, 316.377
5.42035, 0.09597538, -0.1242346, -0.08887541, 24.31771, 333.869, 316.2654
5.437068, 0.09689323, -0.1255179, -0.08910526, 24.29049, 333.9082, 316.1133
5.453789, 0.09777161, -0.1268656, -0.0892546, 24.36514, 333.9451, 315.9423
5.470397, 0.09860519, -0.1282148, -0.08937714, 24.39097, 333.9445, 315.763
5.487004, 0.09940139, -0.1294201, -0.08955929, 24.32844, 333.9427, 315.6317
5.503786, 0.1001474, -0.1304248, -0.08984421, 24.29785, 333.9469, 315.5556
5.520315, 0.1008612, -0.1316135, -0.08998239, 24.35357, 333.9907, 315.491
5.537067, 0.1015162, -0.1329228, -0.08998979, 24.50859, 334.0085, 315.4026
5.55374, 0.1021019, -0.1342753, -0.08993198, 24.66534, 333.9805, 315.3024
5.570409, 0.1026496, -0.1355924, -0.08989132, 24.74914, 333.9355, 315.2256
5.587074, 0.103114, -0.1367782, -0.08989237, 24.83352, 333.9665, 315.1815
5.603816, 0.1033939, -0.137799, -0.08986589, 24.89004, 333.981, 315.1559
5.62039, 0.1037839, -0.1390037, -0.08982636, 24.95334, 333.9636, 315.1087
5.637037, 0.1041814, -0.1402759, -0.08972868, 25.01934, 333.9193, 315.0491
5.653793, 0.1045758, -0.141585, -0.08959103, 25.07366, 333.8548, 314.9735
5.670452, 0.1049947, -0.142927, -0.08946714, 25.14718, 333.8079, 314.8715
5.687054, 0.105443, -0.1442793, -0.08939683, 25.24759, 333.8061, 314.7466
5.703746, 0.1059622, -0.1455517, -0.08975792, 25.36389, 333.8365, 314.6088
5.720406, 0.1063647, -0.1467786, -0.08984847, 25.37831, 333.8042, 314.4797
5.737065, 0.1066896, -0.1479272, -0.08982852, 25.384, 333.767, 314.3805
5.753729, 0.1069584, -0.1490343, -0.08974897, 25.43773, 333.7193, 314.2693
5.770488, 0.1071781, -0.150069, -0.08964948, 25.54659, 333.6747, 314.1445
5.787059, 0.1073695, -0.1509109, -0.08958267, 25.67637, 333.6562, 314.045
5.803749, 0.107529, -0.1514809, -0.08956794, 25.77222, 333.6234, 313.9817
5.820368, 0.1075685, -0.1519289, -0.08949254, 25.84468, 333.6033, 313.9743
5.837173, 0.1075213, -0.1522306, -0.08938067, 25.89981, 333.5796, 314.0096
5.853734, 0.1074504, -0.1524585, -0.08926101, 25.96237, 333.5521, 314.0275
5.870415, 0.107379, -0.1526289, -0.08915812, 26.04565, 333.533, 314.0169
5.887056, 0.1072965, -0.15252, -0.08918259, 26.13482, 333.542, 314.0264
5.903741, 0.1072053, -0.1519736, -0.08942971, 26.18714, 333.5181, 314.053
5.920384, 0.1070806, -0.1516054, -0.08949292, 26.22571, 333.5112, 314.0978
5.937075, 0.1069514, -0.1512342, -0.08951853, 26.25802, 333.5151, 314.1413
5.953764, 0.1068336, -0.1507976, -0.0895642, 26.27557, 333.5349, 314.1764
5.97039, 0.1067169, -0.1502572, -0.08963788, 26.29562, 333.5689, 314.2139
5.987184, 0.1065921, -0.1496832, -0.08977292, 26.35083, 333.6462, 314.2689
6.003745, 0.1063933, -0.1491196, -0.08996169, 26.41035, 333.7644, 314.3477
6.020391, 0.106115, -0.1481011, -0.09015659, 26.46662, 333.8904, 314.4835
6.037102, 0.105767, -0.1467691, -0.09036177, 26.48161, 334.0098, 314.6602
6.053806, 0.1053745, -0.1452214, -0.09057825, 26.45127, 334.1038, 314.8379
6.070497, 0.1049595, -0.14349, -0.09083352, 26.45521, 334.2224, 315.0222
6.087055, 0.1044979, -0.1415768, -0.09109566, 26.51745, 334.4052, 315.2202
6.10382, 0.103933, -0.1394752, -0.09127039, 26.62481, 334.6151, 315.4384
6.120406, 0.1032923, -0.1370896, -0.09152967, 26.72027, 334.8252, 315.7015
6.137097, 0.1025706, -0.1344444, -0.0918435, 26.76599, 335.041, 316.0009
6.153741, 0.1017778, -0.1315581, -0.09219234, 26.74795, 335.2647, 316.338
6.170496, 0.100912, -0.1284719, -0.09254165, 26.73264, 335.5077, 316.7036
6.187123, 0.09994179, -0.1252451, -0.09279821, 26.78733, 335.7842, 317.0971
6.203817, 0.09886084, -0.12195, -0.09285682, 26.89515, 336.0724, 317.4861
6.22037, 0.09768907, -0.1184902, -0.09297829, 27.02063, 336.3459, 317.8992
6.237134, 0.09644011, -0.11489, -0.0931172, 27.16667, 336.6609, 318.3595
6.253763, 0.09511137, -0.111255, -0.09321244, 27.28435, 336.9318, 318.792
6.270417, 0.09370561, -0.1075833, -0.093248, 27.35061, 337.1393, 319.1973
6.287118, 0.09220731, -0.1038504, -0.09318346, 27.41276, 337.3653, 319.6303
6.303721, 0.09057672, -0.1000959, -0.09293728, 27.53758, 337.6775, 320.0908
6.320413, 0.08891137, -0.09625448, -0.0928416, 27.8104, 338.0603, 320.5999
6.337113, 0.08713847, -0.09239208, -0.09269109, 28.2499, 338.4926, 321.1547
6.353751, 0.0852847, -0.08858985, -0.09241477, 28.77591, 338.9252, 321.706
6.370436, 0.08336791, -0.08486529, -0.09201998, 29.30317, 339.3187, 322.2278
6.387099, 0.08139496, -0.08120313, -0.09155272, 29.83733, 339.735, 322.7643
6.403751, 0.07935567, -0.07761941, -0.09101956, 30.41288, 340.2327, 323.3267
6.420414, 0.07728618, -0.07397842, -0.09050185, 31.11492, 340.83, 323.9537
6.437147, 0.07515982, -0.07039203, -0.08991497, 31.97196, 341.5117, 324.6328
6.453757, 0.07297305, -0.0669266, -0.08923881, 32.90072, 342.1986, 325.3159
6.470466, 0.07075834, -0.06353429, -0.08856049, 33.78051, 342.9227, 326.0208
6.487075, 0.06851465, -0.06019502, -0.08788654, 34.56188, 343.6569, 326.7429
6.503818, 0.06633632, -0.0566877, -0.08739966, 35.30935, 344.3307, 327.4999
6.520439, 0.06407613, -0.05348643, -0.08677361, 36.06868, 345.1215, 328.2606
6.537104, 0.06174874, -0.05051317, -0.08599824, 36.94527, 345.9682, 329.0372
6.553771, 0.05934661, -0.04764576, -0.08515184, 37.91821, 346.9483, 329.912
6.57045, 0.05688809, -0.0448374, -0.08430315, 38.80761, 347.963, 330.834
6.587105, 0.05441304, -0.04207616, -0.08346874, 39.56379, 348.9655, 331.7699
6.603802, 0.05214186, -0.03935187, -0.08262374, 40.249, 349.8702, 332.7028
6.620472, 0.0495962, -0.0368267, -0.0816258, 40.86694, 350.6918, 333.5619
6.637122, 0.04684014, -0.03447107, -0.08038369, 41.45058, 351.3022, 334.3222
6.653831, 0.04394491, -0.0321176, -0.0790481, 41.92521, 351.7991, 335.0713
6.67046, 0.04100116, -0.02967082, -0.07781088, 42.22875, 352.2885, 335.8469
6.687122, 0.03800963, -0.02693989, -0.07678922, 42.44039, 352.9041, 336.695
6.703776, 0.03490921, -0.02389423, -0.07595199, 42.61588, 353.5825, 337.5614
6.720469, 0.03186263, -0.02142751, -0.07489529, 42.85332, 354.1394, 338.3016
6.737117, 0.02869706, -0.01923069, -0.07354563, 43.16443, 354.5148, 338.9725
6.753769, 0.02542236, -0.01707827, -0.07205249, 43.46567, 354.8279, 339.6634
6.7705, 0.02214348, -0.01489807, -0.07059235, 43.72823, 355.2268, 340.4149
6.787166, 0.01895683, -0.01271811, -0.06921135, 44.01148, 355.8113, 341.2447
6.803852, 0.01608944, -0.01061578, -0.06791279, 44.34199, 356.6113, 342.1664
6.820381, 0.01313596, -0.008585189, -0.06656871, 44.68322, 357.5298, 343.1363
6.837091, 0.01010366, -0.006772514, -0.06501459, 45.14352, 358.4658, 344.1227
6.853733, 0.006945288, -0.0051201, -0.06323999, 45.75844, 359.511, 345.2398
6.8706, 0.003686873, -0.003515492, -0.06137233, 46.43852, 0.7379404, 346.5319
6.887049, 0.0004052296, -0.00193397, -0.05952067, 47.02549, 1.966022, 347.8178
6.903839, -0.002570805, -0.0004852459, -0.05762629, 47.44007, 3.031733, 348.9792
6.920454, -0.005743467, 0.001003992, -0.05581684, 47.71354, 3.938419, 350.0092
6.937146, -0.008956716, 0.002358712, -0.05397709, 47.95812, 4.716332, 350.9186
6.953773, -0.0122023, 0.00354685, -0.05204876, 48.28285, 5.479971, 351.8281
6.970473, -0.01551773, 0.004648019, -0.05012627, 48.70254, 6.396232, 352.8721
6.987085, -0.01892308, 0.005809169, -0.04833637, 49.13078, 7.531826, 354.1039
7.003839, -0.02251003, 0.007149629, -0.04630776, 49.45915, 8.796693, 355.4555
7.020524, -0.02600852, 0.008557597, -0.04468621, 49.65302, 9.951148, 356.7347
7.037133, -0.02934648, 0.009905641, -0.04325638, 49.73615, 10.92697, 357.8219
7.053797, -0.03245071, 0.01106344, -0.0419131, 49.83541, 11.87188, 358.7795
7.070426, -0.03539839, 0.01200051, -0.04060031, 50.02853, 12.92954, 359.7343
7.087147, -0.03839847, 0.0128542, -0.03928388, 50.25816, 14.1489, 0.8354277
7.103846, -0.04156221, 0.01373922, -0.03751409, 50.39467, 15.29868, 1.996242
7.120443, -0.04482018, 0.01450795, -0.0358417, 50.48331, 16.06903, 2.966912
7.137174, -0.04803911, 0.01508572, -0.03414626, 50.56958, 16.53201, 3.712627
7.153742, -0.0511827, 0.01545556, -0.03243938, 50.70817, 17.01938, 4.449333
7.170485, -0.05431076, 0.01564294, -0.03071875, 50.92465, 17.75606, 5.375608
7.187163, -0.05752745, 0.01576148, -0.02899014, 51.13049, 18.71387, 6.537344
7.203817, -0.06051249, 0.01585768, -0.02719697, 51.28333, 19.72827, 7.791358
7.220529, -0.0636685, 0.01584918, -0.02552607, 51.39106, 20.74284, 9.03639
7.237253, -0.0668103, 0.01568088, -0.02393797, 51.48939, 21.71193, 10.21101
7.253803, -0.06988219, 0.01532571, -0.02239452, 51.6247, 22.66706, 11.35206
7.270506, -0.07293402, 0.01487284, -0.02089438, 51.76747, 23.66962, 12.53969
7.287187, -0.0760376, 0.01441687, -0.01944594, 51.85826, 24.7158, 13.80711
7.303841, -0.07899965, 0.01363273, -0.01753477, 51.85631, 25.72167, 15.0917
7.320486, -0.08203665, 0.01303921, -0.01604026, 51.75682, 26.60335, 16.24435
7.337136, -0.08501808, 0.0123512, -0.01465846, 51.64509, 27.31323, 17.22301
7.353888, -0.08792151, 0.01138935, -0.01321188, 51.65144, 27.88876, 18.09825
7.370548, -0.09074549, 0.01021372, -0.0117174, 51.77119, 28.36988, 18.90515
7.387107, -0.09325936, 0.008894307, -0.01022755, 51.8493, 28.90141, 19.72322
7.403847, -0.09525988, 0.007392522, -0.008672429, 51.86182, 29.50219, 20.55266
7.420578, -0.09773049, 0.006241105, -0.007393144, 51.79873, 30.11963, 21.351
7.437144, -0.100353, 0.00513886, -0.006167212, 51.73846, 30.73211, 22.14158
7.453972, -0.1030532, 0.003950277, -0.004893001, 51.74197, 31.34233, 22.96857
7.47046, -0.1058095, 0.002732991, -0.00360861, 51.77083, 31.94249, 23.82659
7.487134, -0.1083636, 0.001470584, -0.002308261, 51.7439, 32.53366, 24.68145
7.503778, -0.1104484, 5.418357E-05, -0.0008768268, 51.68296, 33.20644, 25.5355
7.520537, -0.1128102, -0.001152711, 0.000281442, 51.58145, 33.94669, 26.37631
7.53716, -0.1151725, -0.002356387, 0.001363453, 51.47388, 34.69772, 27.16615
7.553861, -0.1174911, -0.003649956, 0.002472267, 51.40663, 35.34178, 27.84769
7.570483, -0.1198334, -0.004955529, 0.00359096, 51.32634, 35.82898, 28.41391
7.587228, -0.1221677, -0.006187421, 0.004741337, 51.13474, 36.26162, 28.95222
7.603812, -0.1243562, -0.007468294, 0.006025173, 50.86664, 36.74832, 29.50366
7.620517, -0.1265703, -0.008870346, 0.007149144, 50.63594, 37.29894, 30.02692
7.637144, -0.1286833, -0.01050144, 0.008299466, 50.51127, 37.88608, 30.51367
7.653828, -0.1308039, -0.01230183, 0.009523872, 50.46117, 38.45416, 30.98489
7.670478, -0.1331256, -0.01413058, 0.0107936, 50.37966, 38.97273, 31.4955
7.687178, -0.1355131, -0.01596661, 0.01212865, 50.26382, 39.38169, 32.03842
7.703793, -0.1377033, -0.01790324, 0.01359732, 50.1788, 39.71421, 32.59995
7.720496, -0.1401985, -0.01995628, 0.01505608, 50.17201, 40.01065, 33.15451
7.737144, -0.1427619, -0.02200745, 0.01641382, 50.15029, 40.40423, 33.74804
7.753933, -0.1453678, -0.02392023, 0.01758025, 49.99905, 40.93723, 34.38874
7.770544, -0.14802, -0.02572798, 0.01861414, 49.74263, 41.4855, 35.01293
7.787232, -0.1505551, -0.02757371, 0.01970132, 49.53291, 41.92592, 35.5825
7.803919, -0.1528139, -0.02953529, 0.02097037, 49.45869, 42.25517, 36.10765
7.820596, -0.1551455, -0.03169532, 0.02221378, 49.48613, 42.44852, 36.52506
7.83721, -0.1573827, -0.03385419, 0.02331636, 49.51124, 42.62738, 36.85505
7.853866, -0.1595463, -0.03589672, 0.02423291, 49.4519, 42.91036, 37.18738
7.870529, -0.1616713, -0.03785221, 0.02503628, 49.32991, 43.25982, 37.53619
7.887205, -0.1636149, -0.03981187, 0.02587736, 49.24766, 43.5115, 37.81676
7.903844, -0.1652327, -0.04185548, 0.02686374, 49.24358, 43.62433, 37.98636
7.920466, -0.1669836, -0.04400259, 0.02778189, 49.31374, 43.65924, 38.10281
7.937159, -0.1688171, -0.04610722, 0.02862044, 49.35395, 43.74401, 38.27426
7.953877, -0.1707413, -0.0480874, 0.02936036, 49.27574, 43.97762, 38.58157
7.970546, -0.1726611, -0.05005098, 0.03007095, 49.14912, 44.37288, 39.02959
7.987201, -0.1744977, -0.05211738, 0.03095291, 49.06616, 44.82065, 39.527
8.003942, -0.176223, -0.05431623, 0.03212988, 49.03888, 45.21292, 39.95055
8.020534, -0.1778799, -0.0564984, 0.03298984, 49.00717, 45.53336, 40.2941
8.037211, -0.179521, -0.05868234, 0.03371939, 48.91584, 45.95988, 40.71016
8.053983, -0.1810734, -0.06096681, 0.03440988, 48.79333, 46.63662, 41.30374
8.070479, -0.1824758, -0.06338009, 0.03506523, 48.66154, 47.43087, 41.953
8.087154, -0.1838262, -0.06600228, 0.03585312, 48.60294, 48.1173, 42.4504
8.103794, -0.1852623, -0.06888212, 0.03691821, 48.6404, 48.66811, 42.76731
8.120533, -0.1863473, -0.07164098, 0.03757631, 48.6544, 49.11248, 42.99459
8.137153, -0.1874209, -0.07433976, 0.03809779, 48.61367, 49.50099, 43.22326
8.15392, -0.1885469, -0.07707621, 0.03863331, 48.56821, 49.8277, 43.4736
8.170632, -0.1896936, -0.07993303, 0.03924032, 48.57495, 50.14437, 43.78252
8.187185, -0.1908583, -0.08287717, 0.03998947, 48.6303, 50.50291, 44.17899
8.203889, -0.1920533, -0.08568259, 0.04079768, 48.58224, 50.89417, 44.59681
8.220567, -0.1932425, -0.08815706, 0.04114997, 48.39505, 51.27018, 44.94065
8.237291, -0.1943205, -0.09046923, 0.04129145, 48.19135, 51.57294, 45.17055
8.25396, -0.1952399, -0.09278613, 0.04141922, 48.0904, 51.77514, 45.29159
8.270693, -0.1960952, -0.09517537, 0.04165624, 48.11421, 51.92761, 45.40783
8.287178, -0.1969557, -0.09752043, 0.04208278, 48.16682, 52.14193, 45.65517
8.303909, -0.1977866, -0.09968601, 0.04268534, 48.18058, 52.47525, 46.06292
8.320568, -0.1987936, -0.1017815, 0.04316055, 48.11939, 52.84304, 46.50513
8.33727, -0.1998352, -0.1037493, 0.04354816, 48.03807, 53.12423, 46.85173
8.353897, -0.2008555, -0.1055925, 0.04388401, 47.97895, 53.28597, 47.07426
8.370504, -0.2018596, -0.1073366, 0.0442333, 47.95366, 53.38954, 47.2631
8.387161, -0.202693, -0.1088959, 0.04467873, 47.92745, 53.54262, 47.52722
8.403901, -0.2032238, -0.1102062, 0.04529224, 47.93213, 53.74976, 47.9057
8.420642, -0.2039823, -0.1115569, 0.04586104, 47.95771, 53.95177, 48.31174
8.437255, -0.2046679, -0.1127553, 0.04631836, 48.03352, 54.07623, 48.6171
8.453907, -0.2052111, -0.1136338, 0.04658293, 48.07673, 54.16236, 48.81767
8.470527, -0.205602, -0.1141363, 0.04663682, 48.04301, 54.24212, 48.93307
8.487185, -0.2057742, -0.114269, 0.04656735, 47.98259, 54.29866, 48.97742
8.503964, -0.2056531, -0.1140681, 0.04648634, 47.96384, 54.30566, 48.95323
8.520596, -0.2054635, -0.1137559, 0.04635497, 47.99785, 54.23675, 48.86055
8.53719, -0.2051639, -0.1132365, 0.04619136, 48.05769, 54.10088, 48.70622
8.553833, -0.2047293, -0.1124455, 0.04596265, 48.09013, 53.99027, 48.54734
8.570609, -0.2041653, -0.1113236, 0.04563126, 48.06205, 53.88084, 48.35914
8.58719, -0.2035821, -0.1101083, 0.04534085, 48.01118, 53.72742, 48.08007
8.603922, -0.2030682, -0.1090421, 0.04527679, 47.98583, 53.51239, 47.7157
8.620548, -0.2021576, -0.107301, 0.04488009, 47.96168, 53.25493, 47.32571
8.637218, -0.2010441, -0.1051489, 0.04434886, 47.94621, 52.93847, 46.90268
8.653857, -0.1997531, -0.1026361, 0.0436791, 47.93399, 52.51129, 46.37243
8.670531, -0.1983008, -0.09974778, 0.04284357, 47.89521, 51.97432, 45.71755
8.687268, -0.1967592, -0.0966123, 0.04192006, 47.82892, 51.33855, 44.93076
8.703989, -0.1951295, -0.09334411, 0.0410039, 47.77959, 50.61507, 44.0338
8.720558, -0.1930666, -0.08957323, 0.03975255, 47.73588, 49.83943, 43.05088
8.737217, -0.1906444, -0.08550224, 0.03828551, 47.70652, 49.04441, 41.99614
8.753895, -0.1879264, -0.08127013, 0.03670241, 47.75227, 48.1624, 40.85764
8.770596, -0.1850277, -0.07687755, 0.03501358, 47.79826, 47.28753, 39.72706
8.7872, -0.1820694, -0.07244435, 0.03325494, 47.81468, 46.40868, 38.61198
8.803921, -0.1790583, -0.06806716, 0.03148502, 47.82946, 45.44829, 37.47266
8.821827, -0.1757431, -0.06353732, 0.02957525, 47.93752, 44.28751, 36.20403
8.837273, -0.1721063, -0.05920567, 0.02772954, 48.26789, 42.81863, 34.73073
8.853927, -0.1682419, -0.05520504, 0.02606168, 48.85223, 41.09936, 33.16575
8.870632, -0.1642499, -0.05126648, 0.02432466, 49.41075, 39.48851, 31.71775
8.887261, -0.1601786, -0.04730311, 0.02226454, 49.76022, 38.26098, 30.50989
8.904016, -0.1558712, -0.04344977, 0.02001791, 50.154, 36.80701, 29.06229
8.920551, -0.1514023, -0.03973719, 0.01770577, 50.55776, 35.141, 27.52215
8.937244, -0.1468324, -0.03615952, 0.01535307, 50.92855, 33.51948, 26.07716
8.953937, -0.1420653, -0.03271855, 0.01279905, 51.25027, 31.98776, 24.62089
8.970658, -0.1371202, -0.0293568, 0.009913865, 51.47656, 30.33856, 22.95248
8.9872, -0.1320355, -0.02602242, 0.006663188, 51.55604, 28.2202, 20.81922
9.003918, -0.1268285, -0.02274578, 0.00313852, 51.52166, 25.74106, 18.3586
9.02053, -0.1215222, -0.01962351, -0.0004786268, 51.41069, 23.65732, 16.18047
9.037253, -0.1161736, -0.01658642, -0.004218665, 51.27782, 22.52634, 14.71402
9.053901, -0.1108575, -0.01366023, -0.008038167, 51.15196, 22.04404, 13.76186
9.07069, -0.1055424, -0.01096327, -0.0118408, 51.07307, 21.46824, 12.74863
9.087244, -0.1002841, -0.00858539, -0.01552899, 50.99271, 20.11251, 11.17213
9.103973, -0.09512417, -0.00661306, -0.01905936, 50.85137, 17.91574, 8.987986
9.120548, -0.08981849, -0.004916873, -0.02244165, 50.76435, 15.50799, 6.665647
9.137255, -0.08449844, -0.003414212, -0.02576898, 50.82013, 13.84802, 4.938951
9.153966, -0.07934181, -0.001991776, -0.02913769, 50.94589, 13.14327, 4.000205
9.170658, -0.07436067, -0.0007514469, -0.03244229, 51.08268, 12.5508, 3.21141
9.187296, -0.06941412, 0.0002136379, -0.03562375, 51.16241, 11.29421, 1.922994
9.203871, -0.06465903, 0.0009352621, -0.0387303, 51.05471, 9.105179, 359.8796
9.220606, -0.05961345, 0.001717937, -0.04204559, 50.6645, 6.601408, 357.5746
9.237306, -0.05453138, 0.002583718, -0.04559577, 50.15351, 4.713122, 355.8056
9.253978, -0.04951645, 0.00333617, -0.04921595, 49.84813, 3.800341, 354.7989
9.270594, -0.04457568, 0.003814403, -0.05278168, 49.76895, 3.228529, 353.9901
9.287277, -0.03986309, 0.00398433, -0.05623081, 49.70341, 2.409002, 352.9631
9.303937, -0.03556058, 0.003986945, -0.05957419, 49.51743, 1.433587, 351.8818
9.320574, -0.03138454, 0.004275696, -0.06299387, 49.26693, 0.8161842, 351.2097
9.337248, -0.02742418, 0.004714944, -0.06646115, 49.04405, 0.7269977, 351.0711
9.353989, -0.02356535, 0.005111728, -0.06992481, 48.8439, 0.7898955, 351.0783
9.370602, -0.0196803, 0.005364968, -0.07341268, 48.52891, 0.5074839, 350.7279
9.387272, -0.01580685, 0.005544929, -0.07699417, 48.02715, 359.9711, 350.0786
9.403943, -0.01250402, 0.005434251, -0.08045848, 47.46307, 359.6169, 349.5428
9.42058, -0.00915877, 0.00544697, -0.08395848, 47.03173, 359.7045, 349.3694
9.437322, -0.005969035, 0.005350403, -0.08724587, 46.82788, 0.09275132, 349.5072
9.453925, -0.002902518, 0.005048823, -0.09026627, 46.67257, 0.2432932, 349.5103
9.470617, 9.423867E-05, 0.004565021, -0.09310232, 46.44758, 359.9666, 349.1623
9.48723, 0.002996683, 0.004050132, -0.0958818, 46.11517, 359.5345, 348.6396
9.503997, 0.005573581, 0.003578722, -0.09903099, 45.73568, 359.3341, 348.3081
9.520617, 0.007980126, 0.003128843, -0.1017601, 45.41581, 359.3764, 348.2195
9.537291, 0.0101917, 0.002536038, -0.1041428, 45.17768, 359.3043, 348.1012
9.55393, 0.01226933, 0.001817282, -0.1062402, 44.92529, 358.9297, 347.7617
9.57063, 0.01421351, 0.001078509, -0.1081493, 44.57938, 358.3129, 347.2421
9.587303, 0.0159933, 0.0003438938, -0.1099957, 44.22688, 357.7653, 346.7376
9.604014, 0.01788852, -0.000160791, -0.1127018, 43.97999, 357.5894, 346.4572
9.620612, 0.01940908, -0.0008906126, -0.114718, 43.84699, 357.6073, 346.3167
9.637293, 0.02064672, -0.001803946, -0.1163037, 43.72454, 357.4225, 346.1094
9.653978, 0.02169015, -0.002830145, -0.1175874, 43.49976, 356.8156, 345.659
9.670676, 0.02259559, -0.00386103, -0.1186765, 43.20247, 355.9735, 345.0455
9.687272, 0.02332668, -0.004816032, -0.1196316, 42.96042, 355.182, 344.4818
9.704037, 0.02373173, -0.005489921, -0.1208628, 42.88337, 354.7231, 344.2067
9.720634, 0.02381327, -0.006107947, -0.1216898, 42.88179, 354.5129, 344.2482
9.7373, 0.02351729, -0.00659498, -0.122249, 42.77267, 354.1534, 344.4159
9.754042, 0.02303254, -0.006985623, -0.1227651, 42.43579, 353.4344, 344.4348
9.770612, 0.02259831, -0.007229547, -0.1234885, 41.88774, 352.7159, 344.38
9.787344, 0.02248683, -0.007332147, -0.1247503, 41.4434, 352.5384, 344.5929
9.803962, 0.02280787, -0.007474439, -0.1265804, 41.24502, 352.7541, 344.9743
9.820551, 0.0227558, -0.007858373, -0.1276262, 41.22871, 352.9255, 345.2448
9.837342, 0.02251844, -0.008396667, -0.1281698, 41.35054, 352.8923, 345.473
9.853948, 0.02224597, -0.008908498, -0.1285083, 41.4071, 352.6382, 345.5523
9.870745, 0.02209855, -0.009385892, -0.1289028, 41.46771, 352.5456, 345.6057
9.887313, 0.02216568, -0.009818155, -0.1294569, 41.5054, 352.7757, 345.7203
9.903979, 0.02235836, -0.01038407, -0.1301122, 41.4901, 353.0106, 345.7638
9.920583, 0.02268917, -0.01094426, -0.1305837, 41.40855, 353.004, 345.6059
9.937273, 0.02305651, -0.01148533, -0.1308498, 41.30983, 352.8495, 345.3437
9.953971, 0.02342568, -0.01200266, -0.1309504, 41.24273, 352.6368, 345.052
9.970653, 0.02382901, -0.01246628, -0.1309954, 41.23914, 352.5806, 344.8609
9.987292, 0.02435836, -0.0128742, -0.1311135, 41.25574, 352.7723, 344.7593
10.00395, 0.02385578, -0.01305275, -0.1299442, 41.19233, 353.009, 344.7265
10.0206, 0.02395983, -0.01310152, -0.1297367, 40.99313, 353.2689, 344.7639
10.03738, 0.02409553, -0.01296826, -0.1297571, 40.72301, 353.4838, 344.8907
10.05396, 0.02421293, -0.01273658, -0.1298029, 40.44289, 353.7018, 345.0942
10.07066, 0.02438692, -0.01259337, -0.1298115, 40.23323, 353.9024, 345.2702
10.0873, 0.0246201, -0.01264038, -0.1297092, 40.14659, 354.0355, 345.3666
10.10403, 0.02480204, -0.01292727, -0.1296685, 40.18849, 354.1295, 345.3869
10.12072, 0.02507555, -0.01331521, -0.1294237, 40.29776, 354.1722, 345.3222
10.13739, 0.0252846, -0.01366584, -0.1290467, 40.44776, 354.2512, 345.3044
10.15399, 0.02535615, -0.01392102, -0.1285558, 40.59753, 354.3374, 345.3666
10.17082, 0.02537455, -0.01420358, -0.1279635, 40.79369, 354.3758, 345.4177
10.18744, 0.02533406, -0.01448568, -0.1274063, 41.08706, 354.3563, 345.425
10.20403, 0.02518881, -0.01464619, -0.1270687, 41.41895, 354.2725, 345.3951
10.22061, 0.02514991, -0.01497124, -0.1265786, 41.65051, 354.1556, 345.306
10.23739, 0.02527522, -0.01519559, -0.1263458, 41.65252, 354.1354, 345.214
10.25415, 0.02526575, -0.01508358, -0.1263092, 41.42163, 354.2083, 345.2937
10.2707, 0.02498996, -0.01474803, -0.1262009, 41.14751, 354.3031, 345.5375
10.28737, 0.02473768, -0.01442941, -0.1260773, 41.00257, 354.4766, 345.764
10.30401, 0.0245192, -0.01421413, -0.126002, 40.94708, 354.49, 345.8643
10.32059, 0.02431736, -0.01438883, -0.1255188, 41.04879, 354.2603, 345.7466
10.33731, 0.02432247, -0.01487419, -0.1249881, 41.2852, 353.933, 345.4281
10.35404, 0.02446446, -0.01558652, -0.124498, 41.61459, 353.4723, 344.9695
10.3706, 0.02467089, -0.01658044, -0.123936, 42.08895, 352.7868, 344.355
10.38733, 0.02484198, -0.01778197, -0.123166, 42.78761, 352.0212, 343.7173
10.40398, 0.02500235, -0.01873384, -0.122509, 43.31876, 351.4673, 343.2836
10.42064, 0.0251606, -0.01896224, -0.1224513, 43.2629, 351.4034, 343.2281
10.4373, 0.02548514, -0.01837544, -0.1232981, 42.56054, 351.9921, 343.6108
10.45393, 0.02599853, -0.01756861, -0.1246357, 41.53285, 352.6271, 343.9454
