1.986818, 0.0003929817, 0.002051458, -0.004910668, 60.98758, 359.4799, 359.0547
2.003498, 0.0009203934, 0.002297079, -0.005050616, 61.10215, 358.8757, 358.6137
2.020198, 0.001309998, 0.002886368, -0.005485794, 61.06816, 358.337, 358.1732
2.036817, 0.00162117, 0.00389109, -0.006138274, 60.88125, 357.8747, 357.8129
2.053499, 0.001810739, 0.00527665, -0.006941063, 60.59028, 357.4882, 357.6005
2.070193, 0.001898212, 0.006899789, -0.007850951, 60.27514, 357.1513, 357.4961
2.086846, 0.00196191, 0.008628283, -0.008841451, 59.98423, 356.8572, 357.4475
2.103498, 0.002758488, 0.01043513, -0.009572241, 59.82004, 356.5446, 357.4507
2.120196, 0.003343401, 0.01222559, -0.0103865, 59.67474, 356.09, 357.1908
2.136836, 0.003941411, 0.0140004, -0.01121924, 59.60402, 355.7161, 356.9601
2.153489, 0.004591488, 0.01569584, -0.01204256, 59.6354, 355.4157, 356.7612
2.170168, 0.005267459, 0.0172947, -0.0128883, 59.72847, 355.0473, 356.4945
2.186832, 0.00602274, 0.01892057, -0.01376802, 59.87499, 354.8414, 356.6922
2.203497, 0.006900641, 0.02067952, -0.01467381, 59.82947, 354.2571, 356.2146
2.220229, 0.007704559, 0.0225202, -0.01583586, 59.6734, 353.7207, 355.7729
2.236892, 0.008462014, 0.02441419, -0.01713432, 59.47482, 353.3314, 355.4627
2.253566, 0.009176326, 0.02630073, -0.01851268, 59.27433, 353.1035, 355.2986
2.270215, 0.009837674, 0.0281184, -0.01993038, 59.0849, 352.9707, 355.2269
2.286808, 0.01039192, 0.02995551, -0.02133538, 59.03773, 353.0871, 355.5469
2.303502, 0.01081763, 0.03192532, -0.02268516, 58.91328, 352.947, 355.4927
2.320184, 0.01135331, 0.03355932, -0.02405378, 58.75827, 352.8016, 355.4355
2.336828, 0.01193935, 0.03503704, -0.02543526, 58.58688, 352.7151, 355.4355
2.353585, 0.01259308, 0.03639765, -0.02683924, 58.41077, 352.7125, 355.4844
2.370252, 0.01332498, 0.03761523, -0.02822341, 58.25048, 352.7336, 355.529
2.386886, 0.0139216, 0.03878523, -0.02940155, 58.17766, 352.8748, 355.6855
2.403533, 0.01422373, 0.04003299, -0.03027526, 58.09747, 352.8976, 355.7041
2.420187, 0.01494721, 0.04105199, -0.03139966, 57.98541, 352.9279, 355.7032
2.436838, 0.01585772, 0.04197419, -0.0326183, 57.84003, 352.9576, 355.672
2.453534, 0.01688367, 0.04280622, -0.03385139, 57.68055, 352.9431, 355.5548
2.470158, 0.01795638, 0.04356331, -0.03505065, 57.53009, 352.9083, 355.3887
2.486856, 0.01891247, 0.04445253, -0.03614068, 57.53782, 353.1114, 355.4056
2.503546, 0.01961597, 0.04559181, -0.03706625, 57.43081, 353.1426, 355.3401
2.520192, 0.02032749, 0.04642568, -0.03806493, 57.31323, 353.1911, 355.3018
2.536856, 0.02098462, 0.0471452, -0.03906044, 57.19193, 353.2423, 355.2717
2.553564, 0.02157654, 0.04780031, -0.04001606, 57.07417, 353.2774, 355.2286
2.570219, 0.02209166, 0.04842134, -0.04092588, 57.17942, 353.5764, 355.4349
2.586974, 0.02213986, 0.0491436, -0.04174783, 57.08813, 353.6739, 355.4616
2.60351, 0.02143824, 0.0500102, -0.04244138, 57.00113, 353.8263, 355.5523
2.620196, 0.0212529, 0.0506454, -0.04320977, 56.88803, 353.9172, 355.5939
2.636886, 0.02117972, 0.05116504, -0.04398102, 56.7656, 353.9766, 355.6042
2.653532, 0.02109226, 0.05160033, -0.04469778, 56.66275, 354.0215, 355.6025
2.670214, 0.02093472, 0.05196998, -0.04532455, 56.81229, 354.4445, 356.0208
2.686893, 0.02079558, 0.05214968, -0.04587424, 56.78984, 354.5032, 356.0656
2.703621, 0.02075527, 0.05208899, -0.04639708, 56.77763, 354.5624, 356.0955
2.720177, 0.02059582, 0.0523266, -0.04699862, 56.73095, 354.6097, 356.0902
2.73698, 0.02034506, 0.05275541, -0.04766541, 56.6372, 354.6737, 356.0974
2.753564, 0.01996667, 0.05332569, -0.04835839, 56.50948, 354.748, 356.1426
2.770345, 0.01944132, 0.05396897, -0.04903872, 56.45853, 354.9532, 356.4052
2.786898, 0.01913716, 0.05473112, -0.04988817, 56.3115, 354.9219, 356.4425
2.803633, 0.0193154, 0.05563659, -0.05104191, 56.17115, 354.87, 356.4704
2.820286, 0.01886207, 0.05640141, -0.05185533, 56.02976, 354.8156, 356.4968
2.836839, 0.01816772, 0.05714402, -0.05258512, 55.87971, 354.7879, 356.5508
2.853576, 0.01735458, 0.05788654, -0.05331638, 55.71171, 354.7744, 356.6227
2.870227, 0.01646495, 0.05860114, -0.05404068, 55.5284, 354.7129, 356.6593
2.886941, 0.01620141, 0.05966002, -0.05535167, 55.38253, 354.6008, 356.7329
2.903539, 0.01696593, 0.06126584, -0.05761737, 55.25624, 354.4438, 356.7209
2.920224, 0.0164652, 0.06214438, -0.05873693, 55.17102, 354.3029, 356.7544
2.936842, 0.01553141, 0.06278234, -0.0595087, 55.07658, 354.1422, 356.7891
2.953525, 0.01449056, 0.06332645, -0.0602048, 54.95851, 353.9439, 356.7753
2.97022, 0.01344639, 0.06381874, -0.0608928, 54.83797, 353.7588, 356.7428
2.986937, 0.01279403, 0.06452943, -0.0617428, 54.71457, 353.4778, 356.6991
3.003572, 0.01277026, 0.06563284, -0.06286822, 54.62843, 353.3055, 356.668
3.020229, 0.0120732, 0.06626226, -0.06371776, 54.5217, 353.1123, 356.6164
3.036933, 0.011168, 0.06672853, -0.06447562, 54.40025, 352.887, 356.5411
3.053565, 0.01021627, 0.06713147, -0.06520385, 54.27888, 352.6888, 356.4747
3.070245, 0.009270957, 0.06749732, -0.06591117, 54.16552, 352.3833, 356.3676
3.086922, 0.008774012, 0.06807686, -0.0668716, 54.08162, 352.2641, 356.3421
3.103582, 0.009000154, 0.06901219, -0.06824265, 54.02835, 352.1497, 356.3284
3.120245, 0.008531375, 0.0694854, -0.06907497, 53.99205, 352.0958, 356.3517
3.136904, 0.007907389, 0.0698173, -0.06974811, 53.93938, 352.0725, 356.3831
3.153544, 0.007320873, 0.07009596, -0.07037853, 53.85856, 352.0523, 356.3885
3.170369, 0.006836354, 0.07032454, -0.07097108, 53.77798, 352.0577, 356.3734
3.186897, 0.006791966, 0.07074217, -0.07174559, 53.73528, 351.9667, 356.2996
3.20358, 0.007376568, 0.07150901, -0.07283118, 53.73698, 352.0971, 356.3637
3.220228, 0.007504417, 0.07189528, -0.07344996, 53.73201, 352.2826, 356.4631
3.236964, 0.007608084, 0.0721812, -0.07390889, 53.70047, 352.4524, 356.5338
3.253646, 0.007821692, 0.07246227, -0.07431468, 53.66779, 352.6816, 356.6198
3.270241, 0.008177329, 0.07277844, -0.07470188, 53.63605, 352.8788, 356.6626
3.286942, 0.009186292, 0.07298203, -0.07496038, 53.62384, 353.2349, 356.8036
3.303587, 0.01121713, 0.07299126, -0.07506142, 53.58421, 353.5962, 356.9315
3.320306, 0.01250491, 0.07336693, -0.07541971, 53.50132, 354.0163, 357.0732
3.336923, 0.01364305, 0.07387254, -0.07585362, 53.4024, 354.4498, 357.1973
3.353692, 0.01479775, 0.0744362, -0.07627581, 53.30174, 354.897, 357.3196
3.37025, 0.01600419, 0.07503138, -0.07663433, 53.19977, 355.3529, 357.4547
3.386959, 0.01789391, 0.07579824, -0.07644423, 53.13145, 355.706, 357.5048
3.403626, 0.02086212, 0.07679594, -0.07542641, 53.07132, 356.0724, 357.5085
3.420261, 0.02283483, 0.07733873, -0.07507358, 53.04423, 356.3643, 357.4469
3.436943, 0.02442345, 0.07769721, -0.07491448, 53.04394, 356.6412, 357.364
3.453579, 0.02573996, 0.07798389, -0.074812, 53.05194, 356.8904, 357.2852
3.470323, 0.02680332, 0.07825694, -0.07472588, 53.10983, 356.9301, 357.0276
3.486913, 0.02803127, 0.07832956, -0.07413503, 53.08637, 357.0543, 356.9282
3.503604, 0.02968794, 0.07808442, -0.07270049, 53.0621, 357.1239, 356.8263
3.520259, 0.03024708, 0.07819759, -0.07213046, 53.04007, 357.1614, 356.7807
3.536886, 0.03023849, 0.07839873, -0.07180464, 53.03128, 357.1679, 356.7815
3.553598, 0.02987087, 0.07858787, -0.07152931, 53.0185, 357.1199, 356.796
3.570235, 0.02925991, 0.07871096, -0.07121889, 52.98946, 356.9889, 356.7822
3.586916, 0.02869201, 0.07864673, -0.07070167, 53.05233, 356.5924, 356.4702
3.603591, 0.0283276, 0.07835305, -0.06990869, 53.07298, 356.2879, 356.2914
3.620485, 0.02733495, 0.07803416, -0.06917971, 53.13053, 355.9075, 356.1156
3.637016, 0.02596342, 0.07769199, -0.06841137, 53.22461, 355.5161, 355.9878
3.653628, 0.02434325, 0.07738382, -0.06763097, 53.31499, 355.162, 355.9396
3.670248, 0.02262541, 0.07711836, -0.06688286, 53.35704, 354.8051, 355.9044
3.686933, 0.02141884, 0.07687017, -0.0659677, 53.38307, 354.2692, 355.6243
3.703615, 0.02111916, 0.0765526, -0.06469645, 53.32406, 353.8238, 355.3874
3.720242, 0.02026225, 0.07598127, -0.06364903, 53.36129, 353.2796, 354.9941
3.736937, 0.01930462, 0.07521325, -0.06259822, 53.57787, 352.7661, 354.5251
3.753672, 0.01830895, 0.07454696, -0.06159467, 53.90004, 352.5322, 354.2379
3.770294, 0.01729863, 0.07417805, -0.06072394, 54.21246, 352.587, 354.1815
3.786979, 0.01648619, 0.07399944, -0.05984464, 54.53524, 352.6793, 354.1495
3.803617, 0.01609401, 0.07383519, -0.05885928, 54.76705, 352.9446, 354.2272
3.820288, 0.01560658, 0.07403174, -0.05817996, 54.98256, 353.0609, 354.1658
3.836936, 0.01512284, 0.07456829, -0.05773444, 55.14798, 353.1263, 354.0678
3.853624, 0.0146702, 0.07556408, -0.05758579, 55.18147, 353.2975, 354.0753
3.87032, 0.01431677, 0.07703016, -0.05774915, 55.07487, 353.6983, 354.2763
3.886929, 0.0143446, 0.07875177, -0.05798489, 54.93542, 354.2884, 354.489
3.903636, 0.01496675, 0.08048587, -0.05809205, 54.75485, 355.0665, 354.7305
3.920302, 0.01566328, 0.08217666, -0.05848294, 54.61352, 355.7843, 354.8503
3.936928, 0.016436, 0.08376133, -0.05884901, 54.53702, 356.3363, 354.8383
3.953646, 0.01723551, 0.08534487, -0.05916217, 54.48084, 356.8824, 354.8674
3.970351, 0.01810723, 0.0870045, -0.05948057, 54.41326, 357.616, 355.0698
3.986967, 0.01946173, 0.0888008, -0.06004675, 54.3401, 358.4385, 355.2231
4.003644, 0.02151877, 0.09073844, -0.06097833, 54.17438, 359.2821, 355.3247
4.020362, 0.02331078, 0.09226402, -0.06150999, 54.01774, 0.009088336, 355.2959
4.036961, 0.02508937, 0.09346155, -0.06182073, 53.96369, 0.7010263, 355.1882
4.053636, 0.02691073, 0.09440335, -0.06202717, 54.05957, 1.533047, 355.1165
4.070282, 0.02881535, 0.09519546, -0.06224518, 54.28259, 2.627093, 355.1452
4.087011, 0.0310127, 0.09604933, -0.06290244, 54.54182, 3.862694, 355.1001
4.103662, 0.03362489, 0.09708472, -0.06428298, 54.73909, 5.206735, 355.0206
4.120331, 0.03582995, 0.09783687, -0.06534494, 54.82718, 6.350264, 354.6634
4.136983, 0.03759269, 0.09841753, -0.06622259, 54.87291, 7.097575, 353.9988
4.153612, 0.03875626, 0.09898301, -0.06684972, 54.97311, 7.629378, 353.3193
4.170319, 0.03930901, 0.09972497, -0.06731477, 55.16121, 8.397311, 352.9747
4.186977, 0.03959325, 0.100817, -0.0680446, 55.46902, 9.784925, 353.1067
4.20362, 0.03997502, 0.1021696, -0.06935912, 55.81585, 11.70027, 353.4097
4.220313, 0.04000454, 0.1030249, -0.07065007, 56.14436, 13.57391, 353.4547
4.236956, 0.03963089, 0.1034211, -0.07168, 56.52099, 14.82159, 352.9426
4.253604, 0.03857022, 0.1036259, -0.07214815, 57.01144, 15.51994, 352.1961
4.270304, 0.03667181, 0.1041469, -0.07215256, 57.4674, 16.17016, 351.7155
4.286981, 0.03406614, 0.1051087, -0.07209834, 57.75434, 17.15676, 351.7628
4.303624, 0.03099952, 0.1063197, -0.07226797, 57.8014, 18.43078, 352.1423
4.320318, 0.02743825, 0.1078036, -0.07241386, 57.71449, 19.70424, 352.5692
4.337033, 0.02355783, 0.1091207, -0.07248662, 57.62313, 20.75913, 352.8328
4.353616, 0.01945564, 0.1101392, -0.07245835, 57.58205, 21.49892, 352.8521
4.370309, 0.01514511, 0.1109708, -0.07232781, 57.55097, 21.93338, 352.7021
4.386982, 0.0103716, 0.111672, -0.07223834, 57.44831, 22.27581, 352.6027
4.403645, 0.004966764, 0.112207, -0.07229699, 57.3017, 22.46763, 352.5587
4.42031, -0.0003140983, 0.112909, -0.07209057, 57.1206, 22.58946, 352.578
4.436956, -0.005634071, 0.1136041, -0.07177851, 56.92262, 22.65088, 352.6274
4.453708, -0.010974, 0.1142059, -0.07135363, 56.73764, 22.62094, 352.6682
4.470315, -0.01627907, 0.1146709, -0.07076244, 56.60954, 22.48925, 352.6972
4.486989, -0.02163367, 0.1149895, -0.07000455, 56.55851, 22.24512, 352.6764
4.503691, -0.02710642, 0.1152335, -0.06922718, 56.48223, 21.84309, 352.5848
4.520292, -0.03246498, 0.1154648, -0.0685946, 56.38231, 21.4439, 352.4646
4.536994, -0.03778496, 0.1157282, -0.06806482, 56.2655, 21.16856, 352.424
4.553656, -0.04311099, 0.1160264, -0.0674926, 56.13818, 20.86461, 352.4152
4.570335, -0.04845877, 0.1162929, -0.06682754, 56.01282, 20.35212, 352.3008
4.586966, -0.0537914, 0.1164827, -0.06617616, 55.92453, 19.69942, 352.0224
4.603654, -0.05905974, 0.1166584, -0.06568395, 55.80882, 18.99483, 351.6553
4.620337, -0.06421942, 0.1169863, -0.06533846, 55.64474, 18.34497, 351.2599
4.636972, -0.06923331, 0.1174046, -0.0651346, 55.41527, 17.70381, 350.8057
4.653656, -0.07405128, 0.1178242, -0.06507459, 55.14733, 17.03831, 350.2133
4.670379, -0.07867014, 0.1182708, -0.06512775, 54.86214, 16.43364, 349.5288
4.687, -0.08318548, 0.1188175, -0.06522923, 54.59919, 16.03076, 348.8593
4.7037, -0.08765154, 0.1194812, -0.06529347, 54.34805, 15.81188, 348.2953
4.720332, -0.09175232, 0.1201165, -0.06522218, 54.17719, 15.7373, 347.74
4.736993, -0.0955876, 0.1206129, -0.06502689, 54.09246, 15.70411, 347.1319
4.753675, -0.0992436, 0.1209953, -0.06479699, 54.05414, 15.6776, 346.4467
4.770339, -0.1027543, 0.1214037, -0.06470633, 53.94189, 15.76828, 345.7464
4.787018, -0.1064795, 0.1219842, -0.0646494, 53.71517, 15.96557, 345.1931
4.803719, -0.1106272, 0.1227904, -0.06446158, 53.41417, 16.24382, 344.9029
4.820331, -0.1142773, 0.123607, -0.06415319, 53.02554, 16.27654, 344.6235
4.836989, -0.117622, 0.124342, -0.06401762, 52.49684, 16.10764, 344.2285
4.853713, -0.1206701, 0.1249123, -0.06429566, 51.88934, 15.99706, 343.772
4.870317, -0.1234124, 0.1252808, -0.06502395, 51.29005, 16.08353, 343.313
4.887015, -0.1262532, 0.1256314, -0.06617449, 50.73207, 16.46151, 342.9355
4.903653, -0.1296351, 0.126097, -0.06769407, 50.28864, 17.01464, 342.6143
4.920375, -0.1321247, 0.1258845, -0.06925586, 49.91884, 17.62203, 342.3196
4.937029, -0.1342573, 0.1253726, -0.07078159, 49.60529, 18.23625, 342.1039
4.953713, -0.1361622, 0.1246963, -0.07221704, 49.34721, 18.82344, 341.9627
4.970354, -0.1378308, 0.123895, -0.07358331, 49.14229, 19.39661, 341.869
4.987015, -0.139286, 0.1232578, -0.07489016, 48.94801, 19.9368, 341.7761
5.00368, -0.1406215, 0.1230781, -0.07610159, 48.84801, 20.36277, 341.7493
5.020329, -0.1418236, 0.1224991, -0.07698663, 48.77269, 20.7507, 341.7668
5.037024, -0.1428798, 0.1218737, -0.0776483, 48.72094, 21.09053, 341.802
5.053741, -0.1437732, 0.1213695, -0.07811392, 48.71945, 21.45599, 341.9167
5.070364, -0.144534, 0.1210466, -0.07834244, 48.80006, 21.87899, 342.1834
5.087027, -0.1444665, 0.1207375, -0.0782268, 48.87055, 22.32925, 342.5247
5.103722, -0.142557, 0.1202377, -0.07773533, 49.01899, 22.52183, 342.7191
5.120341, -0.1418962, 0.1200636, -0.07763019, 49.15653, 22.69089, 342.8049
5.137032, -0.1414362, 0.1201987, -0.07775513, 49.28832, 22.99554, 342.9041
5.153697, -0.1409181, 0.12072, -0.07794377, 49.40692, 23.5036, 343.1778
5.170327, -0.1402667, 0.1215845, -0.07802484, 49.49295, 24.03878, 343.5752
5.187051, -0.1392627, 0.1225681, -0.07788092, 49.58241, 24.45197, 343.9456
5.203697, -0.1375783, 0.1234581, -0.07764487, 49.60889, 24.41592, 344.007
5.220361, -0.1360956, 0.1247056, -0.07766749, 49.56755, 24.31319, 343.9265
5.237043, -0.1346002, 0.1263079, -0.07790203, 49.50858, 24.40418, 343.9032
5.253695, -0.1330448, 0.1282664, -0.0781563, 49.47772, 24.74255, 344.0748
5.270369, -0.1314019, 0.1304608, -0.0782588, 49.47645, 25.12474, 344.3604
5.287008, -0.129393, 0.1326902, -0.0782229, 49.47469, 25.36691, 344.5913
5.303699, -0.1266651, 0.134784, -0.07819843, 49.41689, 25.2667, 344.5453
5.320371, -0.1242333, 0.1369727, -0.07833411, 49.32273, 25.00982, 344.2762
5.33701, -0.1218655, 0.1393621, -0.07848639, 49.24876, 24.81185, 344.0401
5.353704, -0.1195372, 0.1420496, -0.07843328, 49.24714, 24.74386, 344.0185
5.37037, -0.1172014, 0.1450088, -0.07813396, 49.29347, 24.68747, 344.1352
5.387051, -0.1146661, 0.1480996, -0.07769988, 49.37383, 24.53651, 344.2389
5.403731, -0.1116925, 0.1512339, -0.07726301, 49.46165, 24.18689, 344.2017
5.420393, -0.1090469, 0.1545961, -0.07685505, 49.52456, 23.86466, 344.1602
5.437067, -0.1065213, 0.1582714, -0.07646299, 49.51663, 23.56264, 344.1335
5.453727, -0.1040551, 0.1622274, -0.07590493, 49.46795, 23.19529, 344.1457
5.470386, -0.1016174, 0.1663802, -0.07501179, 49.46851, 22.70543, 344.2075
5.487027, -0.09913711, 0.1705078, -0.07400113, 49.56475, 22.20872, 344.3136
5.503725, -0.09650174, 0.1743817, -0.07329398, 49.65591, 21.82003, 344.4012
5.520355, -0.09378809, 0.1788242, -0.07289161, 49.66795, 21.6297, 344.4633
5.537077, -0.09101942, 0.1835319, -0.07286876, 49.50597, 21.48828, 344.4097
5.553723, -0.08825976, 0.1883198, -0.07304581, 49.18097, 21.20994, 344.1706
5.570374, -0.08560173, 0.1931266, -0.0731863, 48.80894, 20.84588, 343.877
5.587108, -0.0831493, 0.1978552, -0.07318521, 48.50486, 20.46486, 343.6095
5.603725, -0.08107086, 0.2024054, -0.07312038, 48.25861, 20.15123, 343.3656
5.62036, -0.07884621, 0.2070328, -0.0731345, 48.04545, 19.88622, 343.1073
5.637058, -0.07661058, 0.2115935, -0.07321134, 47.84144, 19.60905, 342.795
5.653728, -0.07441678, 0.2160354, -0.07333439, 47.64446, 19.29885, 342.4337
5.670356, -0.07226968, 0.2203629, -0.07346518, 47.44796, 18.94817, 342.0476
5.687118, -0.07018748, 0.2249346, -0.07365708, 47.30634, 18.54188, 341.6752
5.703734, -0.06824301, 0.2303292, -0.07409532, 47.25811, 17.99307, 341.2744
5.72039, -0.06625891, 0.2349204, -0.07422742, 47.29197, 17.37086, 340.8386
5.737062, -0.06440967, 0.239426, -0.07451486, 47.30715, 16.83628, 340.4619
5.753722, -0.06277081, 0.2441444, -0.07515797, 47.20865, 16.52962, 340.2404
5.770395, -0.06128957, 0.2491136, -0.07604448, 46.94412, 16.34505, 340.1495
5.787044, -0.05977584, 0.2541043, -0.07691848, 46.65814, 15.96627, 339.983
5.803758, -0.05807228, 0.259005, -0.07781653, 46.5154, 15.34207, 339.6329
5.820398, -0.05631862, 0.2636273, -0.07854841, 46.55482, 14.62225, 339.1756
5.837084, -0.05456504, 0.2681998, -0.0794219, 46.64138, 13.93988, 338.7168
5.853768, -0.05285744, 0.2728847, -0.08060937, 46.598, 13.2989, 338.2916
5.870374, -0.05115192, 0.277696, -0.08218962, 46.3396, 12.63256, 337.8483
5.887105, -0.04942009, 0.2824758, -0.08426956, 45.90013, 11.95636, 337.3518
5.90375, -0.04772018, 0.2869919, -0.08686745, 45.37382, 11.3587, 336.8685
5.920412, -0.04611194, 0.291513, -0.08938102, 44.96758, 10.94171, 336.5515
5.937053, -0.04469119, 0.2959464, -0.09187335, 44.67294, 10.71645, 336.4608
5.953701, -0.04340005, 0.3001664, -0.09451579, 44.32401, 10.54693, 336.4492
5.970428, -0.04214219, 0.3040246, -0.09739982, 43.80825, 10.34737, 336.3824
5.987121, -0.04102105, 0.3071446, -0.1005134, 43.23404, 10.12506, 336.2153
6.003729, -0.0403311, 0.309136, -0.1038072, 42.78423, 9.95506, 336.0336
6.020456, -0.03938154, 0.3108745, -0.1066497, 42.48733, 9.87864, 335.9088
6.037061, -0.03845186, 0.3121732, -0.1091725, 42.28086, 9.903206, 335.9066
6.053792, -0.037576, 0.3129145, -0.1114055, 42.12144, 9.952934, 335.9726
6.07041, -0.03672502, 0.3129176, -0.1132708, 42.05378, 9.83795, 335.9385
6.087078, -0.03594034, 0.3121534, -0.1147687, 42.12996, 9.596713, 335.7625
6.10373, -0.03532416, 0.3107924, -0.1159378, 42.3653, 9.41073, 335.5739
6.120422, -0.03489564, 0.3094318, -0.1171383, 42.68965, 9.371197, 335.5165
6.137102, -0.0347778, 0.308224, -0.1181968, 43.03181, 9.381757, 335.6349
6.153771, -0.03490128, 0.3072393, -0.1190449, 43.30912, 9.259131, 335.8082
6.170412, -0.03512555, 0.3065082, -0.1196927, 43.54121, 8.921322, 335.9214
6.1871, -0.03530603, 0.305814, -0.1200486, 43.80838, 8.497726, 335.9687
6.203731, -0.03533549, 0.3046921, -0.1198152, 44.1098, 8.14623, 336.0271
6.220449, -0.03542859, 0.3046255, -0.1203723, 44.35901, 7.821414, 336.0499
6.237088, -0.03563474, 0.3051395, -0.1211527, 44.5818, 7.45154, 336.1125
6.253765, -0.03598732, 0.306064, -0.1220284, 44.81358, 7.037538, 336.2567
6.270453, -0.03641924, 0.3073712, -0.1232046, 44.95645, 6.656754, 336.4991
6.28711, -0.03670478, 0.3087682, -0.1247871, 44.96423, 6.36163, 336.7645
6.303804, -0.03666818, 0.3097054, -0.1265309, 44.88352, 6.19324, 337.0576
6.320413, -0.0365538, 0.3110832, -0.1289151, 44.80039, 6.110445, 337.3573
6.337141, -0.03632149, 0.3124466, -0.131624, 44.74149, 6.034031, 337.6607
6.353772, -0.03590994, 0.3136732, -0.1346161, 44.65675, 5.963877, 337.9572
6.370408, -0.03522227, 0.314753, -0.1378787, 44.4937, 5.882189, 338.2027
6.387139, -0.03431466, 0.3159154, -0.1415187, 44.2923, 5.808464, 338.3451
6.403758, -0.03351604, 0.3175724, -0.1456823, 44.17175, 5.769379, 338.4138
6.420434, -0.03226819, 0.3183184, -0.1493199, 44.21066, 5.772675, 338.5073
6.437118, -0.03093376, 0.3187638, -0.1527118, 44.28529, 5.72409, 338.6369
6.453745, -0.02954007, 0.319205, -0.1561357, 44.25774, 5.65752, 338.7946
6.47044, -0.02801942, 0.3197052, -0.1597559, 44.08945, 5.650547, 338.9573
6.487117, -0.02651459, 0.3203182, -0.1636609, 43.87783, 5.659713, 339.0779
6.503791, -0.02538728, 0.3213371, -0.1680725, 43.7653, 5.668084, 339.2166
6.520415, -0.0239307, 0.3218285, -0.1718298, 43.78306, 5.733352, 339.4572
6.537114, -0.02237115, 0.322215, -0.1753646, 43.8126, 5.821641, 339.7855
6.553828, -0.02072755, 0.3225895, -0.1789202, 43.78445, 5.947238, 340.1537
6.570458, -0.01896342, 0.3228736, -0.1825597, 43.65551, 5.988208, 340.4245
6.587139, -0.01720322, 0.32317, -0.1864036, 43.54641, 5.92204, 340.5948
6.603756, -0.01568384, 0.3239128, -0.1910248, 43.5518, 5.917661, 340.8195
6.620429, -0.01406509, 0.3243457, -0.1950823, 43.52254, 5.997221, 341.1229
6.637156, -0.01251126, 0.3248043, -0.1991478, 43.32879, 6.112212, 341.4856
6.653764, -0.01097437, 0.3252391, -0.2034087, 42.95157, 6.167736, 341.7757
6.670449, -0.009314088, 0.3255482, -0.2079424, 42.47168, 6.216483, 341.9292
6.687159, -0.007553333, 0.3256669, -0.2127697, 41.97738, 6.304737, 341.9544
6.703747, -0.005936757, 0.3256744, -0.217938, 41.5874, 6.491293, 342.0648
6.720459, -0.004373222, 0.3255163, -0.2226467, 41.19345, 6.661092, 342.2284
6.737163, -0.002864261, 0.3251828, -0.2271011, 40.73973, 6.749717, 342.4084
6.753822, -0.001357364, 0.324599, -0.2313351, 40.2489, 6.724401, 342.5353
6.770446, 0.0001500744, 0.3236949, -0.2352865, 39.85092, 6.65363, 342.6383
6.78712, 0.001644934, 0.3224478, -0.2388594, 39.58309, 6.588223, 342.7105
6.803789, 0.003052722, 0.3209073, -0.2419371, 39.44777, 6.583998, 342.8258
6.820437, 0.004452367, 0.3193594, -0.2449704, 39.34374, 6.622554, 343.0028
6.837173, 0.005879445, 0.3176932, -0.2479113, 39.22168, 6.609545, 343.1374
6.853772, 0.007307731, 0.3158277, -0.2507403, 39.16058, 6.611308, 343.2227
6.870463, 0.00858569, 0.3137955, -0.2533857, 39.22803, 6.724636, 343.3538
6.887116, 0.009703947, 0.3116497, -0.2557333, 39.31622, 6.87567, 343.5883
6.903832, 0.01091218, 0.3093035, -0.2576676, 39.28948, 6.941665, 343.898
6.920479, 0.01164118, 0.3070664, -0.259748, 39.04941, 6.803797, 344.1628
6.937143, 0.01223255, 0.304619, -0.2618061, 38.74603, 6.51197, 344.2981
6.953781, 0.01279246, 0.3018508, -0.2637333, 38.62848, 6.300983, 344.3736
6.970547, 0.01332768, 0.2988419, -0.265462, 38.76771, 6.254443, 344.4737
6.987144, 0.01393522, 0.2956506, -0.2673275, 39.09458, 6.293641, 344.5662
7.003808, 0.01472378, 0.2924353, -0.2700677, 39.42481, 6.258296, 344.6656
7.020448, 0.0149607, 0.2893212, -0.2718883, 39.50459, 5.971846, 344.8125
7.037169, 0.01498169, 0.2862904, -0.2735209, 39.27984, 5.426722, 344.9124
7.053792, 0.01503648, 0.2833074, -0.2752838, 38.96598, 5.104664, 345.1054
7.070488, 0.0152975, 0.280134, -0.2771355, 38.78414, 5.164135, 345.3459
7.087177, 0.01573336, 0.2767068, -0.2793058, 38.81068, 5.391438, 345.5014
7.103806, 0.01624459, 0.2733485, -0.2825958, 39.05422, 5.537471, 345.5089
7.12048, 0.0169408, 0.2690859, -0.2843751, 39.34635, 5.381882, 345.3466
7.13718, 0.017736, 0.2646331, -0.2857875, 39.41684, 4.910687, 345.0521
7.153819, 0.01854713, 0.2603143, -0.2873223, 39.27546, 4.55191, 344.8857
7.170484, 0.01937761, 0.2559472, -0.2889457, 39.17859, 4.488597, 344.8759
7.187128, 0.02020371, 0.2513852, -0.2907211, 39.38222, 4.674562, 344.9191
7.203854, 0.02091503, 0.2469501, -0.2931848, 39.98809, 5.034896, 345.0273
7.220488, 0.02134442, 0.242099, -0.2946417, 40.57109, 5.321826, 345.2329
7.237127, 0.0214663, 0.2373439, -0.2958776, 40.83714, 5.444208, 345.5591
7.253801, 0.02142091, 0.232664, -0.2971388, 40.86867, 5.629048, 346.0532
7.270508, 0.02142561, 0.2276824, -0.2982881, 40.932, 5.830235, 346.4888
7.287135, 0.02168526, 0.2220002, -0.2993561, 41.17872, 5.945418, 346.7356
7.303825, 0.02232796, 0.2152976, -0.3008271, 41.63636, 6.085136, 346.9775
7.320454, 0.02275483, 0.209373, -0.3015086, 42.16359, 6.377291, 347.3248
7.337137, 0.02319339, 0.203777, -0.3020285, 42.58193, 6.786359, 347.7301
7.353822, 0.02368804, 0.1982321, -0.3024937, 42.80212, 7.061517, 348.0291
7.370502, 0.02417839, 0.1925371, -0.3026985, 42.88053, 6.902956, 348.0498
7.387138, 0.02463449, 0.1864298, -0.3025933, 43.06508, 6.688071, 348.0247
7.403852, 0.02501756, 0.1794811, -0.3023365, 43.62961, 7.036304, 348.3564
7.420488, 0.0248072, 0.173104, -0.301394, 44.51, 7.853107, 349.0661
7.43718, 0.02398123, 0.1669315, -0.2999757, 45.36294, 8.65408, 349.9829
7.453841, 0.02268076, 0.1609975, -0.2984216, 45.78956, 9.087025, 350.8899
7.470479, 0.02129628, 0.1551324, -0.2967903, 45.85394, 8.873466, 351.437
7.487153, 0.02022879, 0.1489405, -0.295083, 45.89136, 8.339849, 351.6992
7.50384, 0.01977053, 0.1419076, -0.2935047, 46.15961, 8.020061, 351.9171
7.52051, 0.01923393, 0.135634, -0.2916754, 46.57805, 8.042604, 352.2099
7.537177, 0.01862686, 0.1298482, -0.2897652, 46.92621, 8.239768, 352.5906
7.553825, 0.01796687, 0.1243261, -0.2877471, 47.17331, 8.345179, 352.8903
7.570501, 0.01724865, 0.1188885, -0.2854099, 47.45502, 8.230713, 353.0312
7.587185, 0.01640531, 0.113243, -0.2827081, 47.90232, 8.042664, 353.1761
7.603817, 0.01540102, 0.1070599, -0.2799264, 48.47574, 7.881223, 353.4334
7.620511, 0.01400825, 0.1018038, -0.2767179, 48.97977, 7.800325, 353.8348
7.637284, 0.01249967, 0.09705556, -0.2734368, 49.3975, 7.838316, 354.2893
7.653865, 0.01112924, 0.09265878, -0.2702307, 49.80091, 8.077906, 354.7317
7.670656, 0.009982135, 0.08860705, -0.2670656, 50.16619, 8.309949, 355.0062
7.687242, 0.008995563, 0.08469676, -0.2639001, 50.44373, 8.227504, 354.9955
7.703889, 0.008004312, 0.08054087, -0.2607424, 50.69446, 7.726593, 354.7518
7.720525, 0.006508246, 0.07720128, -0.2570316, 50.95462, 6.940287, 354.4132
7.737166, 0.004653155, 0.07450929, -0.2531336, 51.20059, 6.178982, 354.1726
7.753867, 0.002591998, 0.07253731, -0.249305, 51.39945, 5.749633, 354.2128
7.770556, 0.0005331401, 0.07120806, -0.2456798, 51.55362, 5.752414, 354.5266
7.787172, -0.001331519, 0.07008011, -0.2422682, 51.64726, 5.895561, 354.8391
7.80383, -0.002948277, 0.06864261, -0.239048, 51.65153, 5.918838, 354.9387
7.820568, -0.004629339, 0.06801695, -0.235782, 51.5569, 5.720687, 354.8552
7.837341, -0.006445652, 0.06779604, -0.2323353, 51.47169, 5.388912, 354.7623
7.853917, -0.008329069, 0.06784393, -0.2287637, 51.43631, 5.093987, 354.7608
7.870601, -0.0101256, 0.06812242, -0.2252233, 51.39811, 4.812503, 354.7259
7.887245, -0.01170249, 0.06827483, -0.221681, 51.29949, 4.498378, 354.569
7.903849, -0.01302025, 0.06770945, -0.2179151, 51.14505, 4.303199, 354.3843
7.920536, -0.01434669, 0.06853165, -0.2145906, 50.93855, 4.29384, 354.2856
7.937261, -0.01567092, 0.0700075, -0.2114043, 50.68426, 4.305771, 354.2137
7.953928, -0.01699021, 0.07178349, -0.2081987, 50.42331, 4.148566, 354.0676
7.970549, -0.01825546, 0.07371355, -0.2049394, 50.20424, 3.802477, 353.8279
7.98724, -0.01927667, 0.07573896, -0.2017471, 50.01834, 3.348334, 353.5117
8.003864, -0.01987149, 0.07787414, -0.1988645, 49.82457, 2.918473, 353.1594
8.020545, -0.02048204, 0.0804271, -0.1963143, 49.61855, 2.692921, 352.9096
8.0372, -0.02098969, 0.08325189, -0.1940374, 49.41922, 2.625237, 352.7494
8.053855, -0.02136587, 0.08623574, -0.1919398, 49.25156, 2.577578, 352.5872
8.070525, -0.02162606, 0.08933941, -0.1899659, 49.11116, 2.43197, 352.3607
8.087227, -0.02173607, 0.09269645, -0.1883426, 48.94592, 2.107691, 352.0188
8.103835, -0.02163246, 0.09663499, -0.1875562, 48.74184, 1.748709, 351.6445
8.120575, -0.02163729, 0.1005153, -0.186695, 48.48236, 1.479892, 351.3309
8.137237, -0.02163417, 0.1045695, -0.1860635, 48.1717, 1.32209, 351.0783
8.153914, -0.02155544, 0.1088392, -0.1857288, 47.82297, 1.265053, 350.8845
8.170585, -0.02134903, 0.1132188, -0.1856965, 47.45213, 1.244227, 350.6694
8.187294, -0.02106224, 0.1176486, -0.1861012, 47.05972, 1.173418, 350.3858
8.203925, -0.02081229, 0.1222066, -0.1872449, 46.63349, 0.9912795, 350.0376
8.220585, -0.02064375, 0.1266066, -0.1881039, 46.17741, 0.7511817, 349.7187
8.237355, -0.02053773, 0.1309063, -0.189001, 45.67439, 0.4985932, 349.4481
8.253936, -0.02043803, 0.1350581, -0.1900306, 45.09055, 0.2031686, 349.1732
8.27064, -0.02033854, 0.1389421, -0.1911477, 44.47175, 359.8797, 348.905
8.287352, -0.02031433, 0.1424728, -0.1924518, 43.9327, 359.6499, 348.721
8.30386, -0.02051778, 0.1456115, -0.1941848, 43.54025, 359.5267, 348.6087
8.320558, -0.0206634, 0.148091, -0.1953182, 43.29275, 359.3701, 348.4962
8.337271, -0.02093122, 0.1500069, -0.1961194, 43.17989, 359.1867, 348.4475
8.353898, -0.02129462, 0.1513902, -0.1967634, 43.22086, 359.0756, 348.4854
8.370581, -0.02163463, 0.1522646, -0.1974197, 43.37381, 359.0422, 348.5207
8.387341, -0.02194004, 0.152909, -0.1979753, 43.54634, 359.0337, 348.5072
8.403913, -0.02224867, 0.1538289, -0.1980277, 43.63163, 359.0456, 348.4707
8.420625, -0.02250101, 0.1541771, -0.1988963, 43.56584, 359.022, 348.422
8.437235, -0.02279695, 0.1542509, -0.2000806, 43.41212, 358.9626, 348.383
8.45393, -0.02313508, 0.154151, -0.2013553, 43.24178, 358.8965, 348.3679
8.470594, -0.023506, 0.1539184, -0.2025863, 43.07689, 358.7886, 348.3581
8.487267, -0.02370288, 0.1535823, -0.2036709, 42.9514, 358.6893, 348.3751
8.503935, -0.02332055, 0.153129, -0.2045034, 42.89812, 358.6773, 348.3933
8.520597, -0.02314817, 0.1526199, -0.2053641, 42.92025, 358.7607, 348.3792
8.537223, -0.0229439, 0.1521149, -0.206167, 42.96287, 358.8517, 348.2966
8.553925, -0.02270667, 0.151693, -0.2068558, 42.97849, 358.889, 348.1755
8.57058, -0.02244691, 0.1513764, -0.2074049, 42.95554, 358.8426, 348.0273
8.587261, -0.02207303, 0.1512074, -0.2078158, 42.94204, 358.7591, 347.8685
8.603993, -0.02141584, 0.1512659, -0.2080742, 42.96048, 358.6725, 347.6697
8.620606, -0.02079128, 0.1511711, -0.2083051, 43.00056, 358.5735, 347.3974
8.637231, -0.02019002, 0.1511175, -0.2085172, 43.03675, 358.455, 347.1042
8.653981, -0.01966994, 0.1512157, -0.2087593, 43.00381, 358.2942, 346.8334
8.670643, -0.01926995, 0.1514811, -0.2090547, 42.90064, 358.1063, 346.62
8.687279, -0.01885611, 0.1521699, -0.2095377, 42.7772, 357.9377, 346.4672
8.703903, -0.0181725, 0.1536665, -0.2104325, 42.66063, 357.8332, 346.3352
8.720596, -0.01765115, 0.1545056, -0.2112764, 42.49132, 357.7908, 346.2095
8.7373, -0.01715699, 0.1551756, -0.2122409, 42.24828, 357.7728, 346.0798
8.753933, -0.01668699, 0.155812, -0.2133121, 41.95169, 357.7624, 345.9651
8.770577, -0.01630126, 0.1564382, -0.2143997, 41.63322, 357.7291, 345.8879
8.787232, -0.01597134, 0.1572278, -0.2155472, 41.32114, 357.6501, 345.853
8.803994, -0.01556902, 0.1584947, -0.2169931, 41.04233, 357.6546, 345.9227
8.820646, -0.01534626, 0.159413, -0.2182485, 40.80273, 357.9036, 346.1609
8.83738, -0.01511059, 0.1601494, -0.2194128, 40.59778, 358.262, 346.423
8.853983, -0.01477397, 0.1605494, -0.2203056, 40.40474, 358.3258, 346.4472
8.870627, -0.01440455, 0.1606039, -0.2207835, 40.3279, 358.1602, 346.3473
8.887338, -0.01403645, 0.1605524, -0.2209058, 40.4269, 357.8884, 346.268
8.903955, -0.01353865, 0.1607887, -0.2210267, 40.59615, 357.51, 346.1794
8.920749, -0.01300846, 0.1605605, -0.2209819, 40.7108, 357.223, 346.1222
8.937432, -0.01234928, 0.1601909, -0.2210242, 40.78648, 357.2214, 346.1671
8.953948, -0.01162649, 0.1597248, -0.2210457, 40.8357, 357.299, 346.238
8.970613, -0.01093476, 0.1590978, -0.2208713, 40.89516, 357.2459, 346.2398
8.987298, -0.01026515, 0.1583918, -0.2204865, 41.06138, 357.1432, 346.2086
9.00396, -0.009456366, 0.157901, -0.2200998, 41.26664, 357.0566, 346.1558
9.020636, -0.008712845, 0.1571947, -0.2197802, 41.43866, 357.1075, 346.1221
9.037324, -0.007931212, 0.1564324, -0.2195148, 41.6379, 357.3358, 346.1447
9.053941, -0.007142479, 0.1556218, -0.2191806, 41.89001, 357.5861, 346.1859
9.070643, -0.006357314, 0.1547615, -0.218742, 42.18182, 357.8007, 346.2299
9.087304, -0.005689213, 0.1538465, -0.218125, 42.4866, 357.8618, 346.2253
9.10397, -0.005326911, 0.1529372, -0.2172722, 42.78693, 357.7032, 346.1798
9.120619, -0.004811076, 0.1519001, -0.2164296, 43.05247, 357.4497, 346.1391
9.137321, -0.004183019, 0.1507696, -0.2156754, 43.22447, 357.121, 346.0294
9.153954, -0.003426415, 0.1495844, -0.2150511, 43.33365, 356.8633, 345.8842
9.170619, -0.002554602, 0.1484567, -0.2145377, 43.43866, 356.8383, 345.8188
9.187326, -0.00168881, 0.1476478, -0.2142373, 43.56873, 357.0621, 345.8814
9.203961, -0.0009983602, 0.1476208, -0.2144247, 43.63101, 357.3416, 346.0344
9.220642, -0.0003136484, 0.1471924, -0.2141808, 43.566, 357.495, 346.167
9.237329, 0.0004480394, 0.1466704, -0.2137852, 43.42508, 357.6042, 346.2729
9.254119, 0.001425818, 0.1460131, -0.2133882, 43.30183, 357.7741, 346.2979
9.270635, 0.002584753, 0.1453516, -0.2130134, 43.16602, 358.0001, 346.2683
9.287309, 0.003771787, 0.144703, -0.2127399, 43.07346, 358.265, 346.324
9.303934, 0.005118095, 0.143977, -0.2130387, 42.99515, 358.4089, 346.2727
9.320617, 0.006543388, 0.1431376, -0.2128245, 42.96449, 358.4546, 346.1059
9.337351, 0.008095667, 0.1422241, -0.2124856, 42.94682, 358.4736, 345.8506
9.353988, 0.009779063, 0.1413681, -0.2122286, 42.84996, 358.5862, 345.5758
9.370669, 0.0115698, 0.140692, -0.2121681, 42.63926, 358.8657, 345.3319
9.387522, 0.01329737, 0.1399643, -0.2121463, 42.33189, 359.1492, 345.1709
9.403966, 0.015075, 0.1386622, -0.2120337, 41.96015, 359.3718, 345.0692
9.420655, 0.01642517, 0.1380378, -0.2119602, 41.56061, 359.5135, 344.9717
9.437325, 0.01761752, 0.1376694, -0.2119076, 41.12898, 359.6218, 344.8806
9.454079, 0.01870423, 0.1375017, -0.2118657, 40.59029, 359.695, 344.8094
9.470664, 0.01957295, 0.1375997, -0.2117811, 39.91094, 359.7492, 344.8328
9.487386, 0.02013652, 0.1378606, -0.211595, 39.20035, 359.7868, 344.9827
9.504026, 0.02025146, 0.1371769, -0.211095, 38.64648, 359.8198, 345.1671
9.520725, 0.02055396, 0.1368169, -0.2105574, 38.41511, 359.9341, 345.3687
9.537331, 0.02091432, 0.1363495, -0.2096798, 38.58059, 0.0562155, 345.553
9.553986, 0.02112085, 0.1355711, -0.2080658, 39.22736, 359.9401, 345.6751
9.570672, 0.02104699, 0.1342764, -0.2056282, 40.32042, 359.3984, 345.5913
9.587292, 0.02089825, 0.1325663, -0.2028878, 41.48555, 358.4894, 345.202
