1.921761, -0.00876765, -0.1573647, 0.09111455, 359.9495, 36.89676, 359.5256, 0.0856, 0.0856 
1.936704, -0.008548581, -0.1562041, 0.09088482, 359.8635, 36.93422, 359.5006, 0.0856, 0.0856 
1.953395, -0.008264785, -0.1558157, 0.09068713, 359.89, 36.99916, 359.4043, 0.0856, 0.0856 
1.970035, -0.008136733, -0.1558342, 0.09062105, 359.9832, 37.03978, 359.309, 0.0856, 0.0856 
1.986673, -0.008925996, -0.1561264, 0.09033512, 0.08019239, 36.99491, 359.1584, 0.0856, 0.0856 
2.003364, -0.008752618, -0.1563834, 0.09043432, 0.04210526, 36.89748, 359.0217, 0.0856, 0.0856 
2.020037, -0.008706028, -0.1565782, 0.09049755, 0.008197348, 36.9379, 359.0352, 0.0856, 0.0856 
2.036702, -0.00865088, -0.1567101, 0.09064536, 359.9802, 36.87541, 358.9907, 0.0856, 0.0856 
2.053328, -0.008685088, -0.1566806, 0.0906542, 359.9735, 36.8532, 359.025, 0.0856, 0.0856 
2.070128, -0.008660798, -0.1566635, 0.09054199, 359.9242, 36.85226, 359.0558, 0.0856, 0.0856 
2.086752, -0.009596754, -0.156739, 0.09037443, 359.9793, 36.77982, 358.9421, 0.0856, 0.0856 
2.103465, -0.009688556, -0.1570337, 0.08996646, 0.07958648, 36.83517, 359.068, 0.0856, 0.0856 
2.120203, -0.00948299, -0.156815, 0.09029484, 359.9198, 36.87503, 359.1024, 0.0856, 0.0856 
2.136733, -0.009275538, -0.1565891, 0.09051383, 359.8106, 36.94836, 359.2545, 0.0856, 0.0856 
2.153357, -0.009216599, -0.1567297, 0.09078873, 359.7846, 36.87974, 359.1858, 0.0856, 0.0856 
2.170136, -0.009196606, -0.1571009, 0.0911556, 359.6514, 36.79381, 359.1297, 0.0856, 0.0856 
2.186787, -0.009633666, -0.1571653, 0.09122469, 359.7442, 36.66943, 359.0334, 0.0856, 0.0856 
2.203355, -0.009552606, -0.1576329, 0.09143755, 359.593, 36.72193, 359.0066, 0.0856, 0.0856 
2.220092, -0.009728713, -0.1584262, 0.09170961, 359.4861, 36.70826, 358.8396, 0.0856, 0.0856 
2.236761, -0.009547919, -0.15768, 0.09126076, 359.6737, 36.77938, 359.0929, 0.0856, 0.0856 
2.253382, -0.009278435, -0.1578823, 0.09078699, 359.78, 36.8506, 359.1588, 0.0856, 0.0856 
2.270069, -0.009321967, -0.1572695, 0.09073623, 0.1043998, 36.79972, 359.0628, 0.0856, 0.0856 
2.286753, -0.009461245, -0.1571933, 0.09080147, 0.2154346, 36.81496, 359.0803, 0.0856, 0.0856 
2.303408, -0.009407951, -0.1573243, 0.09107991, 359.9373, 36.81494, 359.0309, 0.0856, 0.0856 
2.320054, -0.009253073, -0.1574761, 0.09123263, 359.7582, 36.7942, 358.9894, 0.0856, 0.0856 
2.336952, -0.009142874, -0.157484, 0.09125791, 359.6872, 36.77581, 358.9724, 0.0856, 0.0856 
2.35337, -0.009062435, -0.1576302, 0.09132997, 359.6308, 36.75639, 358.9602, 0.0856, 0.0856 
2.37007, -0.009224297, -0.1579242, 0.09147904, 359.5798, 36.79226, 358.9043, 0.0856, 0.0856 
2.386756, -0.00982126, -0.1583834, 0.09134865, 359.5739, 36.80235, 358.9455, 0.0856, 0.0856 
2.403406, -0.009846885, -0.1586503, 0.09122954, 359.5569, 36.83293, 359.0296, 0.0856, 0.0856 
2.420075, -0.009684604, -0.1584564, 0.09141904, 359.4488, 36.87022, 359.0764, 0.0856, 0.0856 
2.436769, -0.009623177, -0.1580052, 0.09156714, 359.3926, 36.86604, 359.0672, 0.0856, 0.0856 
2.453505, -0.009639591, -0.1577871, 0.09146048, 359.4525, 36.8847, 359.0979, 0.0856, 0.0856 
2.470117, -0.009009866, -0.1571765, 0.0910425, 359.4566, 37.0652, 359.2308, 0.0856, 0.0856 
2.486705, -0.009582121, -0.1561848, 0.09015122, 359.7525, 37.13503, 359.4146, 0.0856, 0.0856 
2.503519, -0.009554386, -0.1572646, 0.09077451, 359.545, 37.08828, 359.3533, 0.0856, 0.0856 
2.520096, -0.009670485, -0.157744, 0.0911331, 359.4609, 37.03585, 359.3021, 0.0856, 0.0856 
2.537323, -0.009778447, -0.1579159, 0.09119141, 359.4885, 37.03467, 359.2764, 0.0856, 0.0856 
2.553435, -0.009864338, -0.1576634, 0.09093214, 359.5659, 37.04222, 359.2664, 0.0856, 0.0856 
2.570064, -0.009328563, -0.1580261, 0.09110613, 359.4623, 37.17825, 359.244, 0.0856, 0.0856 
2.586802, -0.009303145, -0.1579971, 0.09089501, 359.8182, 37.17743, 359.2666, 0.0856, 0.0856 
2.603467, -0.009316135, -0.1578549, 0.0907203, 0.07685956, 37.17726, 359.2824, 0.0856, 0.0856 
2.62009, -0.00936234, -0.1575268, 0.0903906, -0.005077352, 37.18535, 359.2994, 0.0856, 0.0856 
2.63675, -0.009423856, -0.1576183, 0.09046708, 0.0975453, 37.19911, 359.2486, 0.0856, 0.0856 
2.653411, -0.009415034, -0.1573805, 0.09023839, 0.02104792, 37.20155, 359.2959, 0.0856, 0.0856 
2.670091, -0.008948956, -0.1577183, 0.09082368, 359.9176, 37.32935, 359.2848, 0.0856, 0.0856 
2.686756, -0.009132545, -0.1576692, 0.09074259, 0.05011515, 37.26688, 359.292, 0.0856, 0.0856 
2.703477, -0.009099159, -0.1581198, 0.09076004, 0.1497142, 37.22689, 359.3781, 0.0856, 0.0856 
2.720113, -0.009219546, -0.1578251, 0.090765, 0.1389637, 37.20498, 359.242, 0.0856, 0.0856 
2.736767, -0.00900333, -0.1587966, 0.09149028, 359.9049, 37.19082, 359.149, 0.0856, 0.0856 
2.75342, -0.008651942, -0.159789, 0.09210126, 359.8078, 37.18147, 359.1504, 0.0856, 0.0856 
2.770093, -0.007718239, -0.1609017, 0.09287743, 359.6404, 37.25349, 359.2027, 0.0856, 0.0856 
2.786732, -0.008410323, -0.1594657, 0.09214769, 359.6996, 37.29495, 359.1928, 0.0856, 0.0856 
2.803428, -0.00834626, -0.1599872, 0.09249926, 359.4479, 37.23972, 359.0742, 0.0856, 0.0856 
2.820092, -0.008170437, -0.160716, 0.09254888, 359.4185, 37.26195, 359.0363, 0.0856, 0.0856 
2.836788, -0.008252796, -0.1595512, 0.09220795, 359.62, 37.37067, 359.1656, 0.0856, 0.0856 
2.853469, -0.007552367, -0.1628433, 0.09448206, 359.506, 37.34202, 359.1125, 0.0856, 0.0856 
2.870141, -0.007800408, -0.1598333, 0.09271295, 359.5054, 37.40646, 359.264, 0.0856, 0.0856 
2.886752, -0.008581258, -0.1579635, 0.09160389, 359.4322, 37.41206, 359.3493, 0.0856, 0.0856 
2.903439, -0.008831251, -0.15734, 0.09116312, 359.4063, 37.40841, 359.3002, 0.0856, 0.0856 
2.920093, -0.008773897, -0.1575486, 0.09075983, 359.4646, 37.44632, 359.313, 0.0856, 0.0856 
2.936786, -0.008431219, -0.1575459, 0.09083707, 359.7733, 37.34467, 359.1188, 0.0856, 0.0856 
2.95346, -0.008290824, -0.1575144, 0.09108779, 359.7618, 37.31026, 359.1093, 0.0856, 0.0856 
2.97008, -0.008564018, -0.1568236, 0.09109105, 359.5411, 37.33329, 359.2032, 0.0856, 0.0856 
2.986752, -0.009108827, -0.1563415, 0.09077442, 359.3749, 37.28591, 359.2122, 0.0856, 0.0856 
3.003438, -0.009262864, -0.1561835, 0.09079193, 359.2505, 37.26939, 359.2635, 0.0856, 0.0856 
3.020143, -0.009222683, -0.1562325, 0.09090947, 359.209, 37.26325, 359.3017, 0.0856, 0.0856 
3.036765, -0.00919617, -0.1564186, 0.09103896, 359.1919, 37.292, 359.3337, 0.0856, 0.0856 
3.053457, -0.009291727, -0.156442, 0.09102134, 359.2198, 37.32331, 359.3647, 0.0856, 0.0856 
3.070106, -0.009274766, -0.1562904, 0.09079994, 359.2214, 37.39937, 359.3654, 0.0856, 0.0856 
3.086757, -0.009588454, -0.1566891, 0.09057927, 359.2221, 37.39134, 359.3317, 0.0856, 0.0856 
3.103442, -0.009566646, -0.1565451, 0.09049132, 359.1789, 37.40855, 359.3523, 0.0856, 0.0856 
3.120114, -0.0096162, -0.1563069, 0.09037067, 359.1841, 37.43845, 359.4213, 0.0856, 0.0856 
3.136794, -0.009671655, -0.1561416, 0.09021609, 359.2191, 37.44805, 359.467, 0.0856, 0.0856 
3.15346, -0.009656519, -0.1563, 0.09024336, 359.2548, 37.45723, 359.5079, 0.0856, 0.0856 
3.170087, -0.009740788, -0.1569413, 0.09065359, 359.302, 37.45489, 359.5111, 0.0856, 0.0856 
3.186782, -0.009708509, -0.1578766, 0.09121997, 359.3457, 37.44911, 359.5487, 0.0856, 0.0856 
3.203466, -0.009812556, -0.1568114, 0.09060723, 359.1824, 37.47909, 359.5926, 0.0856, 0.0856 
3.220138, -0.009865001, -0.1561938, 0.09017111, 359.1362, 37.48423, 359.5548, 0.0856, 0.0856 
3.236782, -0.00987301, -0.1560495, 0.08999956, 359.1343, 37.47129, 359.5022, 0.0856, 0.0856 
3.253447, -0.009621248, -0.1564983, 0.09012791, 359.1374, 37.50794, 359.5029, 0.0856, 0.0856 
3.270093, -0.009548418, -0.1567375, 0.09024844, 359.2866, 37.39664, 359.4958, 0.0856, 0.0856 
3.286793, -0.009133324, -0.1574906, 0.09077012, 359.3322, 37.41991, 359.5143, 0.0856, 0.0856 
3.303491, -0.009537458, -0.1566238, 0.09010313, 359.1875, 37.05, 359.6663, 0.0856, 0.0856 
3.320094, -0.009897307, -0.1559572, 0.08867618, 359.1477, 36.4767, 359.6393, 0.0856, 0.0856 
3.336792, -0.01019256, -0.1558445, 0.08764635, 359.2006, 35.77822, 359.6026, 0.0856, 0.0856 
3.353472, -0.01049959, -0.1559746, 0.08721983, 359.2243, 35.16057, 359.6663, 0.0856, 0.0856 
3.370127, -0.01074979, -0.1559578, 0.08669927, 359.1554, 34.57172, 359.6119, 0.0856, 0.0856 
3.386794, -0.01086043, -0.1560817, 0.08645268, 359.1394, 34.08511, 359.6099, 0.0856, 0.0856 
3.403459, -0.01095318, -0.1561034, 0.08585978, 359.1188, 33.60696, 359.6066, 0.0856, 0.0856 
3.420158, -0.01097413, -0.1562171, 0.0850922, 359.1076, 33.05564, 359.6512, 0.0856, 0.0856 
3.436768, -0.01101455, -0.1562477, 0.08414224, 359.0901, 32.44053, 359.7321, 0.0856, 0.0856 
3.45353, -0.01105531, -0.1563431, 0.08317088, 359.0536, 31.78573, 359.6917, 0.0856, 0.0856 
3.470149, -0.01115765, -0.1565495, 0.08231926, 359.0475, 31.22539, 359.6609, 0.0856, 0.0856 
3.486863, -0.01123136, -0.1570305, 0.08165502, 359.0763, 30.83582, 359.6602, 0.0856, 0.0856 
3.503441, -0.01120597, -0.1573345, 0.08080927, 359.1074, 30.50801, 359.7108, 0.0856, 0.0856 
3.520194, -0.01105596, -0.157616, 0.08017489, 359.0196, 30.30935, 359.7896, 0.0856, 0.0856 
3.536863, -0.01093345, -0.157648, 0.07967136, 358.9771, 30.12935, 359.8159, 0.0856, 0.0856 
3.553572, -0.01078776, -0.1575912, 0.07927178, 358.9603, 29.95646, 359.8067, 0.0856, 0.0856 
3.570186, -0.01046607, -0.1572687, 0.07874985, 358.9669, 29.88458, 359.7513, 0.0856, 0.0856 
3.586801, -0.0101297, -0.1568375, 0.07812465, 359.0389, 29.88819, 359.6423, 0.0856, 0.0856 
3.603522, -0.009525776, -0.1568355, 0.07783772, 359.0765, 30.00683, 359.6072, 0.0856, 0.0856 
3.620117, -0.00896778, -0.1568538, 0.07770669, 359.0776, 30.13536, 359.6371, 0.0856, 0.0856 
3.636894, -0.008725584, -0.1570664, 0.0776975, 359.0774, 30.10213, 359.5427, 0.0856, 0.0856 
3.653522, -0.009130813, -0.1570489, 0.07747403, 359.1204, 29.94804, 359.5065, 0.0856, 0.0856 
3.670156, -0.009440824, -0.157646, 0.07755648, 359.1661, 29.64407, 359.4812, 0.0856, 0.0856 
3.68677, -0.009374827, -0.1572783, 0.0768138, 359.3391, 29.47622, 359.57, 0.0856, 0.0856 
3.703611, -0.008502662, -0.1572684, 0.07642674, 359.4178, 29.3588, 359.705, 0.0856, 0.0856 
3.720114, -0.007414885, -0.1574655, 0.0763592, 359.8684, 29.15944, 359.99, 0.0856, 0.0856 
3.737006, -0.006238438, -0.1576186, 0.07604177, 0.4388254, 28.95264, 0.5654972, 0.0856, 0.0856 
3.753524, -0.00527288, -0.1570549, 0.07494722, 1.013827, 28.87643, 1.518492, 0.0856, 0.0856 
3.770195, -0.003741995, -0.1570026, 0.07393485, 1.346012, 28.91617, 2.470085, 0.0856, 0.0856 
3.786826, -0.001853347, -0.1575509, 0.07337183, 1.57006, 29.14165, 3.417925, 0.0856, 0.0856 
3.803636, 0.0005128011, -0.1578767, 0.07263659, 1.958451, 29.46985, 4.677556, 0.0856, 0.0856 
3.820159, 0.002645314, -0.1570266, 0.07118933, 2.622758, 29.8327, 6.269618, 0.0856, 0.0856 
3.836822, 0.004370995, -0.1553893, 0.06907192, 3.500415, 30.18017, 8.137175, 0.0856, 0.0856 
3.853467, 0.006109141, -0.1533593, 0.06681208, 4.718621, 30.54544, 10.16586, 0.0856, 0.0856 
3.870252, 0.008817405, -0.1540669, 0.06574321, 5.098913, 30.84686, 12.27029, 0.0856, 0.0856 
3.886824, 0.009594768, -0.1510973, 0.06331787, 5.975788, 31.17528, 14.53045, 0.0856, 0.0856 
3.903498, 0.01082328, -0.1483994, 0.06117592, 7.317953, 31.70187, 17.08612, 0.0856, 0.0856 
3.920159, 0.0129028, -0.1469613, 0.05963084, 8.132706, 32.28311, 19.92729, 0.0856, 0.0856 
3.936833, 0.01465862, -0.1438585, 0.05753733, 9.336028, 33.06162, 22.58056, 0.0856, 0.0856 
3.953492, 0.01684437, -0.1411597, 0.05613834, 10.17847, 33.82315, 25.17417, 0.0856, 0.0856 
3.97014, 0.01895494, -0.1385756, 0.05557321, 10.56991, 34.29949, 27.62824, 0.0856, 0.0856 
3.98684, 0.02101441, -0.1362184, 0.05544725, 10.60785, 34.57668, 29.82558, 0.0856, 0.0856 
4.003507, 0.02219122, -0.1329073, 0.05500533, 10.36748, 34.60253, 31.65515, 0.0856, 0.0856 
4.020168, 0.02293821, -0.1294052, 0.0548675, 9.845558, 34.33683, 32.94693, 0.0856, 0.0856 
4.036843, 0.02304666, -0.1260718, 0.05506599, 9.130767, 33.7552, 33.93128, 0.0856, 0.0856 
4.053483, 0.02277184, -0.1233185, 0.05564554, 8.335421, 32.95105, 35.0211, 0.0856, 0.0856 
4.070148, 0.02335752, -0.1219083, 0.05669244, 7.312571, 31.82536, 36.12347, 0.0856, 0.0856 
4.086899, 0.02207786, -0.1186794, 0.05705069, 6.183667, 30.73328, 37.28168, 0.0856, 0.0856 
4.103527, 0.02184466, -0.1174308, 0.05834918, 4.744611, 29.39416, 38.60096, 0.0856, 0.0856 
4.120246, 0.02086179, -0.1153556, 0.05889955, 3.683329, 28.50826, 39.33441, 0.0856, 0.0856 
4.136897, 0.02057777, -0.1145239, 0.05956409, 3.018667, 27.86083, 40.28244, 0.0856, 0.0856 
4.15352, 0.02004515, -0.113499, 0.06002161, 1.738954, 27.21703, 40.62521, 0.0856, 0.0856 
4.170238, 0.02017343, -0.1132179, 0.06057215, 0.2816918, 26.38309, 40.66785, 0.0856, 0.0856 
4.186876, 0.02020687, -0.1130702, 0.06037211, 359.1376, 25.53277, 40.43217, 0.0856, 0.0856 
4.203493, 0.02050545, -0.114075, 0.06057835, 358.1403, 24.83683, 39.86442, 0.0856, 0.0856 
4.220156, 0.02029195, -0.1148799, 0.06012361, 357.713, 24.46038, 38.83686, 0.0856, 0.0856 
4.236846, 0.01986527, -0.1158586, 0.05946426, 357.9054, 24.51488, 37.60665, 0.0856, 0.0856 
4.254047, 0.02012496, -0.1177092, 0.05919187, 358.1821, 24.65417, 35.87744, 0.0856, 0.0856 
4.270185, 0.02026197, -0.1196184, 0.05876859, 358.4894, 24.79654, 33.82691, 0.0856, 0.0856 
4.286853, 0.01994252, -0.1214658, 0.05781773, 359.3457, 25.10029, 31.82702, 0.0856, 0.0856 
4.30353, 0.02003271, -0.1235439, 0.05711015, 0.19508, 25.54682, 29.99942, 0.0856, 0.0856 
4.320175, 0.02020445, -0.1260179, 0.05661397, 0.9842352, 26.04117, 28.28621, 0.0856, 0.0856 
4.336893, 0.01986881, -0.1282751, 0.05587521, 1.731348, 26.42425, 26.6318, 0.0856, 0.0856 
4.353504, 0.0201491, -0.1305325, 0.05558452, 2.141603, 26.60084, 25.36222, 0.0856, 0.0856 
4.370196, 0.02018094, -0.1346389, 0.05600272, 2.931007, 26.77664, 23.68583, 0.0856, 0.0856 
4.386926, 0.02063398, -0.1381239, 0.05626727, 3.414, 26.87753, 22.46693, 0.0856, 0.0856 
4.403581, 0.01857081, -0.138815, 0.05508137, 3.949309, 27.24475, 20.66539, 0.0856, 0.0856 
4.420198, 0.01842447, -0.142415, 0.05570038, 4.088187, 27.17828, 18.55177, 0.0856, 0.0856 
4.437015, 0.01698006, -0.1434273, 0.05543054, 4.261837, 27.32816, 16.44114, 0.0856, 0.0856 
4.453604, 0.01599017, -0.1450524, 0.05549388, 4.310193, 27.46402, 14.51284, 0.0856, 0.0856 
4.470263, 0.01532441, -0.1468977, 0.05602693, 4.272197, 27.6016, 12.67002, 0.0856, 0.0856 
4.486926, 0.01425889, -0.1489701, 0.05683011, 3.842841, 27.61922, 10.37131, 0.0856, 0.0856 
4.503602, 0.01285566, -0.1508683, 0.05803692, 2.993013, 27.67965, 7.85391, 0.0856, 0.0856 
4.520202, 0.0110584, -0.1524154, 0.05935334, 2.217103, 27.85067, 5.285243, 0.0856, 0.0856 
4.536884, 0.009041101, -0.1538787, 0.06112891, 1.332893, 28.01403, 2.96303, 0.0856, 0.0856 
4.553655, 0.006759856, -0.1548382, 0.06306096, 0.5481182, 28.15066, 1.005905, 0.0856, 0.0856 
4.570196, 0.004403852, -0.1545419, 0.06444872, 0.3174479, 28.2972, 359.628, 0.0856, 0.0856 
4.586951, 0.002637822, -0.1548708, 0.06598827, 0.2220022, 28.50967, 358.9353, 0.0856, 0.0856 
4.603512, 0.001232579, -0.1544767, 0.067311, 0.1962062, 28.95521, 358.8015, 0.0856, 0.0856 
4.620276, -3.753975E-05, -0.1540392, 0.06866425, 0.09254654, 29.39993, 358.5774, 0.0856, 0.0856 
4.636859, -0.001077354, -0.1536928, 0.07034227, 359.9818, 29.787, 358.541, 0.0856, 0.0856 
4.65355, -0.00218289, -0.1532426, 0.07218187, 0.1103254, 30.02703, 358.6568, 0.0856, 0.0856 
4.670214, -0.003400575, -0.1527006, 0.07408039, 0.1933206, 30.31028, 358.915, 0.0856, 0.0856 
4.686939, -0.003923889, -0.1524824, 0.07613993, 0.2242389, 30.61609, 359.0456, 0.0856, 0.0856 
4.703543, -0.003987115, -0.1527791, 0.07818765, 0.3009652, 30.8339, 359.008, 0.0856, 0.0856 
4.720217, -0.0036969, -0.1531496, 0.08009304, 0.3260866, 31.09925, 358.9796, 0.0856, 0.0856 
4.736952, -0.00331315, -0.1534669, 0.08172367, 0.2381006, 31.40704, 358.8647, 0.0856, 0.0856 
4.753594, -0.003725324, -0.1529949, 0.08304924, 0.2644644, 31.43137, 358.9645, 0.0856, 0.0856 
4.770217, -0.005167894, -0.1528027, 0.08430915, 0.3250783, 31.26831, 359.0803, 0.0856, 0.0856 
4.786874, -0.006985158, -0.1527455, 0.08564358, 0.3276909, 30.99087, 359.2617, 0.0856, 0.0856 
4.803664, -0.008234285, -0.1524218, 0.08601751, 0.3567085, 30.79215, 359.3937, 0.0856, 0.0856 
4.820282, -0.008803982, -0.1525949, 0.08637398, 0.4384815, 30.63013, 359.5062, 0.0856, 0.0856 
4.837014, -0.00880333, -0.1527523, 0.08647321, 0.4963894, 30.64921, 359.6151, 0.0856, 0.0856 
4.853616, -0.008688651, -0.1524047, 0.08601148, 0.4570017, 30.8375, 359.7325, 0.0856, 0.0856 
4.870228, -0.008630399, -0.1525943, 0.08532099, 0.5156639, 31.04648, 359.7015, 0.0856, 0.0856 
4.886889, -0.007883281, -0.1529441, 0.08518483, 0.5916486, 31.10521, 359.8061, 0.0856, 0.0856 
4.903535, -0.007496882, -0.1534886, 0.085386, 0.6376112, 31.17574, 359.873, 0.0856, 0.0856 
4.920228, -0.008309636, -0.1529214, 0.08471477, 0.5584037, 31.09401, 359.7623, 0.0856, 0.0856 
4.936906, -0.009133849, -0.1525092, 0.08381923, 0.5201763, 30.90177, 359.6684, 0.0856, 0.0856 
4.953537, -0.009741385, -0.152431, 0.0830531, 0.4688311, 30.75705, 359.6725, 0.0856, 0.0856 
4.970278, -0.01018354, -0.152762, 0.08221415, 0.4695972, 30.69897, 359.6417, 0.0856, 0.0856 
4.98701, -0.009562526, -0.1527098, 0.08202719, 0.3841424, 30.76081, 359.6463, 0.0856, 0.0856 
5.003623, -0.008997899, -0.1527331, 0.08178034, 0.3281739, 30.88964, 359.6284, 0.0856, 0.0856 
5.020222, -0.00833923, -0.1532794, 0.08191916, 0.3063163, 31.03189, 359.591, 0.0856, 0.0856 
5.036941, -0.007507417, -0.1540077, 0.08211711, 0.2483739, 31.24834, 359.5984, 0.0856, 0.0856 
5.053629, -0.006613847, -0.1544279, 0.08189631, 0.2351374, 31.56645, 359.6423, 0.0856, 0.0856 
5.070308, -0.005985864, -0.1557339, 0.08141907, 0.2815693, 31.93843, 359.7177, 0.0856, 0.0856 
5.086943, -0.004178688, -0.156341, 0.0813093, 0.1786232, 32.39957, 359.8178, 0.0856, 0.0856 
5.103652, -0.002200685, -0.1574269, 0.08090088, 0.03835185, 32.89679, 359.9323, 0.0856, 0.0856 
5.120358, 2.899021E-05, -0.1582208, 0.07991181, 359.8705, 33.42025, 0.02017516, 0.0856, 0.0856 
5.136949, 0.002608374, -0.1590518, 0.0787432, 359.6888, 33.94136, 0.1690877, 0.0856, 0.0856 
5.15367, 0.005672649, -0.1598352, 0.07721364, 359.5071, 34.53724, 0.3940661, 0.0856, 0.0856 
5.170277, 0.00856939, -0.1612383, 0.07471555, 359.5508, 35.09038, 0.5746718, 0.0856, 0.0856 
5.186911, 0.01312489, -0.161328, 0.07226686, 359.4715, 35.70721, 0.6287048, 0.0856, 0.0856 
5.203645, 0.01755817, -0.1609622, 0.06911483, 359.5117, 36.36555, 0.6641858, 0.0856, 0.0856 
5.220248, 0.02224635, -0.1609337, 0.06598678, 359.486, 37.02254, 0.6165476, 0.0856, 0.0856 
5.237082, 0.02685437, -0.1608005, 0.06287724, 359.4368, 37.67104, 0.4944849, 0.0856, 0.0856 
5.253634, 0.03133928, -0.160641, 0.05993548, 359.4375, 38.23978, 0.333481, 0.0856, 0.0856 
5.270317, 0.03476012, -0.1606154, 0.05632812, 359.7039, 38.70839, 0.2302664, 0.0856, 0.0856 
5.286965, 0.03898968, -0.158891, 0.05320805, 0.04519276, 39.31704, 0.1191865, 0.0856, 0.0856 
5.303551, 0.043175, -0.1582554, 0.05106963, 0.2789599, 39.83723, 359.9394, 0.0856, 0.0856 
5.320258, 0.04705598, -0.1579953, 0.04966678, 0.3687707, 40.31927, 359.7663, 0.0856, 0.0856 
5.336896, 0.05010967, -0.1571524, 0.04839142, 0.607751, 40.79562, 359.6424, 0.0856, 0.0856 
5.35358, 0.05281939, -0.1563445, 0.04779421, 0.7679029, 41.24453, 359.4259, 0.0856, 0.0856 
5.370301, 0.05472878, -0.1565985, 0.0478676, 0.9621882, 41.57281, 359.2838, 0.0856, 0.0856 
5.38695, 0.05667312, -0.1563248, 0.04947379, 0.9950005, 41.94086, 359.2011, 0.0856, 0.0856 
5.403668, 0.05783273, -0.1562726, 0.05169335, 0.9164017, 42.25028, 359.2348, 0.0856, 0.0856 
5.420326, 0.05833372, -0.1568055, 0.05469009, 0.7657307, 42.48751, 359.3873, 0.0856, 0.0856 
5.436917, 0.05793014, -0.1572441, 0.05793092, 0.6490699, 42.74865, 359.5565, 0.0856, 0.0856 
5.453638, 0.05647282, -0.1577415, 0.06153135, 0.4547655, 42.96864, 359.5849, 0.0856, 0.0856 
5.470266, 0.054161, -0.1590422, 0.06497592, 0.3690109, 43.05907, 359.6579, 0.0856, 0.0856 
5.486948, 0.05082981, -0.1594134, 0.06897305, 0.2585008, 43.02768, 359.7568, 0.0856, 0.0856 
5.503611, 0.04622879, -0.1594315, 0.07250236, 0.2290757, 42.84321, 359.9228, 0.0856, 0.0856 
5.520279, 0.04034787, -0.1589111, 0.07518491, 0.3304169, 42.42347, 0.06011897, 0.0856, 0.0856 
5.536983, 0.03421561, -0.1590659, 0.07775815, 0.379273, 41.72705, 0.11791, 0.0856, 0.0856 
5.553672, 0.02765845, -0.1584001, 0.07915457, 0.5097388, 40.86663, 0.08032276, 0.0856, 0.0856 
5.570263, 0.02133283, -0.1581445, 0.07943198, 0.8042831, 39.87612, 359.9375, 0.0856, 0.0856 
5.586926, 0.01577702, -0.1577174, 0.0792883, 1.046656, 38.85664, 359.6639, 0.0856, 0.0856 
5.603618, 0.01102038, -0.1575616, 0.07833047, 1.103249, 37.95503, 359.5664, 0.0856, 0.0856 
5.620338, 0.007363081, -0.1575898, 0.0767087, 1.05383, 37.27167, 359.5449, 0.0856, 0.0856 
5.636915, 0.004931182, -0.1574892, 0.0744075, 1.014467, 36.76878, 359.5229, 0.0856, 0.0856 
5.65362, 0.00375329, -0.1574553, 0.07169837, 0.9794741, 36.41741, 359.4431, 0.0856, 0.0856 
5.670291, 0.003898293, -0.1588074, 0.06944779, 0.7959803, 36.14961, 359.3545, 0.0856, 0.0856 
5.686976, 0.00542099, -0.160427, 0.06724842, 0.4016501, 36.08126, 359.3332, 0.0856, 0.0856 
5.703606, 0.007251546, -0.1609679, 0.06384143, 0.08578995, 36.14517, 359.4778, 0.0856, 0.0856 
5.720319, 0.009779699, -0.1613885, 0.06013089, 359.9574, 36.34795, 359.8324, 0.0856, 0.0856 
5.736965, 0.01282, -0.1613456, 0.05634145, 359.9471, 36.61874, 0.05577849, 0.0856, 0.0856 
5.753678, 0.01576791, -0.1601756, 0.05225083, 0.120907, 36.85392, -0.0005700852, 0.0856, 0.0856 
5.770326, 0.01936424, -0.1602386, 0.04939701, 0.08519232, 37.04188, 359.7975, 0.0856, 0.0856 
5.786942, 0.02295895, -0.1602688, 0.04694852, 0.0971989, 37.21038, 359.6463, 0.0856, 0.0856 
5.80383, 0.02698937, -0.1602204, 0.04493065, 0.1515904, 37.51394, 359.6439, 0.0856, 0.0856 
5.820307, 0.03100852, -0.1596857, 0.04329598, 0.3002627, 37.8519, 359.5716, 0.0856, 0.0856 
5.836993, 0.03439344, -0.1579524, 0.04192781, 0.6779649, 38.31925, 359.432, 0.0856, 0.0856 
5.853636, 0.03777698, -0.1573029, 0.04210666, 0.8394825, 38.77065, 359.2747, 0.0856, 0.0856 
5.870389, 0.04058304, -0.1571396, 0.04343589, 0.9716388, 39.18567, 359.0545, 0.0856, 0.0856 
5.886939, 0.04286592, -0.1572964, 0.0456471, 1.026864, 39.63801, 359.0491, 0.0856, 0.0856 
5.903615, 0.04408046, -0.1568155, 0.04797117, 1.105588, 40.02856, 359.0908, 0.0856, 0.0856 
5.92033, 0.04464927, -0.157366, 0.05134912, 1.075348, 40.26812, 359.3609, 0.0856, 0.0856 
5.936996, 0.04379972, -0.1578125, 0.05515948, 0.9537561, 40.32163, 359.6244, 0.0856, 0.0856 
5.953657, 0.04183226, -0.1581255, 0.05893585, 0.8403096, 40.16495, 359.8353, 0.0856, 0.0856 
5.970251, 0.03943976, -0.1584822, 0.06239153, 0.7351091, 39.8399, 359.9353, 0.0856, 0.0856 
5.987014, 0.03658181, -0.1585832, 0.06538205, 0.7461761, 39.37571, 0.07076102, 0.0856, 0.0856 
6.003615, 0.03337409, -0.1586757, 0.06782797, 0.8769017, 38.70479, 359.9902, 0.0856, 0.0856 
6.020278, 0.03033151, -0.1591665, 0.06967432, 1.221938, 38.09402, 359.8636, 0.0856, 0.0856 
6.037029, 0.02779055, -0.1588483, 0.07071524, 1.227889, 37.55009, 359.6442, 0.0856, 0.0856 
6.053681, 0.0260016, -0.1582855, 0.07175428, 1.249744, 37.1663, 359.5227, 0.0856, 0.0856 
6.070342, 0.02501783, -0.1585345, 0.07313628, 1.444757, 36.91146, 359.4661, 0.0856, 0.0856 
6.087049, 0.02436358, -0.158182, 0.07433643, 1.245047, 36.65427, 359.6566, 0.0856, 0.0856 
6.103676, 0.02399875, -0.1586781, 0.07554246, 0.9175009, 36.42597, 359.7262, 0.0856, 0.0856 
6.120354, 0.02359099, -0.1588989, 0.07593732, 0.8408028, 36.21198, 359.6743, 0.0856, 0.0856 
6.137043, 0.02335685, -0.1588318, 0.07555345, 0.9671913, 36.11108, 359.6545, 0.0856, 0.0856 
6.153612, 0.02355181, -0.1590147, 0.07532603, 0.9855958, 36.11504, 359.6032, 0.0856, 0.0856 
6.170321, 0.02353614, -0.1585552, 0.07516832, 1.105312, 36.206, 359.5885, 0.0856, 0.0856 
6.186959, 0.02363884, -0.1584883, 0.07581009, 1.093013, 36.3685, 359.5897, 0.0856, 0.0856 
6.203641, 0.02390787, -0.1590387, 0.07708966, 1.088286, 36.40466, 359.529, 0.0856, 0.0856 
6.220377, 0.02346603, -0.1589367, 0.07772258, 0.9026549, 36.59859, 359.5809, 0.0856, 0.0856 
6.237051, 0.02331132, -0.1585719, 0.07782186, 0.8648084, 36.70091, 359.5786, 0.0856, 0.0856 
6.253626, 0.02331685, -0.1582825, 0.07790661, 0.8913972, 36.83699, 359.5979, 0.0856, 0.0856 
6.270471, 0.02355976, -0.1585255, 0.07829907, 0.8063777, 36.97182, 359.6134, 0.0856, 0.0856 
6.286979, 0.0226054, -0.1553641, 0.07842334, 0.7767918, 37.94112, 359.6123, 0.0856, 0.0856 
6.3037, 0.02219246, -0.1542922, 0.07835808, 0.8276684, 38.24054, 359.5719, 0.0856, 0.0856 
6.320306, 0.02220874, -0.1546342, 0.07872838, 0.8026748, 38.40239, 359.5525, 0.0856, 0.0856 
6.337024, 0.02257064, -0.1554242, 0.07945286, 0.7577679, 38.50191, 359.5829, 0.0856, 0.0856 
6.353832, 0.02223603, -0.1541704, 0.07883945, 0.6943057, 38.57334, 359.8085, 0.0856, 0.0856 
6.370327, 0.02192853, -0.1533476, 0.07822599, 0.6481258, 38.62016, 359.7889, 0.0856, 0.0856 
6.38699, 0.0212867, -0.1530411, 0.07784718, 0.6568422, 38.68187, 359.7018, 0.0856, 0.0856 
6.403639, 0.0210689, -0.1534186, 0.07770093, 0.8458073, 38.59219, 359.6238, 0.0856, 0.0856 
6.420392, 0.02096259, -0.1535157, 0.07744212, 0.9370223, 38.57274, 359.5558, 0.0856, 0.0856 
6.437062, 0.02092575, -0.153372, 0.0772764, 0.9293426, 38.58753, 359.5045, 0.0856, 0.0856 
6.453743, 0.02079857, -0.1538084, 0.07724059, 1.055891, 38.60066, 359.4624, 0.0856, 0.0856 
6.470327, 0.02081373, -0.1537492, 0.0774893, 0.9330359, 38.59325, 359.4345, 0.0856, 0.0856 
6.486971, 0.022234, -0.1546849, 0.07869486, 0.8219491, 38.38272, 359.3579, 0.0856, 0.0856 
6.503637, 0.02256592, -0.1547977, 0.07875308, 0.7971084, 38.31255, 359.1289, 0.0856, 0.0856 
6.520363, 0.02270617, -0.1545639, 0.07855095, 0.7424771, 38.32952, 359.1316, 0.0856, 0.0856 
6.537001, 0.02287049, -0.1543545, 0.07852671, 0.6493613, 38.38885, 359.219, 0.0856, 0.0856 
6.553641, 0.02302941, -0.1541752, 0.07849405, 0.6455849, 38.36561, 359.3716, 0.0856, 0.0856 
6.570371, 0.02322656, -0.1541625, 0.07858159, 0.6746771, 38.38129, 359.4413, 0.0856, 0.0856 
6.587041, 0.02227865, -0.1526462, 0.07781497, 0.7243194, 38.58339, 359.5881, 0.0856, 0.0856 
6.603697, 0.02191169, -0.1524584, 0.07795784, 0.6869007, 38.58745, 359.5865, 0.0856, 0.0856 
6.62038, 0.02179816, -0.1521785, 0.07804812, 0.6640064, 38.62429, 359.4868, 0.0856, 0.0856 
6.637063, 0.02198318, -0.1521398, 0.0781935, 0.7066744, 38.63885, 359.3492, 0.0856, 0.0856 
6.653723, 0.02274563, -0.1536437, 0.0792737, 0.6786575, 38.55595, 359.1998, 0.0856, 0.0856 
6.670359, 0.02269345, -0.1534265, 0.07930185, 0.7834716, 38.51083, 359.1338, 0.0856, 0.0856 
6.687026, 0.02181362, -0.1538371, 0.07922904, 0.7530419, 38.65319, 359.0712, 0.0856, 0.0856 
6.703714, 0.02077307, -0.1526721, 0.07825747, 0.8127895, 38.71082, 359.087, 0.0856, 0.0856 
6.720356, 0.02033757, -0.1520264, 0.07762143, 0.7650042, 38.69753, 359.2306, 0.0856, 0.0856 
6.737039, 0.02035186, -0.1512103, 0.07703945, 0.804396, 38.72749, 359.3129, 0.0856, 0.0856 
6.753717, 0.02074278, -0.1515311, 0.07733306, 0.6826355, 38.74458, 359.3524, 0.0856, 0.0856 
6.770392, 0.02087915, -0.1517599, 0.07766332, 0.5933654, 38.74035, 359.3378, 0.0856, 0.0856 
6.787043, 0.02089218, -0.1516502, 0.0778337, 0.6092938, 38.73684, 359.1945, 0.0856, 0.0856 
6.803714, 0.02086055, -0.1520945, 0.07811671, 0.5348922, 38.69509, 359.1097, 0.0856, 0.0856 
6.820423, 0.02048123, -0.1514449, 0.07774721, 0.5455484, 38.65219, 359.0591, 0.0856, 0.0856 
6.837039, 0.02092482, -0.1517171, 0.07791983, 0.4378277, 38.67431, 358.9982, 0.0856, 0.0856 
6.853691, 0.02091, -0.1506723, 0.07724708, 0.5632699, 38.84542, 359.0893, 0.0856, 0.0856 
6.870429, 0.02066186, -0.1505605, 0.07689333, 0.6068184, 38.94489, 359.1825, 0.0856, 0.0856 
6.887024, 0.01949218, -0.1499316, 0.07613263, 0.8378665, 38.92959, 359.3004, 0.0856, 0.0856 
6.903816, 0.01937278, -0.151528, 0.0765153, 0.9090952, 38.8637, 359.1872, 0.0856, 0.0856 
6.920399, 0.01974732, -0.1529991, 0.07710959, 0.8585277, 38.77449, 358.8406, 0.0856, 0.0856 
6.937184, 0.01938443, -0.1512007, 0.07616708, 1.017804, 38.81359, 358.7267, 0.0856, 0.0856 
6.953666, 0.01944669, -0.1509944, 0.07627317, 0.9475681, 38.76103, 358.8114, 0.0856, 0.0856 
6.970339, 0.01982666, -0.1518195, 0.07677695, 0.8096682, 38.78771, 358.7808, 0.0856, 0.0856 
6.986998, 0.01969114, -0.1516422, 0.07600906, 1.154935, 38.84557, 358.4928, 0.0856, 0.0856 
7.003671, 0.01975646, -0.1511789, 0.07559633, 1.223438, 38.90945, 358.401, 0.0856, 0.0856 
7.020338, 0.01967671, -0.150173, 0.07539634, 1.068548, 38.96239, 358.5988, 0.0856, 0.0856 
7.037004, 0.02011456, -0.1509573, 0.07657565, 0.7096516, 38.90354, 358.7863, 0.0856, 0.0856 
7.053777, 0.02026802, -0.1511931, 0.07723187, 0.5331272, 38.8702, 358.9766, 0.0856, 0.0856 
7.070447, 0.02047575, -0.1513326, 0.07764009, 0.3934979, 38.86353, 359.0503, 0.0856, 0.0856 
7.087036, 0.02094614, -0.1526904, 0.07832985, 0.2238295, 38.81125, 359.074, 0.0856, 0.0856 
7.103677, 0.02065229, -0.1516579, 0.07763587, 0.4137375, 38.87379, 359.076, 0.0856, 0.0856 
7.120552, 0.02038021, -0.1512441, 0.07702307, 0.5617682, 38.93731, 359.164, 0.0856, 0.0856 
7.137109, 0.02035093, -0.1519065, 0.07688646, 0.6344111, 38.98724, 359.3063, 0.0856, 0.0856 
7.153761, 0.02012823, -0.1517286, 0.07660326, 0.8521666, 38.97016, 359.405, 0.0856, 0.0856 
7.170483, 0.02010641, -0.1519325, 0.07675502, 1.018908, 38.98086, 359.468, 0.0856, 0.0856 
7.187042, 0.0198533, -0.1512634, 0.07672723, 0.9656732, 38.95934, 359.3245, 0.0856, 0.0856 
7.203832, 0.02000177, -0.1518065, 0.07709613, 0.91497, 38.93757, 359.1683, 0.0856, 0.0856 
7.220376, 0.02000995, -0.1521309, 0.07695538, 0.9882424, 38.94345, 359.0951, 0.0856, 0.0856 
7.237075, 0.0203669, -0.1525676, 0.07700615, 0.928201, 38.96377, 358.9086, 0.0856, 0.0856 
7.253681, 0.02057224, -0.1524227, 0.07706517, 0.8725482, 39.01039, 358.8618, 0.0856, 0.0856 
7.270389, 0.02077614, -0.1523405, 0.07738176, 0.8075201, 39.09547, 359.085, 0.0856, 0.0856 
7.28704, 0.02005209, -0.1515971, 0.07707706, 0.8143919, 39.04966, 359.1668, 0.0856, 0.0856 
7.303719, 0.02012418, -0.1512779, 0.0770019, 0.7107495, 39.00793, 359.2238, 0.0856, 0.0856 
7.320364, 0.02061262, -0.1504788, 0.07703587, 0.6139916, 39.13071, 359.4919, 0.0856, 0.0856 
7.337073, 0.02215634, -0.1518256, 0.07914501, 0.8433752, 39.27405, 359.2918, 0.0856, 0.0856 
7.353702, 0.02378526, -0.1540805, 0.0822424, 1.200642, 39.18698, 358.6739, 0.0856, 0.0856 
7.370389, 0.02591775, -0.1583337, 0.08645749, 1.813572, 38.84816, 357.6595, 0.0856, 0.0856 
7.38705, 0.02623787, -0.1586937, 0.0867362, 2.212687, 38.58959, 357.2968, 0.0856, 0.0856 
7.4037, 0.02589856, -0.1582195, 0.08593813, 2.439673, 38.67302, 357.7393, 0.0856, 0.0856 
7.420368, 0.02495688, -0.1576259, 0.08417353, 2.052964, 38.8534, 358.2978, 0.0856, 0.0856 
7.437039, 0.02358773, -0.1565456, 0.08210355, 1.315069, 39.19247, 359.067, 0.0856, 0.0856 
7.453783, 0.02217979, -0.1556697, 0.08046836, 0.6113907, 39.27007, 359.5488, 0.0856, 0.0856 
7.470372, 0.02137545, -0.1548869, 0.0794884, 0.5113946, 39.22848, 359.6011, 0.0856, 0.0856 
7.487108, 0.02153981, -0.1568822, 0.08042985, 0.8502421, 39.01292, 358.9447, 0.0856, 0.0856 
7.503761, 0.02167723, -0.1582739, 0.08121359, 1.421923, 38.77108, 358.0848, 0.0856, 0.0856 
7.520422, 0.02206899, -0.1588608, 0.08198515, 1.819708, 38.58389, 357.4566, 0.0856, 0.0856 
7.537039, 0.02297811, -0.1604568, 0.08339357, 1.984521, 38.44688, 356.8546, 0.0856, 0.0856 
7.553735, 0.0239614, -0.1613929, 0.08434984, 2.035414, 38.41932, 356.4535, 0.0856, 0.0856 
7.570414, 0.02437665, -0.1610385, 0.08462816, 2.082682, 38.45485, 356.3033, 0.0856, 0.0856 
7.587076, 0.02284817, -0.1583349, 0.08226299, 1.880995, 38.51397, 356.9031, 0.0856, 0.0856 
7.603759, 0.02183525, -0.1566195, 0.08107701, 1.683091, 38.46397, 357.2484, 0.0856, 0.0856 
7.620374, 0.02210553, -0.1569025, 0.0809302, 1.51716, 38.46056, 357.3496, 0.0856, 0.0856 
7.637072, 0.02358726, -0.16074, 0.08324274, 1.728914, 38.41332, 356.7124, 0.0856, 0.0856 
7.653718, 0.02431993, -0.1624922, 0.08456966, 1.94646, 38.37241, 356.1541, 0.0856, 0.0856 
7.670383, 0.02355523, -0.1599294, 0.08360142, 1.942206, 38.33658, 356.0262, 0.0856, 0.0856 
7.687046, 0.02216075, -0.155361, 0.08127293, 1.605134, 38.32105, 356.6644, 0.0856, 0.0856 
7.703712, 0.02129315, -0.1508376, 0.0783869, 1.058707, 38.48041, 357.7184, 0.0856, 0.0856 
7.720556, 0.02149468, -0.150281, 0.07831898, 0.6315026, 38.57843, 358.3984, 0.0856, 0.0856 
7.737125, 0.0222337, -0.1528263, 0.0806568, 0.3690933, 38.59206, 358.7546, 0.0856, 0.0856 
7.753819, 0.02250097, -0.154758, 0.08251897, 0.06855024, 38.58515, 358.8939, 0.0856, 0.0856 
7.770506, 0.02222637, -0.1548249, 0.08234301, 359.9836, 38.58411, 359.1077, 0.0856, 0.0856 
7.787102, 0.02219087, -0.1557824, 0.08272377, 359.9207, 38.66557, 359.3005, 0.0856, 0.0856 
7.803763, 0.02293, -0.158429, 0.08506054, 359.8483, 38.92011, 359.6797, 0.0856, 0.0856 
7.820416, 0.02374464, -0.1607866, 0.08758777, 359.9098, 39.04382, 359.8648, 0.0856, 0.0856 
7.83707, 0.02443603, -0.1628234, 0.08961642, 359.7196, 38.89773, 359.0051, 0.0856, 0.0856 
7.853755, 0.02501272, -0.1644418, 0.09088354, 359.6598, 38.86079, 358.2848, 0.0856, 0.0856 
7.870409, 0.02527551, -0.1650739, 0.09093398, 359.8027, 38.84325, 357.7858, 0.0856, 0.0856 
7.88708, 0.02493617, -0.1638961, 0.08928636, 359.9802, 38.84838, 357.5106, 0.0856, 0.0856 
7.903779, 0.02398432, -0.1623674, 0.08745131, 359.9151, 38.97248, 357.934, 0.0856, 0.0856 
7.920453, 0.02221461, -0.1587311, 0.08420183, 359.8021, 39.06004, 358.8682, 0.0856, 0.0856 
7.937138, 0.02100822, -0.1562627, 0.08201683, 0.003900678, 39.05529, 359.6006, 0.0856, 0.0856 
7.953735, 0.02034917, -0.1550851, 0.08078198, 0.2773458, 38.9968, 359.9059, 0.0856, 0.0856 
7.970438, 0.02014294, -0.1538555, 0.07960615, 0.5734218, 38.93199, 359.94, 0.0856, 0.0856 
7.987108, 0.02018003, -0.1531032, 0.07896735, 0.6025872, 38.8852, 359.8699, 0.0856, 0.0856 
8.003771, 0.02040394, -0.1538013, 0.07975799, 0.3633687, 38.83978, 359.697, 0.0856, 0.0856 
8.020434, 0.02037925, -0.1543904, 0.08028735, 0.08181241, 38.81195, 359.5835, 0.0856, 0.0856 
8.03712, 0.02002398, -0.1532401, 0.07940052, 0.1343787, 38.76338, 359.3643, 0.0856, 0.0856 
8.053845, 0.01997281, -0.1525512, 0.07876253, 0.2832146, 38.73627, 359.1702, 0.0856, 0.0856 
8.070409, 0.02028396, -0.1529017, 0.07874016, 0.3384045, 38.73565, 359.1052, 0.0856, 0.0856 
8.087086, 0.01975527, -0.1515987, 0.07772407, 0.5536149, 38.71268, 359.0001, 0.0856, 0.0856 
8.103735, 0.01964041, -0.1518924, 0.07806434, 0.5819938, 38.65845, 358.9212, 0.0856, 0.0856 
8.120448, 0.01945432, -0.1522441, 0.0781291, 0.7181047, 38.64441, 358.8279, 0.0856, 0.0856 
8.137171, 0.01952543, -0.1527101, 0.07800332, 0.9073083, 38.64806, 358.8414, 0.0856, 0.0856 
8.153768, 0.01943827, -0.1517782, 0.07688205, 1.174189, 38.6278, 358.7413, 0.0856, 0.0856 
8.170456, 0.01982415, -0.1520007, 0.07682659, 1.404704, 38.59247, 358.6402, 0.0856, 0.0856 
8.187105, 0.02031589, -0.1526471, 0.07719646, 1.541381, 38.66744, 358.5165, 0.0856, 0.0856 
8.203788, 0.02048509, -0.152303, 0.07714081, 1.683143, 38.75365, 358.252, 0.0856, 0.0856 
8.220483, 0.02038559, -0.1512663, 0.07649718, 1.504568, 38.85199, 358.459, 0.0856, 0.0856 
8.237097, 0.02065215, -0.1516773, 0.07704659, 1.288098, 38.86155, 358.5499, 0.0856, 0.0856 
8.253815, 0.02096637, -0.152218, 0.07773, 0.9519764, 38.8842, 359.0766, 0.0856, 0.0856 
8.270511, 0.02115247, -0.1525254, 0.07809523, 0.7516794, 38.87211, 359.422, 0.0856, 0.0856 
8.287105, 0.02097783, -0.1518776, 0.07796668, 0.3032531, 39.08189, 359.832, 0.0856, 0.0856 
8.303777, 0.02339113, -0.159078, 0.08279857, 0.2293992, 38.98754, 359.3661, 0.0856, 0.0856 
8.32043, 0.02413312, -0.1605647, 0.08371492, 0.3751441, 38.99643, 359.1837, 0.0856, 0.0856 
8.337125, 0.02452757, -0.160856, 0.0839413, 0.3508753, 39.01115, 359.041, 0.0856, 0.0856 
8.353787, 0.0242415, -0.1597098, 0.08324565, 0.3269032, 39.03638, 359.0595, 0.0856, 0.0856 
8.370456, 0.02374297, -0.1583731, 0.08251064, 0.347355, 39.00789, 359.1344, 0.0856, 0.0856 
8.387146, 0.02317276, -0.1575366, 0.08216946, 0.2770168, 38.95107, 359.254, 0.0856, 0.0856 
8.403802, 0.02250156, -0.1559897, 0.08127105, 0.3358122, 38.8655, 359.3716, 0.0856, 0.0856 
8.420458, 0.02226052, -0.1551687, 0.08074637, 0.3427549, 38.82587, 359.4321, 0.0856, 0.0856 
8.437135, 0.02189427, -0.1542856, 0.0802273, 0.3965381, 38.80333, 359.5003, 0.0856, 0.0856 
8.453828, 0.0217824, -0.1546977, 0.08094808, 0.3575965, 38.73599, 359.487, 0.0856, 0.0856 
8.47049, 0.02209061, -0.1559485, 0.08172826, 0.3782976, 38.67999, 359.504, 0.0856, 0.0856 
8.487124, 0.0224417, -0.1579355, 0.08284383, 0.4057801, 38.58175, 359.5305, 0.0856, 0.0856 
8.503783, 0.0210883, -0.1547115, 0.08114904, 0.3910816, 38.6634, 359.5592, 0.0856, 0.0856 
8.520475, 0.02105471, -0.1545067, 0.08078285, 0.2993713, 38.71291, 359.5711, 0.0856, 0.0856 
8.537399, 0.02069568, -0.1539987, 0.0804261, 0.3467803, 38.66339, 359.5579, 0.0856, 0.0856 
8.553774, 0.02118323, -0.154986, 0.08144127, 0.2729613, 38.5739, 359.3484, 0.0856, 0.0856 
8.570477, 0.02120574, -0.154564, 0.08117653, 0.2639257, 38.6318, 359.173, 0.0856, 0.0856 
8.587172, 0.02117456, -0.1553345, 0.08155176, 0.2314049, 38.65362, 359.0793, 0.0856, 0.0856 
8.603803, 0.02100723, -0.155242, 0.08111435, 0.1513589, 38.68673, 359.259, 0.0856, 0.0856 
8.620457, 0.02077719, -0.1553803, 0.08088228, 0.3434975, 38.66751, 359.3778, 0.0856, 0.0856 
8.637139, 0.02042372, -0.1557777, 0.08087851, 0.4883527, 38.59738, 359.4079, 0.0856, 0.0856 
8.653974, 0.02005658, -0.1549803, 0.07999817, 0.5205387, 38.78046, 359.3789, 0.0856, 0.0856 
8.670501, 0.02052598, -0.1565236, 0.08031081, 0.9369552, 38.78692, 359.153, 0.0856, 0.0856 
8.687091, 0.02052562, -0.1559292, 0.07973078, 1.276268, 38.74274, 358.8212, 0.0856, 0.0856 
8.703787, 0.02123844, -0.1560565, 0.08065781, 1.604602, 38.73637, 358.7711, 0.0856, 0.0856 
8.720448, 0.0213025, -0.1539956, 0.08060096, 0.8794621, 38.85363, 359.1172, 0.0856, 0.0856 
8.737173, 0.02195425, -0.1551057, 0.08217029, 0.5714656, 38.70203, 358.7677, 0.0856, 0.0856 
8.754214, 0.02251306, -0.1575074, 0.08364916, 0.4527394, 38.59481, 358.6885, 0.0856, 0.0856 
