8.177081, -0.0528205, 0.01263356, -0.278189, 359.0297, 134.096, 6.526146, 0.0856, 0.0856 
8.190514, -0.05271, 0.01285276, -0.2777245, 359.2415, 134.0496, 6.600785, 0.0856, 0.0856 
8.20718, -0.05228685, 0.01219454, -0.277218, 359.3283, 133.878, 6.568542, 0.0856, 0.0856 
8.223854, -0.05316317, 0.01136649, -0.2777624, 359.4187, 133.7022, 6.821422, 0.0856, 0.0856 
8.240523, -0.05198805, 0.009954184, -0.2766292, 359.2347, 133.4654, 6.974616, 0.0856, 0.0856 
8.257214, -0.05298826, 0.01126388, -0.2746903, 359.3221, 133.0263, 7.461037, 0.0856, 0.0856 
8.273865, -0.054169, 0.01357278, -0.2735086, 359.4921, 132.6244, 8.251181, 0.0856, 0.0856 
8.290547, -0.05432241, 0.01506823, -0.2732153, 359.4873, 132.3421, 9.24014, 0.0856, 0.0856 
8.307208, -0.05330311, 0.01492858, -0.2738515, 359.3338, 132.1258, 9.952332, 0.0856, 0.0856 
8.323853, -0.053203, 0.01570788, -0.2744493, 359.3905, 132.1117, 10.35989, 0.0856, 0.0856 
8.340531, -0.05221201, 0.01583034, -0.2743563, 359.413, 132.1374, 11.22892, 0.0856, 0.0856 
8.357224, -0.05204137, 0.01721877, -0.2747074, 359.4807, 131.9925, 11.82328, 0.0856, 0.0856 
8.373892, -0.05183382, 0.01850271, -0.2750439, 359.753, 131.7455, 11.96718, 0.0856, 0.0856 
8.390578, -0.05148588, 0.01971671, -0.2758167, 0.2535016, 131.615, 12.06523, 0.0856, 0.0856 
8.407244, -0.05147964, 0.02152643, -0.2772569, 0.7177765, 131.639, 12.61733, 0.0856, 0.0856 
8.423895, -0.05133498, 0.02345178, -0.2791786, 1.015223, 131.8056, 13.56876, 0.0856, 0.0856 
8.440549, -0.04858886, 0.02326491, -0.2796817, 1.099449, 132.1749, 14.58033, 0.0856, 0.0856 
8.457502, -0.04668461, 0.02268967, -0.2810668, 1.720991, 132.2099, 15.50056, 0.0856, 0.0856 
8.473913, -0.04615234, 0.02333444, -0.2822034, 2.92026, 132.2857, 15.84575, 0.0856, 0.0856 
8.490589, -0.04644533, 0.02520731, -0.2833013, 4.009057, 132.4458, 15.96617, 0.0856, 0.0856 
8.507239, -0.04620308, 0.02667508, -0.2855883, 5.287333, 132.6469, 15.78351, 0.0856, 0.0856 
8.523885, -0.04617855, 0.02874166, -0.2885443, 6.512464, 132.9909, 15.5236, 0.0856, 0.0856 
8.540536, -0.0441187, 0.02975589, -0.2899829, 7.300769, 133.7083, 15.14227, 0.0856, 0.0856 
8.557208, -0.04298308, 0.03151476, -0.2930906, 7.838962, 134.147, 14.34004, 0.0856, 0.0856 
8.573868, -0.04238173, 0.03330979, -0.2961365, 8.060287, 134.442, 13.38603, 0.0856, 0.0856 
8.590545, -0.04238112, 0.03497949, -0.2987055, 7.643598, 134.5637, 13.04606, 0.0856, 0.0856 
8.607239, -0.0420482, 0.03632098, -0.3014066, 6.650414, 134.5726, 12.98375, 0.0856, 0.0856 
8.623917, -0.03546754, 0.03009266, -0.3083613, 5.26076, 134.535, 12.65694, 0.0856, 0.0856 
8.640581, -0.03768386, 0.03643513, -0.3082617, 4.121856, 134.75, 11.8212, 0.0856, 0.0856 
8.657241, -0.04061525, 0.04341042, -0.3085202, 2.712555, 134.9811, 10.69658, 0.0856, 0.0856 
8.673913, -0.04158758, 0.04682186, -0.3100146, 1.481803, 135.0905, 9.583048, 0.0856, 0.0856 
8.690594, -0.04211672, 0.04960579, -0.3116793, 0.298611, 135.1169, 8.698938, 0.0856, 0.0856 
8.707299, -0.04201153, 0.05103263, -0.313515, 359.5887, 135.0552, 7.733952, 0.0856, 0.0856 
8.724085, -0.04405713, 0.05220096, -0.3122508, 359.7829, 134.9609, 6.823188, 0.0856, 0.0856 
8.740581, -0.04441342, 0.05170508, -0.3107589, 359.9363, 134.8795, 6.302588, 0.0856, 0.0856 
8.757367, -0.04452193, 0.05107397, -0.3112085, 0.2023202, 134.6513, 5.726285, 0.0856, 0.0856 
8.774024, -0.04510237, 0.05115297, -0.3121728, 0.9196691, 134.5186, 5.0037, 0.0856, 0.0856 
8.790662, -0.04592595, 0.0515532, -0.3133508, 2.001181, 134.479, 4.264327, 0.0856, 0.0856 
8.80722, -0.04626375, 0.05093576, -0.3150407, 3.263738, 134.5783, 3.85545, 0.0856, 0.0856 
8.823997, -0.04697035, 0.05019176, -0.3167962, 4.440595, 134.746, 3.886168, 0.0856, 0.0856 
8.840618, -0.04770459, 0.04375567, -0.3160435, 5.642796, 135.1495, 4.390587, 0.0856, 0.0856 
8.857275, -0.04802173, 0.04078946, -0.3173455, 6.566259, 135.3737, 5.112337, 0.0856, 0.0856 
8.873919, -0.04804537, 0.03828815, -0.3191732, 7.369869, 135.5577, 6.032474, 0.0856, 0.0856 
8.890661, -0.04892793, 0.03730798, -0.3203115, 8.333791, 135.7659, 6.657156, 0.0856, 0.0856 
8.907277, -0.04872349, 0.03492644, -0.3224428, 9.292059, 135.9902, 7.297193, 0.0856, 0.0856 
8.924067, -0.05041242, 0.03221092, -0.3225531, 10.44408, 136.3801, 7.991794, 0.0856, 0.0856 
8.940608, -0.05073641, 0.02661791, -0.3213857, 11.25171, 136.7587, 8.694838, 0.0856, 0.0856 
8.957273, -0.05025649, 0.02288881, -0.3227769, 11.80076, 136.88, 9.214059, 0.0856, 0.0856 
8.973912, -0.04993522, 0.02073377, -0.3247852, 12.22839, 136.9766, 9.662261, 0.0856, 0.0856 
8.990576, -0.04986334, 0.01963815, -0.3270268, 12.52605, 137.0831, 9.843041, 0.0856, 0.0856 
9.007263, -0.04804413, 0.01647717, -0.330768, 12.37364, 137.0671, 9.95587, 0.0856, 0.0856 
9.023952, -0.04924716, 0.01473692, -0.331468, 12.25662, 137.4539, 10.43026, 0.0856, 0.0856 
9.040606, -0.05151463, 0.01282415, -0.3299191, 12.07983, 137.8379, 10.74145, 0.0856, 0.0856 
9.057287, -0.0526593, 0.01304129, -0.3302437, 12.00786, 138.0687, 10.87072, 0.0856, 0.0856 
9.073953, -0.05217996, 0.01255375, -0.3314691, 11.7633, 138.1739, 10.75272, 0.0856, 0.0856 
9.090736, -0.05096367, 0.01139942, -0.3324782, 11.82558, 138.1776, 10.80954, 0.0856, 0.0856 
9.107262, -0.0534001, 0.01469663, -0.3328056, 11.40163, 138.2202, 10.54286, 0.0856, 0.0856 
9.123919, -0.05544926, 0.01529214, -0.3320097, 11.20466, 138.2304, 10.51098, 0.0856, 0.0856 
9.140611, -0.0558444, 0.01529732, -0.3298811, 10.69768, 138.2416, 11.08191, 0.0856, 0.0856 
9.157337, -0.05554417, 0.0146485, -0.3311723, 10.30985, 138.3276, 12.02989, 0.0856, 0.0856 
9.17392, -0.05491245, 0.01364782, -0.3337268, 9.919083, 138.6628, 13.47416, 0.0856, 0.0856 
9.190602, -0.05488443, 0.01345792, -0.3365026, 9.632226, 138.6277, 14.83169, 0.0856, 0.0856 
9.207292, -0.05485104, 0.01398367, -0.3392732, 8.932711, 138.7487, 16.63611, 0.0856, 0.0856 
9.224022, -0.05400722, 0.01246554, -0.3404465, 8.471912, 138.7043, 18.28606, 0.0856, 0.0856 
9.240589, -0.05264765, 0.01410705, -0.3386978, 8.480333, 138.7909, 19.56759, 0.0856, 0.0856 
9.257274, -0.05364518, 0.01882675, -0.3378091, 9.207169, 139.3092, 20.34923, 0.0856, 0.0856 
9.273962, -0.05548126, 0.02485937, -0.3365608, 10.28568, 139.8842, 20.5551, 0.0856, 0.0856 
9.290622, -0.05587904, 0.0289039, -0.3367023, 11.1949, 140.1377, 20.19569, 0.0856, 0.0856 
9.307259, -0.05528113, 0.03177704, -0.3372173, 11.72725, 140.0335, 19.20436, 0.0856, 0.0856 
9.324055, -0.05486757, 0.03399467, -0.3359028, 11.7497, 139.7704, 18.28791, 0.0856, 0.0856 
9.34059, -0.05372298, 0.03752698, -0.3332194, 10.84877, 139.3636, 17.61597, 0.0856, 0.0856 
9.357356, -0.05278952, 0.04064575, -0.3327479, 9.284402, 138.8322, 17.42546, 0.0856, 0.0856 
9.373944, -0.05175444, 0.04355794, -0.3327298, 7.202618, 138.2476, 17.51132, 0.0856, 0.0856 
9.390634, -0.05070938, 0.04610375, -0.332844, 4.845856, 137.6419, 17.32816, 0.0856, 0.0856 
9.40729, -0.04983336, 0.0485393, -0.3328992, 2.5563, 137.0838, 16.73616, 0.0856, 0.0856 
9.423963, -0.04971702, 0.04981306, -0.3320505, 0.4082545, 136.6752, 16.30808, 0.0856, 0.0856 
9.440631, -0.04980868, 0.05228814, -0.3305863, 358.1703, 136.2042, 16.41642, 0.0856, 0.0856 
9.457297, -0.04982346, 0.05436258, -0.3300465, 356.0092, 135.6531, 16.98332, 0.0856, 0.0856 
9.474014, -0.04986021, 0.05600867, -0.330235, 353.8875, 135.0564, 17.80183, 0.0856, 0.0856 
9.490685, -0.05000822, 0.05671941, -0.3307838, 352.6665, 134.5167, 18.11493, 0.0856, 0.0856 
9.507298, -0.05035794, 0.05716461, -0.33162, 352.1139, 134.1508, 18.229, 0.0856, 0.0856 
9.523988, -0.05102009, 0.05772625, -0.3328447, 352.1366, 133.8044, 18.46904, 0.0856, 0.0856 
9.540648, -0.05126625, 0.0579405, -0.3345099, 352.1677, 133.5811, 19.36562, 0.0856, 0.0856 
9.557361, -0.04928985, 0.05564168, -0.3354496, 352.4751, 133.2962, 20.49138, 0.0856, 0.0856 
9.573981, -0.04487118, 0.05334167, -0.3353727, 352.4923, 133.1739, 21.99564, 0.0856, 0.0856 
9.590641, -0.04417349, 0.05355263, -0.3357922, 352.9137, 133.3448, 23.36879, 0.0856, 0.0856 
9.607329, -0.04368362, 0.05327028, -0.3370692, 353.7677, 133.6121, 24.69611, 0.0856, 0.0856 
9.624037, -0.04280359, 0.05285412, -0.3385234, 354.6708, 133.9156, 25.51338, 0.0856, 0.0856 
9.640632, -0.04243998, 0.05327328, -0.3389614, 355.4138, 134.0015, 26.18327, 0.0856, 0.0856 
9.657337, -0.04437757, 0.05488561, -0.3374858, 355.8374, 133.994, 26.92636, 0.0856, 0.0856 
9.673979, -0.04727197, 0.05790161, -0.3358261, 355.7126, 133.8162, 27.44778, 0.0856, 0.0856 
9.69066, -0.04832131, 0.05936129, -0.33539, 354.7858, 133.3724, 28.28135, 0.0856, 0.0856 
9.707305, -0.04876432, 0.06002821, -0.3359844, 353.3631, 132.598, 29.28768, 0.0856, 0.0856 
9.723965, -0.04942819, 0.06091464, -0.3368527, 351.9972, 131.8136, 30.67422, 0.0856, 0.0856 
9.740662, -0.04987179, 0.06156632, -0.3380367, 350.8474, 130.9129, 32.07018, 0.0856, 0.0856 
9.757305, -0.05005576, 0.06143326, -0.3390248, 350.263, 129.903, 32.7703, 0.0856, 0.0856 
9.773971, -0.04960372, 0.06087437, -0.3407255, 349.8183, 129.1681, 33.67615, 0.0856, 0.0856 
9.790653, -0.04973917, 0.0608348, -0.3417706, 349.4942, 128.7061, 35.01065, 0.0856, 0.0856 
9.80733, -0.0504003, 0.06084336, -0.3428043, 349.7165, 128.5269, 36.35825, 0.0856, 0.0856 
9.823961, -0.05054711, 0.06013592, -0.344192, 350.1967, 128.5034, 37.42358, 0.0856, 0.0856 
9.840649, -0.04996222, 0.05901501, -0.3460851, 350.3984, 128.3265, 38.40497, 0.0856, 0.0856 
9.857323, -0.04955278, 0.05837761, -0.3473957, 350.4293, 128.1752, 39.54793, 0.0856, 0.0856 
9.873966, -0.05010797, 0.0587614, -0.3480912, 350.5176, 128.1273, 40.70144, 0.0856, 0.0856 
9.890672, -0.05060025, 0.05963309, -0.3489356, 350.6104, 128.0115, 41.96932, 0.0856, 0.0856 
9.907313, -0.05092612, 0.06037883, -0.3497691, 350.708, 127.8856, 43.03175, 0.0856, 0.0856 
9.923995, -0.05083382, 0.06120998, -0.3506307, 350.7928, 127.8855, 43.70387, 0.0856, 0.0856 
9.940716, -0.05235074, 0.06465933, -0.3500286, 351.3809, 128.5378, 43.81285, 0.0856, 0.0856 
9.957324, -0.05298044, 0.06741039, -0.3495553, 352.1761, 129.3874, 43.54822, 0.0856, 0.0856 
9.973998, -0.05272131, 0.06893402, -0.3491656, 353.0039, 130.1726, 42.89803, 0.0856, 0.0856 
9.99071, -0.04955883, 0.06752221, -0.3505683, 353.5223, 130.238, 42.12252, 0.0856, 0.0856 
10.00733, -0.04775375, 0.06759542, -0.3503792, 354.0053, 130.353, 40.95949, 0.0856, 0.0856 
10.024, -0.04641944, 0.06829511, -0.349138, 354.458, 130.5767, 39.22273, 0.0856, 0.0856 
10.04064, -0.04538922, 0.06985153, -0.34718, 354.549, 130.5596, 37.38706, 0.0856, 0.0856 
10.05733, -0.04442258, 0.07171671, -0.3439271, 354.2204, 130.3084, 35.578, 0.0856, 0.0856 
10.07403, -0.04313286, 0.07264195, -0.3406039, 353.3471, 129.9528, 33.45719, 0.0856, 0.0856 
10.09075, -0.04145588, 0.07240427, -0.337474, 352.3974, 129.3312, 30.65165, 0.0856, 0.0856 
10.10749, -0.03982331, 0.07147981, -0.334194, 351.2969, 128.5422, 27.44268, 0.0856, 0.0856 
10.12405, -0.03857744, 0.07055163, -0.330951, 350.4583, 127.9177, 24.73265, 0.0856, 0.0856 
10.14069, -0.03767246, 0.06991009, -0.3279694, 349.9105, 127.688, 22.69951, 0.0856, 0.0856 
10.15736, -0.03650327, 0.06871653, -0.3238093, 350.0094, 127.7957, 20.61026, 0.0856, 0.0856 
10.17407, -0.03506644, 0.06644966, -0.3194999, 350.3978, 128.1783, 18.35432, 0.0856, 0.0856 
10.19065, -0.03605646, 0.06633475, -0.3145295, 351.6238, 128.574, 15.94584, 0.0856, 0.0856 
10.20734, -0.03651395, 0.06544106, -0.3105367, 353.1092, 128.9047, 13.45603, 0.0856, 0.0856 
10.22402, -0.03724904, 0.06463651, -0.3068391, 355.0836, 129.3693, 11.63848, 0.0856, 0.0856 
10.24068, -0.03641972, 0.06225151, -0.3044063, 356.6639, 129.5856, 10.06867, 0.0856, 0.0856 
10.25732, -0.03621385, 0.06028005, -0.3007523, 358.2162, 129.8061, 8.582188, 0.0856, 0.0856 
10.27399, -0.0361232, 0.05784808, -0.2984626, 359.2834, 129.9646, 7.084332, 0.0856, 0.0856 
10.29069, -0.03757513, 0.05722697, -0.2946974, 359.952, 130.308, 5.541945, 0.0856, 0.0856 
10.30742, -0.03855228, 0.05601034, -0.2913693, 0.09593443, 130.4215, 4.281543, 0.0856, 0.0856 
10.32408, -0.03844419, 0.05330165, -0.2892005, 359.9653, 130.2392, 3.346327, 0.0856, 0.0856 
10.34068, -0.03822446, 0.05036192, -0.2873957, 0.07347012, 130.0897, 2.973659, 0.0856, 0.0856 
10.35733, -0.03781608, 0.04709531, -0.2854352, 0.04863149, 130.0049, 2.755051, 0.0856, 0.0856 
10.37399, -0.03762129, 0.04442522, -0.2842927, 0.2533876, 130.0163, 2.6705, 0.0856, 0.0856 
10.39066, -0.03775917, 0.04221731, -0.2833669, 0.5181963, 130.1481, 2.524339, 0.0856, 0.0856 
10.40736, -0.03772682, 0.03956242, -0.2826429, 1.216161, 130.0912, 2.437244, 0.0856, 0.0856 
10.4241, -0.03814593, 0.03775157, -0.2820314, 1.982718, 130.191, 2.956577, 0.0856, 0.0856 
10.44066, -0.03790408, 0.03554104, -0.2820016, 2.858813, 130.2917, 3.709274, 0.0856, 0.0856 
10.45734, -0.03764313, 0.0339853, -0.2814052, 3.793662, 130.3692, 3.993263, 0.0856, 0.0856 
10.4741, -0.03695473, 0.03313178, -0.2815997, 4.705857, 130.5402, 4.038484, 0.0856, 0.0856 
10.49084, -0.0360399, 0.0318813, -0.2820542, 5.461165, 130.5774, 4.171392, 0.0856, 0.0856 
10.50745, -0.03496331, 0.03062665, -0.2834281, 6.198956, 130.7198, 4.570956, 0.0856, 0.0856 
10.5242, -0.03346744, 0.02924272, -0.2856431, 6.925028, 130.9555, 5.079082, 0.0856, 0.0856 
10.5407, -0.03247264, 0.02895123, -0.2876663, 7.887952, 131.278, 5.377489, 0.0856, 0.0856 
10.55733, -0.03070182, 0.0276196, -0.2890203, 9.110568, 131.4572, 5.712895, 0.0856, 0.0856 
10.57402, -0.02878849, 0.02748811, -0.2909188, 10.46455, 131.8812, 6.371708, 0.0856, 0.0856 
10.59072, -0.02702537, 0.02761394, -0.2933868, 11.60311, 132.4248, 7.540681, 0.0856, 0.0856 
10.60743, -0.02482308, 0.02773044, -0.2957903, 12.72246, 132.706, 8.250937, 0.0856, 0.0856 
10.62423, -0.02326892, 0.02927357, -0.2970688, 13.99322, 132.6555, 8.114388, 0.0856, 0.0856 
10.64071, -0.02110246, 0.03086764, -0.2987389, 14.87468, 132.4158, 7.43388, 0.0856, 0.0856 
10.65734, -0.02059656, 0.03514424, -0.2977497, 15.70985, 132.3812, 6.480196, 0.0856, 0.0856 
10.67402, -0.01872779, 0.03863293, -0.2980039, 15.749, 132.4753, 5.465348, 0.0856, 0.0856 
10.6907, -0.01655276, 0.04106861, -0.2997611, 15.03331, 132.5823, 4.544542, 0.0856, 0.0856 
10.70737, -0.01545346, 0.04483163, -0.3009508, 13.6979, 132.6557, 3.799351, 0.0856, 0.0856 
10.72395, -0.01446663, 0.04875162, -0.3019291, 11.65415, 132.7305, 3.335586, 0.0856, 0.0856 
10.74058, -0.01285182, 0.0519546, -0.3027494, 9.044101, 132.6077, 2.813275, 0.0856, 0.0856 
10.75726, -0.01290201, 0.05541342, -0.3012371, 6.761404, 132.5749, 2.637992, 0.0856, 0.0856 
10.77402, -0.01225436, 0.05848616, -0.3007875, 4.508108, 132.537, 2.567658, 0.0856, 0.0856 
10.79067, -0.01135881, 0.06037357, -0.3014625, 2.30728, 132.4472, 2.397614, 0.0856, 0.0856 
10.80733, -0.01101308, 0.06229967, -0.3019027, 0.3192222, 132.3923, 2.095252, 0.0856, 0.0856 
10.82404, -0.01054904, 0.06375211, -0.3023599, 358.5407, 132.3847, 1.925631, 0.0856, 0.0856 
10.84073, -0.01009345, 0.0643473, -0.3030498, 357.3486, 132.4523, 1.833464, 0.0856, 0.0856 
10.85738, -0.01044351, 0.06406474, -0.30265, 356.8328, 132.5794, 1.844513, 0.0856, 0.0856 
10.87409, -0.0105958, 0.06355196, -0.302936, 356.3362, 132.7757, 1.95309, 0.0856, 0.0856 
10.89066, -0.01117912, 0.06270644, -0.3037337, 356.5013, 132.8681, 1.852762, 0.0856, 0.0856 
10.90736, -0.01163316, 0.0619534, -0.3045951, 356.9864, 133.0746, 1.767104, 0.0856, 0.0856 
10.92407, -0.01117742, 0.06021851, -0.3060107, 357.6092, 133.4051, 1.882945, 0.0856, 0.0856 
10.94061, -0.01129174, 0.05871752, -0.3072786, 357.906, 133.6402, 1.871698, 0.0856, 0.0856 
10.95733, -0.01122957, 0.05668095, -0.3074389, 358.1376, 133.7559, 1.869983, 0.0856, 0.0856 
10.97407, -0.01016176, 0.05280766, -0.3086927, 358.3545, 133.9068, 1.712125, 0.0856, 0.0856 
10.99068, -0.009177566, 0.04989982, -0.3096086, 358.3801, 133.9298, 1.64732, 0.0856, 0.0856 
11.00747, -0.01092386, 0.04844093, -0.3092312, 359.0672, 133.828, 1.614248, 0.0856, 0.0856 
11.02411, -0.01412544, 0.04851291, -0.3081455, 359.7028, 134.1861, 1.907128, 0.0856, 0.0856 
11.04068, -0.01599392, 0.04670343, -0.3083076, 0.1505095, 134.4099, 2.191587, 0.0856, 0.0856 
11.05729, -0.01646656, 0.0437156, -0.3085491, 0.2692999, 134.509, 2.570793, 0.0856, 0.0856 
11.07393, -0.01745847, 0.04155433, -0.3083538, 0.4176568, 134.6889, 3.037623, 0.0856, 0.0856 
11.09074, -0.01762486, 0.03804761, -0.3093637, 0.4874675, 134.5297, 3.35854, 0.0856, 0.0856 
11.10732, -0.0202544, 0.03794631, -0.3086604, 0.8921988, 134.8352, 3.883599, 0.0856, 0.0856 
11.12405, -0.02052015, 0.03448504, -0.3103413, 1.166195, 135.1819, 4.530342, 0.0856, 0.0856 
11.14065, -0.02289632, 0.03453019, -0.3098095, 1.668943, 135.509, 5.078457, 0.0856, 0.0856 
11.15727, -0.02346593, 0.03292587, -0.3100762, 2.260008, 135.7448, 5.582279, 0.0856, 0.0856 
11.17397, -0.02286562, 0.02965418, -0.3115671, 2.679487, 136.0541, 5.908144, 0.0856, 0.0856 
11.19065, -0.0185481, 0.02217585, -0.3160411, 2.715119, 136.4444, 6.28348, 0.0856, 0.0856 
11.20741, -0.02389446, 0.02558368, -0.3135549, 3.422812, 136.5674, 6.211392, 0.0856, 0.0856 
11.22403, -0.02688441, 0.02707279, -0.3123384, 3.882394, 136.6695, 6.125768, 0.0856, 0.0856 
11.2407, -0.02587789, 0.02508482, -0.3135271, 3.926986, 136.6035, 5.868597, 0.0856, 0.0856 
11.25738, -0.02110112, 0.01918527, -0.3166011, 3.715938, 136.416, 5.612349, 0.0856, 0.0856 
11.27401, -0.02123642, 0.01860297, -0.3174177, 4.04944, 136.7204, 5.438145, 0.0856, 0.0856 
11.29073, -0.02242777, 0.01881015, -0.3172129, 4.407383, 136.9586, 5.190633, 0.0856, 0.0856 
11.30729, -0.02870759, 0.0248698, -0.3127006, 4.96907, 137.1057, 5.24204, 0.0856, 0.0856 
11.32409, -0.0320178, 0.02796611, -0.3107982, 5.178668, 137.1605, 5.343045, 0.0856, 0.0856 
11.34066, -0.03021002, 0.02515993, -0.3133343, 5.01303, 136.9342, 5.333128, 0.0856, 0.0856 
11.35741, -0.03083566, 0.02723885, -0.312222, 4.826219, 136.9491, 5.602925, 0.0856, 0.0856 
11.37401, -0.0310142, 0.02865008, -0.3125255, 4.688635, 137.1212, 5.924547, 0.0856, 0.0856 
11.39081, -0.03128427, 0.0294193, -0.3130576, 4.73027, 137.2466, 6.142379, 0.0856, 0.0856 
11.40737, -0.0319297, 0.03085172, -0.3139564, 4.697988, 137.3736, 6.284022, 0.0856, 0.0856 
11.42406, -0.03086489, 0.03127378, -0.3155382, 4.469025, 137.2138, 6.292731, 0.0856, 0.0856 
11.44059, -0.0322623, 0.03535751, -0.3143789, 4.409117, 137.2689, 6.179286, 0.0856, 0.0856 
11.45742, -0.03214791, 0.03764668, -0.3139426, 4.398651, 137.2549, 5.90762, 0.0856, 0.0856 
11.47407, -0.0313535, 0.03896588, -0.3158721, 4.458079, 137.4261, 5.565605, 0.0856, 0.0856 
11.49065, -0.02946228, 0.03906694, -0.3185425, 4.274877, 137.4423, 5.322037, 0.0856, 0.0856 
11.50741, -0.03068438, 0.04334295, -0.3181186, 4.00363, 137.5913, 5.040071, 0.0856, 0.0856 
11.52402, -0.03107223, 0.04631773, -0.3190585, 3.409326, 137.6285, 4.835874, 0.0856, 0.0856 
11.54078, -0.03274333, 0.05084783, -0.3188779, 2.800572, 137.8124, 4.570351, 0.0856, 0.0856 
11.55728, -0.03217885, 0.05241692, -0.3190149, 1.951363, 137.7309, 4.291022, 0.0856, 0.0856 
11.5741, -0.03514138, 0.05653784, -0.3171787, 1.289384, 137.8238, 4.114563, 0.0856, 0.0856 
11.59067, -0.03561246, 0.05762547, -0.3178945, 0.4950781, 137.6444, 4.122403, 0.0856, 0.0856 
11.60739, -0.03566724, 0.05889302, -0.3187775, 358.9867, 137.4661, 4.214005, 0.0856, 0.0856 
11.62407, -0.03932783, 0.06352264, -0.3173214, 357.922, 137.6525, 4.422751, 0.0856, 0.0856 
11.64073, -0.04028159, 0.06521997, -0.3181026, 356.8211, 137.8481, 4.719041, 0.0856, 0.0856 
11.65729, -0.03751475, 0.06276345, -0.3205962, 355.542, 137.7377, 5.138183, 0.0856, 0.0856 
11.67411, -0.03821439, 0.06220448, -0.321404, 354.961, 137.8942, 5.369394, 0.0856, 0.0856 
11.6907, -0.03705817, 0.05923927, -0.3244181, 354.6803, 137.9781, 5.622332, 0.0856, 0.0856 
11.70748, -0.04138222, 0.06159985, -0.3232993, 354.7605, 138.1791, 5.713503, 0.0856, 0.0856 
11.7241, -0.04258415, 0.06097215, -0.3245745, 354.8112, 138.4433, 5.794698, 0.0856, 0.0856 
11.74068, -0.0427227, 0.05904609, -0.3262589, 354.7202, 138.5951, 5.782035, 0.0856, 0.0856 
11.75754, -0.03946039, 0.05332476, -0.3296498, 354.6044, 138.8076, 5.937659, 0.0856, 0.0856 
11.77415, -0.0426771, 0.05110481, -0.3294476, 354.6522, 138.8396, 6.329389, 0.0856, 0.0856 
11.79069, -0.04905051, 0.05257046, -0.3272189, 355.0919, 138.9358, 6.52248, 0.0856, 0.0856 
11.80737, -0.05173251, 0.05169153, -0.327445, 355.5895, 139.0238, 6.729702, 0.0856, 0.0856 
11.82404, -0.05150142, 0.0486753, -0.3292773, 356.052, 139.1144, 6.877774, 0.0856, 0.0856 
11.84065, -0.04992068, 0.04425764, -0.3322112, 356.3953, 139.172, 6.957967, 0.0856, 0.0856 
11.85737, -0.05232003, 0.04355356, -0.3313717, 357.3224, 139.2835, 6.792369, 0.0856, 0.0856 
11.87407, -0.05538991, 0.0427061, -0.3303701, 358.2945, 139.3623, 6.476022, 0.0856, 0.0856 
11.8908, -0.0564625, 0.04089007, -0.330607, 358.817, 139.3801, 6.082415, 0.0856, 0.0856 
11.90741, -0.05549923, 0.03754529, -0.332, 358.8381, 139.2355, 5.723236, 0.0856, 0.0856 
11.9242, -0.05717829, 0.03749418, -0.3310161, 358.7476, 139.1231, 5.215395, 0.0856, 0.0856 
11.94066, -0.05721408, 0.0359042, -0.3306574, 359.0832, 138.9874, 5.097817, 0.0856, 0.0856 
11.95735, -0.05617338, 0.03379443, -0.3307023, 358.7097, 138.8037, 4.959329, 0.0856, 0.0856 
11.97409, -0.05430353, 0.03058454, -0.3317682, 358.5855, 138.7119, 4.75681, 0.0856, 0.0856 
11.99075, -0.05197543, 0.02766836, -0.3331017, 358.5557, 138.5725, 4.558517, 0.0856, 0.0856 
12.00737, -0.0505752, 0.02389055, -0.334966, 359.0774, 138.6587, 5.40116, 0.0856, 0.0856 
12.0241, -0.05464005, 0.02546632, -0.3326052, 359.9596, 138.8409, 6.591516, 0.0856, 0.0856 
12.04071, -0.05432689, 0.0243791, -0.3342742, 0.7902837, 139.0757, 7.722186, 0.0856, 0.0856 
12.05739, -0.0535638, 0.02361113, -0.3361978, 2.225286, 139.3017, 8.383245, 0.0856, 0.0856 
12.07407, -0.05095702, 0.02252349, -0.3390436, 3.826118, 139.5843, 8.651567, 0.0856, 0.0856 
12.0907, -0.04945213, 0.02250046, -0.3402315, 5.682934, 139.7282, 8.655028, 0.0856, 0.0856 
12.10736, -0.0449906, 0.02044502, -0.3433074, 7.498385, 139.5762, 8.765849, 0.0856, 0.0856 
12.12406, -0.03991568, 0.01820546, -0.3470847, 9.248453, 139.4575, 8.030997, 0.0856, 0.0856 
12.14079, -0.03685316, 0.0184232, -0.3495064, 10.01544, 139.5024, 7.138414, 0.0856, 0.0856 
12.15738, -0.03791022, 0.02230838, -0.3483524, 10.13224, 139.6861, 6.678367, 0.0856, 0.0856 
12.17404, -0.03753921, 0.02595171, -0.3467122, 9.8028, 139.8586, 6.497036, 0.0856, 0.0856 
12.19071, -0.03721473, 0.02834019, -0.3433782, 10.50874, 139.9194, 6.237123, 0.0856, 0.0856 
17.75769, -0.07471505, -0.01919049, -0.3614622, 0.4191918, 131.3506, 359.9455, 0.0856, 0.0856 
17.77433, -0.07334124, -0.02066448, -0.3617402, 0.6777684, 131.407, 0.04848547, 0.0856, 0.0856 
17.79102, -0.07239566, -0.01721314, -0.3587518, 0.9512377, 131.6177, 0.379797, 0.0856, 0.0856 
17.80768, -0.07075782, -0.01618344, -0.3563409, 0.6299586, 131.4596, 0.1844806, 0.0856, 0.0856 
17.82439, -0.06937888, -0.01655751, -0.3542197, 0.4431452, 131.3387, 0.2034519, 0.0856, 0.0856 
17.84102, -0.06824395, -0.0170413, -0.3513952, 0.4330654, 131.1821, 0.4023025, 0.0856, 0.0856 
17.85913, -0.06796546, -0.01712406, -0.3484654, 0.3561299, 130.5643, 0.3214391, 0.0856, 0.0856 
17.87448, -0.06730995, -0.01731905, -0.348056, 0.1722577, 130.0489, 0.0932572, 0.0856, 0.0856 
17.89116, -0.06579866, -0.01719791, -0.3492085, 0.1516042, 130.2939, 359.8923, 0.0856, 0.0856 
17.90796, -0.0639574, -0.01665038, -0.3497218, 0.3077894, 130.7794, 0.153105, 0.0856, 0.0856 
17.92456, -0.06232212, -0.01591355, -0.3489189, 0.5745205, 131.0016, 1.086982, 0.0856, 0.0856 
17.94103, -0.0605372, -0.01571402, -0.3473642, 0.3900445, 130.8083, 2.447621, 0.0856, 0.0856 
17.95783, -0.0587175, -0.01503566, -0.3460215, 0.2186656, 130.573, 3.518912, 0.0856, 0.0856 
17.97439, -0.0563903, -0.01490611, -0.34594, 359.8088, 130.4811, 4.727886, 0.0856, 0.0856 
17.99096, -0.05376145, -0.01507196, -0.3458373, 359.3966, 130.3815, 6.084138, 0.0856, 0.0856 
18.00765, -0.05099919, -0.01535594, -0.3451921, 358.9125, 130.128, 7.977658, 0.0856, 0.0856 
18.02439, -0.04874364, -0.01238087, -0.3440933, 358.0645, 129.8065, 10.97282, 0.0856, 0.0856 
18.04102, -0.04651667, -0.009241432, -0.3431971, 356.9354, 129.1674, 13.03645, 0.0856, 0.0856 
18.05769, -0.04450513, -0.005665064, -0.3422484, 354.9627, 128.5476, 14.83012, 0.0856, 0.0856 
18.07429, -0.04202051, -0.002626985, -0.3422785, 351.8785, 127.7165, 16.79733, 0.0856, 0.0856 
18.09102, -0.03942181, -0.001875907, -0.3424385, 348.3751, 126.6685, 19.67443, 0.0856, 0.0856 
18.10777, -0.03736149, -0.001556963, -0.3419932, 346.0913, 125.6129, 21.56521, 0.0856, 0.0856 
18.12486, -0.03511174, -0.001861244, -0.3416847, 344.4463, 124.7294, 23.35205, 0.0856, 0.0856 
18.141, -0.03528153, 0.006642818, -0.339637, 344.6135, 124.8977, 22.29514, 0.0856, 0.0856 
18.15797, -0.03361781, 0.005896658, -0.3405039, 346.33, 125.8329, 20.6606, 0.0856, 0.0856 
18.17441, -0.03187365, 0.006450534, -0.3409137, 347.6844, 126.6448, 19.13015, 0.0856, 0.0856 
18.19123, -0.03079606, 0.01025668, -0.3399593, 348.6994, 127.2231, 17.34828, 0.0856, 0.0856 
18.20766, -0.02980999, 0.01472077, -0.3387416, 349.0077, 127.4686, 15.89593, 0.0856, 0.0856 
18.22437, -0.02912784, 0.01933312, -0.3376244, 348.9629, 127.5318, 14.62918, 0.0856, 0.0856 
18.241, -0.02837029, 0.02276418, -0.3368194, 349.5806, 127.6806, 12.9041, 0.0856, 0.0856 
18.25768, -0.02755104, 0.02595836, -0.3362389, 350.3148, 127.7796, 10.78985, 0.0856, 0.0856 
18.27437, -0.02635453, 0.02843845, -0.3363869, 351.2175, 127.9615, 8.822628, 0.0856, 0.0856 
18.2911, -0.02546154, 0.03048038, -0.3373425, 351.6732, 128.1715, 7.677707, 0.0856, 0.0856 
18.30771, -0.02445024, 0.03020459, -0.3386275, 352.4837, 128.4179, 7.000258, 0.0856, 0.0856 
18.32436, -0.02397569, 0.0306381, -0.3385917, 353.292, 128.512, 6.226556, 0.0856, 0.0856 
18.34101, -0.02309052, 0.02915925, -0.3390829, 354.2799, 128.5612, 5.422599, 0.0856, 0.0856 
18.35768, -0.02295654, 0.02930972, -0.3394395, 354.9328, 128.6526, 4.954731, 0.0856, 0.0856 
18.37446, -0.02253994, 0.02898178, -0.340019, 355.3809, 128.6347, 4.852048, 0.0856, 0.0856 
18.39098, -0.02201757, 0.02889472, -0.3401936, 355.847, 128.6351, 4.761606, 0.0856, 0.0856 
18.4077, -0.02097821, 0.02721384, -0.3403495, 356.4301, 128.6193, 4.726796, 0.0856, 0.0856 
18.42449, -0.02105929, 0.02734286, -0.3389797, 356.4767, 128.4478, 4.855009, 0.0856, 0.0856 
18.44105, -0.02025701, 0.02471459, -0.3382857, 356.1883, 128.3145, 5.392859, 0.0856, 0.0856 
18.45769, -0.01975505, 0.02477565, -0.3362024, 355.9134, 128.1527, 5.672094, 0.0856, 0.0856 
18.4744, -0.01987639, 0.02532873, -0.3342066, 355.857, 127.9318, 5.642906, 0.0856, 0.0856 
18.49107, -0.02040005, 0.02654311, -0.3319516, 356.418, 127.752, 5.493382, 0.0856, 0.0856 
18.50776, -0.02013242, 0.02535492, -0.3308586, 356.7851, 127.5546, 5.40129, 0.0856, 0.0856 
18.52506, -0.0206925, 0.02542681, -0.3291848, 356.8108, 127.3642, 5.279165, 0.0856, 0.0856 
18.54103, -0.0213891, 0.02545473, -0.328131, 356.9579, 127.262, 4.981615, 0.0856, 0.0856 
18.55765, -0.02184005, 0.02496201, -0.3281093, 357.2751, 127.2605, 4.42978, 0.0856, 0.0856 
18.57556, -0.02233583, 0.02416328, -0.3280966, 357.8463, 127.3615, 3.664182, 0.0856, 0.0856 
18.59105, -0.02388908, 0.02491572, -0.3270561, 358.2083, 127.4614, 3.056374, 0.0856, 0.0856 
18.6077, -0.02270974, 0.02049926, -0.3284687, 358.6469, 127.5351, 2.828211, 0.0856, 0.0856 
18.62485, -0.02361421, 0.01968098, -0.3276248, 358.7681, 127.4914, 2.964155, 0.0856, 0.0856 
18.64099, -0.0248763, 0.02000833, -0.3257839, 358.9123, 127.3894, 3.247919, 0.0856, 0.0856 
18.65768, -0.02545068, 0.0194914, -0.3251433, 358.7133, 127.3489, 3.593514, 0.0856, 0.0856 
18.67465, -0.02596588, 0.0180321, -0.3257247, 358.425, 127.3784, 3.714698, 0.0856, 0.0856 
18.69126, -0.02747063, 0.01785955, -0.3253699, 358.6978, 127.4958, 3.590265, 0.0856, 0.0856 
18.70808, -0.02874097, 0.01687235, -0.325031, 359.3218, 127.6121, 3.04636, 0.0856, 0.0856 
18.72466, -0.02995546, 0.01561189, -0.3244252, 359.9275, 127.7041, 2.5285, 0.0856, 0.0856 
18.74105, -0.03132276, 0.01465842, -0.323319, 0.1366882, 127.6919, 2.416362, 0.0856, 0.0856 
18.75924, -0.03198715, 0.01240417, -0.3229249, 359.9287, 127.6503, 2.679031, 0.0856, 0.0856 
18.77443, -0.03310113, 0.01001406, -0.3227468, 0.0480426, 127.7298, 2.896217, 0.0856, 0.0856 
18.7911, -0.03455913, 0.007777482, -0.3224496, 0.7686726, 127.8873, 2.718635, 0.0856, 0.0856 
18.80785, -0.0359797, 0.005769342, -0.3222046, 1.668585, 128.0369, 2.288453, 0.0856, 0.0856 
18.82448, -0.0372448, 0.004159063, -0.3218392, 2.355238, 128.1273, 2.022681, 0.0856, 0.0856 
18.84139, -0.038348, 0.003010541, -0.321189, 2.439071, 128.1802, 2.234068, 0.0856, 0.0856 
18.85811, -0.03807719, 0.0003508031, -0.3215297, 1.945175, 128.1798, 2.769585, 0.0856, 0.0856 
18.87441, -0.03898069, -0.0008825064, -0.3215996, 1.459879, 128.3354, 3.340615, 0.0856, 0.0856 
18.89205, -0.04063985, -0.001484811, -0.3210229, 1.441465, 128.5038, 3.69956, 0.0856, 0.0856 
18.90872, -0.04187688, -0.002650619, -0.3208113, 1.715688, 128.5879, 3.798536, 0.0856, 0.0856 
18.92474, -0.04247761, -0.0044249, -0.321343, 1.865658, 128.7137, 4.008701, 0.0856, 0.0856 
18.94103, -0.04338694, -0.005812198, -0.3214972, 1.812615, 128.8871, 4.390588, 0.0856, 0.0856 
18.95771, -0.04373342, -0.008244038, -0.3216004, 1.45754, 128.9585, 4.955123, 0.0856, 0.0856 
18.9746, -0.04369015, -0.01080012, -0.3229078, 1.025965, 129.104, 5.486572, 0.0856, 0.0856 
18.99137, -0.04481128, -0.01193321, -0.3231433, 1.213712, 129.3778, 5.726433, 0.0856, 0.0856 
19.00776, -0.04639429, -0.0122807, -0.3226775, 1.861932, 129.6587, 5.368719, 0.0856, 0.0856 
19.02453, -0.04759973, -0.01260492, -0.322432, 2.431321, 129.8604, 4.809244, 0.0856, 0.0856 
19.04104, -0.04873192, -0.01297453, -0.3222437, 2.714855, 130.0568, 4.446401, 0.0856, 0.0856 
19.0579, -0.04980099, -0.01341718, -0.3217646, 2.72625, 130.2654, 4.30868, 0.0856, 0.0856 
19.07444, -0.05038512, -0.01433748, -0.3217614, 2.679501, 130.4532, 4.093864, 0.0856, 0.0856 
19.09115, -0.05172548, -0.01385257, -0.3206771, 2.78625, 130.5095, 3.649358, 0.0856, 0.0856 
19.10801, -0.05267555, -0.0141322, -0.3201704, 2.781331, 130.5471, 3.325018, 0.0856, 0.0856 
19.12533, -0.05311134, -0.0152947, -0.3204452, 2.54725, 130.5356, 3.163014, 0.0856, 0.0856 
19.14103, -0.05439353, -0.0148212, -0.3199008, 2.378794, 130.6465, 3.207207, 0.0856, 0.0856 
19.1577, -0.05396461, -0.01523134, -0.3199137, 2.23674, 130.7449, 3.040732, 0.0856, 0.0856 
19.17447, -0.05428538, -0.01526874, -0.3197154, 2.098925, 130.881, 3.272604, 0.0856, 0.0856 
19.19113, -0.0548777, -0.01545453, -0.3198373, 2.174974, 131.0158, 3.538639, 0.0856, 0.0856 
19.20774, -0.05485463, -0.01637509, -0.3205392, 2.255824, 131.1544, 3.74665, 0.0856, 0.0856 
19.22469, -0.05586436, -0.01607564, -0.3206462, 2.273261, 131.3689, 4.186832, 0.0856, 0.0856 
19.24182, -0.05729342, -0.01501751, -0.3202708, 2.317752, 131.495, 4.505807, 0.0856, 0.0856 
19.25784, -0.05856225, -0.01401222, -0.3195714, 2.318695, 131.5445, 4.889694, 0.0856, 0.0856 
19.27446, -0.05846852, -0.01401293, -0.3199364, 2.089219, 131.5835, 5.342536, 0.0856, 0.0856 
19.29116, -0.05795863, -0.01410735, -0.3205618, 1.64356, 131.617, 5.850196, 0.0856, 0.0856 
19.30802, -0.05639276, -0.01546866, -0.3225007, 0.9659827, 131.6658, 6.320741, 0.0856, 0.0856 
19.32482, -0.05784258, -0.01437175, -0.3221048, 0.606851, 131.6839, 6.649713, 0.0856, 0.0856 
19.34127, -0.05877632, -0.01394585, -0.3219549, 0.4459482, 131.7016, 6.847657, 0.0856, 0.0856 
19.3577, -0.05828726, -0.01428488, -0.3223956, 0.3272242, 131.7276, 7.071355, 0.0856, 0.0856 
19.37525, -0.05742228, -0.01538846, -0.32384, 0.03646126, 131.8869, 7.473166, 0.0856, 0.0856 
19.39146, -0.05997229, -0.01330811, -0.323004, 359.8783, 132.1212, 8.039868, 0.0856, 0.0856 
19.40776, -0.0605087, -0.01332429, -0.3242069, 359.6527, 132.1691, 8.56942, 0.0856, 0.0856 
19.42464, -0.06122386, -0.01261982, -0.3248918, 359.5988, 132.349, 8.971358, 0.0856, 0.0856 
19.44186, -0.05936429, -0.01328251, -0.3272462, 359.4339, 132.4619, 9.389231, 0.0856, 0.0856 
19.45808, -0.0562045, -0.01383999, -0.3293763, 359.4091, 132.6017, 9.568274, 0.0856, 0.0856 
19.47439, -0.05654085, -0.01240063, -0.3279696, 359.8491, 132.637, 9.206564, 0.0856, 0.0856 
19.49145, -0.05746305, -0.01018155, -0.3252276, 0.3557676, 132.4651, 8.502161, 0.0856, 0.0856 
19.50788, -0.05709934, -0.008955002, -0.3229938, 0.4238611, 132.146, 8.083309, 0.0856, 0.0856 
19.52477, -0.05509308, -0.009086013, -0.3222494, 0.2238715, 131.7491, 7.955837, 0.0856, 0.0856 
19.54108, -0.05343238, -0.008773804, -0.3217455, 359.886, 131.4101, 7.951469, 0.0856, 0.0856 
19.55779, -0.05204323, -0.00835222, -0.3215814, 359.5778, 131.2633, 7.983958, 0.0856, 0.0856 
19.57446, -0.05512899, -0.006000847, -0.3186675, 359.6036, 131.2658, 8.333132, 0.0856, 0.0856 
19.59114, -0.054113, -0.007925957, -0.3197381, 359.5154, 131.093, 8.90806, 0.0856, 0.0856 
19.60792, -0.0535343, -0.008568525, -0.3204014, 359.7084, 130.8833, 9.328358, 0.0856, 0.0856 
19.62548, -0.05104446, -0.009725779, -0.322042, 359.7189, 130.8273, 9.496452, 0.0856, 0.0856 
19.64152, -0.05000287, -0.009096056, -0.3220451, 359.7089, 130.8177, 9.367691, 0.0856, 0.0856 
19.65775, -0.0504691, -0.006878078, -0.3211223, 359.6845, 130.8862, 9.033128, 0.0856, 0.0856 
19.67443, -0.0524863, -0.004189312, -0.3195056, 359.7868, 131.041, 8.63874, 0.0856, 0.0856 
19.69108, -0.05478016, -0.00197643, -0.3184003, 359.8228, 131.0592, 8.127748, 0.0856, 0.0856 
19.70802, -0.05601525, -0.0009878874, -0.3176245, 359.7308, 131.0222, 7.562597, 0.0856, 0.0856 
19.72455, -0.05686647, -0.000671953, -0.3169416, 359.6169, 131.0238, 7.191697, 0.0856, 0.0856 
19.74122, -0.05846155, -0.0002081692, -0.3156426, 359.4603, 130.8982, 7.058391, 0.0856, 0.0856 
19.75782, -0.05794287, -0.002208441, -0.3167338, 359.0227, 130.8123, 7.445142, 0.0856, 0.0856 
19.77454, -0.05888209, -0.003676504, -0.3172599, 358.7141, 130.7496, 8.132487, 0.0856, 0.0856 
19.79107, -0.05949393, -0.005625963, -0.3183494, 358.3325, 130.7564, 9.028646, 0.0856, 0.0856 
19.80783, -0.05935434, -0.008043438, -0.319905, 358.128, 130.7003, 9.652456, 0.0856, 0.0856 
19.82465, -0.05932686, -0.01022971, -0.3211679, 358.4421, 130.638, 9.755741, 0.0856, 0.0856 
19.8411, -0.06145415, -0.01047528, -0.3205079, 359.0526, 130.7537, 9.652867, 0.0856, 0.0856 
19.85776, -0.06320292, -0.01085976, -0.3200304, 359.6385, 130.9294, 9.378516, 0.0856, 0.0856 
19.87439, -0.06357357, -0.01156294, -0.3209594, 359.9848, 131.1526, 9.068829, 0.0856, 0.0856 
19.89144, -0.0643369, -0.01108652, -0.32154, 0.1942296, 131.3743, 8.800226, 0.0856, 0.0856 
19.90781, -0.06353715, -0.01198715, -0.323169, 0.3880657, 131.4945, 8.381279, 0.0856, 0.0856 
19.92477, -0.06474027, -0.01193151, -0.3227284, 0.6336737, 131.5643, 7.992968, 0.0856, 0.0856 
19.94108, -0.06518707, -0.01285684, -0.3226606, 1.014476, 131.6528, 7.409646, 0.0856, 0.0856 
19.958, -0.06622788, -0.01276442, -0.3218371, 1.289502, 131.6562, 7.033216, 0.0856, 0.0856 
19.97461, -0.06561366, -0.01342776, -0.3224306, 1.320174, 131.5714, 6.758313, 0.0856, 0.0856 
19.99211, -0.0652383, -0.01413819, -0.3230091, 1.288244, 131.4981, 6.599273, 0.0856, 0.0856 
20.0078, -0.06476423, -0.0153355, -0.3239289, 1.414536, 131.5043, 6.351898, 0.0856, 0.0856 
20.02464, -0.06543177, -0.01560986, -0.3243558, 1.662768, 131.6062, 6.091481, 0.0856, 0.0856 
20.04121, -0.06422985, -0.01688483, -0.3266861, 1.772161, 131.6617, 5.933127, 0.0856, 0.0856 
20.05774, -0.06615832, -0.01648861, -0.3273587, 2.084971, 132.2377, 5.82362, 0.0856, 0.0856 
20.07444, -0.06617755, -0.01778823, -0.3289459, 2.412246, 132.7891, 5.52582, 0.0856, 0.0856 
20.09161, -0.06444317, -0.0204376, -0.3310714, 2.614745, 133.1023, 5.199333, 0.0856, 0.0856 
20.10782, -0.06540972, -0.01959357, -0.330042, 2.911736, 133.0774, 4.583329, 0.0856, 0.0856 
20.12524, -0.06179574, -0.0237152, -0.3334401, 2.754004, 133.1227, 4.270973, 0.0856, 0.0856 
20.14111, -0.06533214, -0.01957974, -0.3313206, 2.853914, 133.0316, 3.930447, 0.0856, 0.0856 
20.15791, -0.0664649, -0.01839152, -0.3316173, 2.776866, 132.9814, 3.440834, 0.0856, 0.0856 
20.17444, -0.06272453, -0.0228698, -0.3363931, 2.268692, 132.8959, 2.526182, 0.0856, 0.0856 
20.19122, -0.06465775, -0.02085969, -0.3353156, 2.256779, 132.8932, 1.908957, 0.0856, 0.0856 
20.20782, -0.0638147, -0.02188855, -0.3361309, 2.274662, 132.8646, 1.414911, 0.0856, 0.0856 
20.22497, -0.06235346, -0.02459925, -0.3385447, 1.562572, 132.6481, 1.053483, 0.0856, 0.0856 
20.24119, -0.065651, -0.02145439, -0.3370761, 1.338741, 132.4997, 0.5115574, 0.0856, 0.0856 
20.25793, -0.0673455, -0.02022505, -0.3364991, 1.098165, 132.3985, 359.872, 0.0856, 0.0856 
20.27454, -0.06770363, -0.02046296, -0.336921, 0.8779362, 132.2765, 359.2857, 0.0856, 0.0856 
20.29124, -0.06714517, -0.02150607, -0.3383286, 0.6761242, 132.0981, 359.0455, 0.0856, 0.0856 
20.30791, -0.06730589, -0.02147138, -0.3392573, 0.5168132, 131.9877, 358.9263, 0.0856, 0.0856 
20.3265, -0.06639138, -0.02267906, -0.3406462, 0.3295691, 131.8431, 358.8701, 0.0856, 0.0856 
20.34114, -0.06636882, -0.02239588, -0.3409645, 0.214222, 131.6349, 358.8336, 0.0856, 0.0856 
20.35832, -0.06498778, -0.02309155, -0.3417401, 0.0955117, 131.422, 358.8343, 0.0856, 0.0856 
20.37466, -0.06527704, -0.02145466, -0.3409981, 0.04958259, 131.1022, 358.9865, 0.0856, 0.0856 
20.39148, -0.06478849, -0.02120343, -0.3410437, 359.8937, 130.6699, 359.0208, 0.0856, 0.0856 
20.40776, -0.06412908, -0.02199414, -0.3415584, 359.8038, 130.2837, 359.01, 0.0856, 0.0856 
20.42453, -0.06269982, -0.02460471, -0.3427773, 359.7558, 130.0314, 358.9598, 0.0856, 0.0856 
20.44117, -0.06308424, -0.02360937, -0.3424478, 359.9045, 129.774, 358.9656, 0.0856, 0.0856 
20.45803, -0.06256306, -0.02268478, -0.3427243, 0.004185465, 129.5942, 358.9534, 0.0856, 0.0856 
20.47463, -0.06166518, -0.02358744, -0.3436654, 0.1049549, 129.3788, 358.9739, 0.0856, 0.0856 
20.49121, -0.06246328, -0.0216268, -0.3429171, 0.07862674, 129.5077, 359.0279, 0.0856, 0.0856 
20.50787, -0.06249064, -0.02111873, -0.342868, 359.9451, 129.5725, 359.0208, 0.0856, 0.0856 
20.52582, -0.062262, -0.02151462, -0.3430679, 359.8513, 129.6137, 358.9565, 0.0856, 0.0856 
20.54129, -0.06110471, -0.0235219, -0.3437973, 359.8331, 129.5689, 358.9214, 0.0856, 0.0856 
20.55811, -0.06165218, -0.02243385, -0.343075, 359.9178, 129.6513, 358.8891, 0.0856, 0.0856 
20.5746, -0.06165335, -0.02153239, -0.3426973, 359.8773, 129.6419, 358.8444, 0.0856, 0.0856 
20.59143, -0.0608979, -0.02108553, -0.3429723, 359.7477, 129.56, 358.58, 0.0856, 0.0856 
20.6078, -0.06015398, -0.0213412, -0.343906, 0.1137054, 129.518, 358.3039, 0.0856, 0.0856 
20.62481, -0.06001262, -0.02236235, -0.3446622, 0.3233673, 129.6067, 358.4416, 0.0856, 0.0856 
20.64119, -0.05921701, -0.0248346, -0.3454216, 0.2551178, 129.6761, 358.7116, 0.0856, 0.0856 
20.65824, -0.05945578, -0.02413478, -0.3446946, 0.1103782, 129.6426, 358.8433, 0.0856, 0.0856 
20.67451, -0.05900741, -0.02376786, -0.3444583, 359.8864, 129.6281, 358.8676, 0.0856, 0.0856 
20.6912, -0.05568995, -0.02826747, -0.3466664, 359.4024, 129.8933, 359.1582, 0.0856, 0.0856 
20.70788, -0.05744155, -0.02630672, -0.345787, 359.5594, 129.8589, 359.3267, 0.0856, 0.0856 
20.72471, -0.05928516, -0.02448812, -0.345453, 359.6874, 129.8122, 359.4182, 0.0856, 0.0856 
20.74139, -0.05979, -0.0236612, -0.3450175, 359.9229, 129.7451, 359.4207, 0.0856, 0.0856 
20.75797, -0.05859733, -0.02393195, -0.3447877, 0.03761687, 129.7358, 359.4596, 0.0856, 0.0856 
20.77478, -0.05729046, -0.02477625, -0.3449855, 359.8632, 129.7225, 359.4434, 0.0856, 0.0856 
20.79123, -0.05594578, -0.02647278, -0.3462701, 359.3132, 129.7262, 359.4057, 0.0856, 0.0856 
20.80791, -0.05572538, -0.02758387, -0.3473375, 359.3495, 129.6686, 359.407, 0.0856, 0.0856 
20.82463, -0.05783434, -0.02467299, -0.3461314, 359.5099, 129.7788, 359.5182, 0.0856, 0.0856 
20.84249, -0.05671455, -0.02617392, -0.3464304, 359.6434, 129.696, 359.4737, 0.0856, 0.0856 
20.85811, -0.05334407, -0.02979606, -0.3480899, 358.9132, 129.5239, 359.0752, 0.0856, 0.0856 
20.87519, -0.04950798, -0.03570846, -0.3507768, 357.5675, 130.1088, 0.02008573, 0.0856, 0.0856 
20.89123, -0.05505313, -0.02739176, -0.3470227, 358.6011, 130.0927, 359.8755, 0.0856, 0.0856 
20.90899, -0.06026715, -0.01983738, -0.3441291, 359.3614, 130.1716, 359.7502, 0.0856, 0.0856 
20.92466, -0.05941355, -0.02197117, -0.3451695, 359.7469, 130.104, 359.77, 0.0856, 0.0856 
20.94117, -0.05794403, -0.02438042, -0.3460899, 359.8218, 129.93, 359.6904, 0.0856, 0.0856 
20.95815, -0.05703332, -0.02512917, -0.3459743, 359.8734, 129.8646, 359.5918, 0.0856, 0.0856 
20.97453, -0.05737907, -0.0239141, -0.3456281, 359.7199, 129.9466, 359.8866, 0.0856, 0.0856 
20.99116, -0.05875874, -0.02230579, -0.3457041, 359.8273, 129.9738, 359.8469, 0.0856, 0.0856 
21.00781, -0.05913348, -0.02293399, -0.3467817, 359.8123, 130.0263, 359.8181, 0.0856, 0.0856 
21.02456, -0.05823293, -0.02442572, -0.3475796, 359.3734, 129.9978, 359.7603, 0.0856, 0.0856 
21.04125, -0.05841644, -0.02314615, -0.3468889, 359.4104, 130.1265, 0.02007159, 0.0856, 0.0856 
21.0582, -0.05707544, -0.02443075, -0.3473534, 359.1557, 129.888, 359.7202, 0.0856, 0.0856 
21.07459, -0.05708703, -0.02426916, -0.3468302, 359.3059, 129.7861, 359.5602, 0.0856, 0.0856 
21.09226, -0.05747728, -0.02411881, -0.3465462, 359.6723, 129.8062, 359.5825, 0.0856, 0.0856 
21.10794, -0.05795306, -0.02406976, -0.3464981, 359.8791, 129.8459, 359.503, 0.0856, 0.0856 
21.12461, -0.05775528, -0.02452776, -0.3466863, 359.8541, 129.779, 359.457, 0.0856, 0.0856 
21.14119, -0.05705452, -0.02465931, -0.346801, 359.7246, 129.6734, 359.476, 0.0856, 0.0856 
21.15786, -0.05564547, -0.02554524, -0.3474363, 359.4441, 129.5888, 359.407, 0.0856, 0.0856 
21.17449, -0.05473095, -0.02632058, -0.3477629, 359.3045, 129.5882, 359.4402, 0.0856, 0.0856 
21.19115, -0.05465271, -0.02709076, -0.3480894, 359.2674, 129.5482, 359.4534, 0.0856, 0.0856 
21.20786, -0.05574568, -0.0263733, -0.3475569, 359.7988, 129.7047, 359.6034, 0.0856, 0.0856 
21.22448, -0.05617192, -0.02623138, -0.3475944, 0.1319108, 129.6845, 359.5612, 0.0856, 0.0856 
21.24116, -0.05536236, -0.02651766, -0.3477029, 359.947, 129.5836, 359.4875, 0.0856, 0.0856 
21.25786, -0.05450515, -0.02697414, -0.3476697, 359.5599, 129.5127, 359.4185, 0.0856, 0.0856 
21.27454, -0.0542659, -0.02726465, -0.3477596, 359.3696, 129.5177, 359.4589, 0.0856, 0.0856 
21.2912, -0.05464192, -0.02710529, -0.3479079, 359.4016, 129.5793, 359.5117, 0.0856, 0.0856 
21.30788, -0.05496979, -0.02671248, -0.3479385, 359.488, 129.8203, 359.7875, 0.0856, 0.0856 
21.32603, -0.05508378, -0.02685338, -0.348121, 359.5829, 129.9297, 359.8899, 0.0856, 0.0856 
21.34118, -0.05527289, -0.02666178, -0.3478069, 0.0503708, 129.7643, 359.752, 0.0856, 0.0856 
21.35831, -0.05490413, -0.02736121, -0.3480064, 0.1710912, 129.8351, 359.829, 0.0856, 0.0856 
21.3745, -0.05455343, -0.02738698, -0.3478085, 0.02903195, 129.6673, 359.5533, 0.0856, 0.0856 
21.3912, -0.05460726, -0.02722362, -0.3476653, 359.9002, 129.5059, 359.3437, 0.0856, 0.0856 
21.40787, -0.05434528, -0.02830482, -0.3482004, 0.006516587, 129.4327, 359.272, 0.0856, 0.0856 
21.42454, -0.05498153, -0.02757458, -0.3478379, 359.9742, 129.4844, 359.3654, 0.0856, 0.0856 
21.44117, -0.05533774, -0.02688569, -0.3473245, 359.9087, 129.5139, 359.2353, 0.0856, 0.0856 
21.45783, -0.05496195, -0.02774334, -0.3474235, 359.8858, 129.46, 359.0799, 0.0856, 0.0856 
21.47451, -0.0548313, -0.02827308, -0.3469694, 0.1815606, 129.5326, 359.1378, 0.0856, 0.0856 
21.49142, -0.0551116, -0.02811433, -0.3472542, 0.2317284, 129.5424, 358.799, 0.0856, 0.0856 
21.50803, -0.05530013, -0.02660799, -0.3476718, 359.8471, 129.5939, 359.0515, 0.0856, 0.0856 
21.52626, -0.0554332, -0.02539042, -0.3480013, 359.4595, 129.7939, 359.5313, 0.0856, 0.0856 
21.5412, -0.05444464, -0.02634782, -0.3485208, 359.5177, 129.6396, 359.282, 0.0856, 0.0856 
21.55793, -0.0538376, -0.02766794, -0.348289, 359.4561, 129.5613, 359.3264, 0.0856, 0.0856 
21.57682, -0.0540245, -0.0277603, -0.3476011, 359.4413, 129.5491, 359.4453, 0.0856, 0.0856 
