1.992019, -0.001892064, -0.02105194, 0.0007465594, 52.74915, 0.4185483, 347.1965
2.003446, -0.002299169, -0.02155849, 0.0005508214, 52.4654, 0.2768368, 347.2108
2.020132, -0.002589115, -0.02213781, 0.0004438252, 52.32944, 0.2618908, 347.2611
2.036782, -0.002758594, -0.02288696, 0.0004047789, 52.32439, 0.2983813, 347.2949
2.053476, -0.002830536, -0.02384335, 0.0004354067, 52.40691, 0.2988706, 347.2679
2.070136, -0.003087106, -0.02530066, 0.0004975416, 52.59195, 0.3925453, 347.2179
2.086752, -0.003190078, -0.02669272, 0.0006072931, 52.73116, 0.2054385, 347.0369
2.103414, -0.003268287, -0.02802897, 0.0006582513, 52.83681, 0.03175961, 346.879
2.120146, -0.003397522, -0.0292696, 0.0005867723, 52.89838, 359.9694, 346.8443
2.13673, -0.003576061, -0.03044948, 0.0003750529, 52.91174, 359.9814, 346.8996
2.153409, -0.00370661, -0.03164796, 2.384372E-05, 52.86576, 359.9277, 346.8732
2.170089, -0.003879622, -0.0332301, -0.0006031953, 52.90694, 359.8506, 346.7115
2.18678, -0.003918175, -0.03465217, -0.00111557, 52.85427, 359.6225, 346.4583
2.203467, -0.003923242, -0.03594502, -0.001578848, 52.81164, 359.4084, 346.2164
2.220183, -0.003950658, -0.03707502, -0.00201273, 52.75425, 359.2299, 346.0304
2.236751, -0.003967345, -0.03806964, -0.002403483, 52.68052, 359.0526, 345.8499
2.253509, -0.003925484, -0.03899195, -0.002705791, 52.62418, 358.8052, 345.585
2.270088, -0.004132241, -0.0398178, -0.002916402, 52.71215, 358.527, 345.2127
2.286731, -0.004204405, -0.04043555, -0.002972876, 52.82448, 358.3892, 345.0263
2.303549, -0.004290686, -0.04074207, -0.002959344, 52.94645, 358.3186, 344.9268
2.320175, -0.004430335, -0.04065869, -0.002958517, 52.98493, 358.2622, 344.8796
2.336805, -0.004633097, -0.04016991, -0.003016322, 52.912, 358.2072, 344.8755
2.353539, -0.004902579, -0.03929185, -0.003153907, 52.73966, 358.1778, 344.9369
2.370172, -0.005469667, -0.03892307, -0.003374384, 52.48234, 358.1496, 344.9399
2.38685, -0.005908619, -0.0377631, -0.003706865, 52.17515, 358.1532, 345.0874
2.403482, -0.00629342, -0.03626454, -0.004133506, 51.84333, 358.1459, 345.2363
2.420147, -0.006600938, -0.03462908, -0.004654978, 51.50043, 358.1311, 345.3649
2.436949, -0.006798242, -0.03295282, -0.005277373, 51.12957, 358.0501, 345.4175
2.453496, -0.006937806, -0.03137479, -0.005984665, 50.68142, 357.8293, 345.348
2.470148, -0.007059965, -0.02997203, -0.006764687, 50.23888, 357.485, 345.1656
2.486741, -0.007018589, -0.02848707, -0.007611006, 49.78779, 357.14, 344.9758
2.503521, -0.00688218, -0.02703533, -0.008517787, 49.3959, 356.9472, 344.8939
2.520117, -0.006648885, -0.02569261, -0.009473548, 49.08438, 356.9194, 344.9119
2.536789, -0.006272032, -0.02456265, -0.01045574, 48.84851, 356.9492, 344.917
2.553396, -0.005762056, -0.02364385, -0.01147588, 48.65234, 357.093, 344.9144
2.570167, -0.00519912, -0.02284722, -0.01255341, 48.55809, 357.2737, 344.9324
2.586766, -0.004525352, -0.02223749, -0.0136087, 48.45901, 357.447, 344.9583
2.603551, -0.003792484, -0.02179333, -0.01463814, 48.34552, 357.5419, 344.9543
2.620136, -0.003007989, -0.02151161, -0.01563973, 48.22994, 357.5505, 344.9055
2.636898, -0.002173518, -0.02136332, -0.01663747, 48.12539, 357.5019, 344.8242
2.653496, -0.001286412, -0.02127228, -0.01779141, 48.01033, 357.5312, 344.7738
2.670149, -0.0003608074, -0.0211622, -0.01920832, 47.95012, 357.6427, 344.7678
2.686902, 0.0006484085, -0.02122192, -0.02051668, 47.93535, 357.7755, 344.7578
2.703457, 0.001713167, -0.0214121, -0.02179854, 47.97894, 357.9239, 344.7399
2.720153, 0.002820042, -0.02170806, -0.0230966, 48.07792, 358.0876, 344.7121
2.736887, 0.003938065, -0.02206327, -0.02445697, 48.21715, 358.3019, 344.7159
2.753456, 0.00499836, -0.02247262, -0.02592338, 48.34086, 358.5707, 344.7969
2.770154, 0.005964888, -0.0229435, -0.02753339, 48.46779, 358.793, 344.8355
2.786782, 0.006970346, -0.02341123, -0.02918891, 48.53922, 358.9594, 344.8421
2.803489, 0.00794779, -0.02389524, -0.03086552, 48.58601, 359.0855, 344.8268
2.820144, 0.008895406, -0.02441717, -0.03254871, 48.65381, 359.2393, 344.8226
2.836869, 0.009808837, -0.0249759, -0.03425896, 48.7195, 359.4053, 344.8103
2.853486, 0.01068975, -0.02550812, -0.03601413, 48.71027, 359.6024, 344.8474
2.870135, 0.01151143, -0.02596894, -0.03775324, 48.67255, 359.6774, 344.749
2.886784, 0.01228215, -0.02643894, -0.03936711, 48.53622, 359.6041, 344.5944
2.903458, 0.01296174, -0.02682168, -0.0407945, 48.33305, 359.4472, 344.458
2.920106, 0.01357571, -0.02713792, -0.0420236, 48.13525, 359.2772, 344.3774
2.936823, 0.01423281, -0.02744822, -0.04310626, 48.02545, 359.2046, 344.3696
2.953468, 0.01499747, -0.02772042, -0.04421527, 47.99407, 359.1822, 344.4052
2.970141, 0.01591669, -0.02787115, -0.04549439, 48.06129, 359.1867, 344.3752
2.986796, 0.01687808, -0.02819232, -0.04649291, 48.14332, 359.1474, 344.293
3.003522, 0.01784014, -0.02851631, -0.04737387, 48.21241, 359.0815, 344.2132
3.020211, 0.01878855, -0.02878428, -0.04820599, 48.25278, 358.9883, 344.1383
3.036845, 0.01971561, -0.02896786, -0.04903848, 48.26097, 358.9193, 344.1023
3.053496, 0.02064521, -0.02908887, -0.04989952, 48.12141, 358.7857, 344.0295
3.070184, 0.0216077, -0.02919337, -0.05082414, 48.00281, 358.6305, 343.8982
3.086924, 0.02266826, -0.0293336, -0.0518599, 47.89023, 358.4395, 343.5815
3.103527, 0.02366411, -0.0293175, -0.05284514, 47.75836, 358.2747, 343.3661
3.120255, 0.02447308, -0.02912227, -0.0537913, 47.58866, 358.1976, 343.3103
3.136855, 0.02514166, -0.02895519, -0.05462677, 47.52539, 358.1596, 343.3274
3.153472, 0.02569406, -0.02870933, -0.05551754, 47.38399, 357.9564, 343.2999
3.170263, 0.02613892, -0.02827152, -0.05661925, 47.19856, 357.6851, 343.2639
3.186863, 0.02644315, -0.02790698, -0.05733538, 47.02999, 357.4573, 343.3192
3.203516, 0.02665321, -0.02758937, -0.05785646, 46.82174, 357.1389, 343.3486
3.220426, 0.02684174, -0.02732503, -0.05827186, 46.62709, 356.8255, 343.3937
3.237041, 0.0270941, -0.02715618, -0.05865543, 46.445, 356.5036, 343.3847
3.253482, 0.02742251, -0.0269365, -0.05930258, 46.26674, 356.2363, 343.3757
3.270188, 0.02783778, -0.02657662, -0.06041196, 46.20704, 356.075, 343.3849
3.286869, 0.02830705, -0.02655871, -0.06103659, 46.25352, 355.998, 343.4049
3.303589, 0.02877664, -0.02668507, -0.06142643, 46.26061, 355.759, 343.3218
3.320201, 0.02927516, -0.02687031, -0.06172481, 46.21443, 355.3921, 343.1493
3.336908, 0.02978474, -0.02705391, -0.06200332, 46.11795, 354.9759, 342.9557
3.353519, 0.03048432, -0.02727193, -0.06253877, 46.02894, 354.7748, 342.8907
3.370159, 0.03154744, -0.02756491, -0.06352709, 45.99092, 354.7816, 342.9654
3.386819, 0.03254394, -0.02775223, -0.06430873, 45.95426, 354.8487, 342.9895
3.403487, 0.03364503, -0.02800523, -0.06504094, 45.9309, 354.8728, 342.9033
3.420222, 0.03486791, -0.02832144, -0.06578407, 45.9242, 354.8939, 342.7628
3.436985, 0.03618698, -0.02864128, -0.06657082, 45.90782, 354.9486, 342.6237
3.453562, 0.0375539, -0.02894173, -0.06736897, 45.85736, 354.998, 342.4924
3.470215, 0.03892815, -0.02922291, -0.06811909, 45.79978, 355.0633, 342.4059
3.486899, 0.04032001, -0.02951183, -0.06878595, 45.75093, 355.1243, 342.3438
3.503619, 0.04169518, -0.02972177, -0.069329, 45.66948, 355.0656, 342.2115
3.520166, 0.04315692, -0.03004889, -0.06975206, 45.63409, 354.9945, 342.0737
3.536926, 0.04469036, -0.03040595, -0.07010222, 45.63745, 354.9452, 341.9321
3.553624, 0.04625926, -0.03073349, -0.07041137, 45.68836, 354.9745, 341.8291
3.570225, 0.0478006, -0.03096514, -0.07067843, 45.73475, 355.0552, 341.7838
3.586938, 0.04928636, -0.03107033, -0.07090558, 45.71582, 355.1231, 341.7701
3.603599, 0.05083696, -0.03095886, -0.07126012, 45.65198, 355.1707, 341.7691
3.620246, 0.05226971, -0.03086258, -0.07141769, 45.58317, 355.2421, 341.8146
3.636905, 0.05366746, -0.03078285, -0.07143094, 45.52314, 355.3124, 341.8654
3.653609, 0.05505009, -0.03072912, -0.07130797, 45.48132, 355.3773, 341.9154
3.67014, 0.0564161, -0.03069872, -0.07105003, 45.44961, 355.4177, 341.9547
3.687128, 0.05782708, -0.03070371, -0.07077693, 45.44386, 355.4117, 341.9361
3.703647, 0.05931123, -0.03076194, -0.0705948, 45.46793, 355.4056, 341.8913
3.72022, 0.06069133, -0.03081162, -0.07028043, 45.52179, 355.4609, 341.8616
3.73684, 0.06197642, -0.03079233, -0.06997798, 45.54176, 355.5405, 341.8482
3.75365, 0.06310573, -0.03070085, -0.06966244, 45.50283, 355.5721, 341.8468
3.770149, 0.06406283, -0.03054725, -0.06931295, 45.44878, 355.5871, 341.8832
3.78681, 0.06491581, -0.030393, -0.06896076, 45.43119, 355.6099, 341.9172
3.803599, 0.06640334, -0.03027741, -0.06922215, 45.46703, 355.6453, 341.8913
3.820216, 0.06736259, -0.03013042, -0.06919669, 45.5139, 355.7364, 341.88
3.836896, 0.06801614, -0.02990667, -0.06911878, 45.5501, 355.8389, 341.8821
3.85352, 0.06839184, -0.02957083, -0.06904984, 45.56588, 355.9574, 341.937
3.87029, 0.06853211, -0.0291262, -0.06900582, 45.53524, 356.0685, 342.0303
3.886907, 0.06847125, -0.02861872, -0.06895287, 45.45658, 356.1379, 342.1309
3.903574, 0.06866451, -0.02801606, -0.06913292, 45.37244, 356.0692, 342.195
3.920199, 0.06847775, -0.02750651, -0.06910264, 45.32793, 356.0866, 342.266
3.936851, 0.06811851, -0.02705408, -0.06897982, 45.3184, 356.1363, 342.3152
3.9537, 0.06761985, -0.02661935, -0.06880008, 45.32868, 356.1953, 342.3574
3.970315, 0.06696853, -0.02617051, -0.06857894, 45.34248, 356.2469, 342.4026
3.986944, 0.06616725, -0.02569337, -0.06831904, 45.3764, 356.3143, 342.4691
4.003634, 0.06465551, -0.02483225, -0.06833798, 45.413, 356.3758, 342.5069
4.020277, 0.06338409, -0.02414386, -0.06814169, 45.41407, 356.4122, 342.5845
4.036889, 0.06211678, -0.02346622, -0.06788309, 45.39488, 356.4623, 342.6817
4.053499, 0.06079069, -0.02276182, -0.06760728, 45.34926, 356.4925, 342.7702
4.070291, 0.05939741, -0.02203907, -0.06733823, 45.29987, 356.5407, 342.8626
4.086963, 0.05794828, -0.02132404, -0.06707498, 45.27361, 356.5955, 342.938
4.103501, 0.05606853, -0.02058884, -0.06670989, 45.30997, 356.7104, 342.9882
4.120217, 0.05441117, -0.0199053, -0.06642118, 45.37164, 356.8245, 343.0519
4.136844, 0.05278504, -0.01925273, -0.0661229, 45.46157, 356.9327, 343.1096
4.153646, 0.0511222, -0.01861332, -0.06578265, 45.56578, 357.0252, 343.1689
4.170297, 0.04940512, -0.01795116, -0.06542349, 45.66793, 357.122, 343.2484
4.186924, 0.04764839, -0.01724766, -0.06507424, 45.7558, 357.2324, 343.3428
4.203534, 0.04548492, -0.01640702, -0.0648348, 45.85921, 357.3313, 343.3827
4.220171, 0.0435036, -0.01560495, -0.06452872, 45.94435, 357.4619, 343.4864
4.236924, 0.04152473, -0.01478374, -0.06419556, 46.03783, 357.611, 343.611
4.253532, 0.03950691, -0.01392448, -0.06385687, 46.12175, 357.7615, 343.7446
4.270261, 0.03745165, -0.01303869, -0.06352478, 46.19824, 357.9102, 343.877
4.286959, 0.03536353, -0.01213887, -0.06319021, 46.27642, 358.0502, 343.9973
4.303606, 0.03313883, -0.01130159, -0.06297961, 46.40827, 358.2049, 344.1188
4.320253, 0.03093204, -0.01043555, -0.06261981, 46.57228, 358.3839, 344.2666
4.337, 0.02869252, -0.009540656, -0.0622016, 46.7653, 358.5946, 344.4302
4.353629, 0.02639575, -0.008596871, -0.06177704, 46.95041, 358.8173, 344.6074
4.370205, 0.02404042, -0.007593998, -0.06137605, 47.09285, 359.0101, 344.7731
4.386901, 0.02162195, -0.006521437, -0.06102295, 47.17051, 359.1606, 344.9239
4.403628, 0.01910303, -0.00544871, -0.0606054, 47.21084, 359.2726, 345.0584
4.420261, 0.01659046, -0.0042856, -0.06034068, 47.19753, 359.4631, 345.2339
4.436937, 0.01403403, -0.003132612, -0.06008657, 47.21774, 359.6862, 345.441
4.45359, 0.01147623, -0.00207942, -0.05977023, 47.34538, 359.9832, 345.6725
4.470298, 0.008950856, -0.001196954, -0.05935394, 47.61295, 0.3271372, 345.8901
4.486997, 0.006481024, -0.0003738366, -0.0589733, 47.99583, 0.7376814, 346.0971
4.503534, 0.004087826, 0.0004701832, -0.05874469, 48.42192, 1.227516, 346.3186
4.520331, 0.001731817, 0.001087949, -0.05835649, 48.91321, 1.802233, 346.5422
4.536942, -0.0005774318, 0.001585006, -0.05794082, 49.42739, 2.419293, 346.7381
4.553525, -0.002923595, 0.002023954, -0.05749098, 49.96024, 3.046974, 346.9402
4.570249, -0.005342392, 0.002470436, -0.05702057, 50.49656, 3.721101, 347.1913
4.586914, -0.007814582, 0.002991315, -0.05663842, 51.09434, 4.523654, 347.5201
4.603647, -0.01030276, 0.003597328, -0.05639356, 51.72278, 5.467047, 347.9398
4.620267, -0.01284581, 0.004051037, -0.05592221, 52.42773, 6.460498, 348.4061
4.63689, -0.01545092, 0.004475903, -0.05535327, 53.11855, 7.41104, 348.8647
4.653568, -0.01816452, 0.004953382, -0.05474117, 53.7052, 8.169072, 349.2347
4.670233, -0.02102043, 0.005563349, -0.0541398, 54.16828, 8.792132, 349.5666
4.686923, -0.02402608, 0.006354695, -0.05358744, 54.5542, 9.454853, 349.9813
4.703663, -0.02678711, 0.007123649, -0.05354057, 54.88803, 10.28245, 350.5266
4.720416, -0.02983248, 0.008149687, -0.05326223, 55.22412, 11.25371, 351.181
4.736979, -0.03301675, 0.009314179, -0.05287803, 55.55511, 12.27516, 351.8853
4.753595, -0.03634211, 0.010579, -0.05238779, 55.83548, 13.16884, 352.5449
4.770276, -0.03979944, 0.01196146, -0.05184196, 56.03579, 13.89441, 353.1313
4.786978, -0.04342997, 0.01355553, -0.0513321, 56.08028, 14.57515, 353.7174
4.803619, -0.04727599, 0.01541371, -0.05087264, 56.03084, 15.1101, 354.2354
4.820249, -0.05125136, 0.01744599, -0.05044207, 55.84583, 15.52312, 354.7374
4.83699, -0.05538517, 0.01963513, -0.05000143, 55.55954, 15.82209, 355.2418
4.853546, -0.05962226, 0.02192092, -0.0495539, 55.19764, 15.98657, 355.709
4.870386, -0.0638717, 0.02421655, -0.04912278, 54.78767, 16.00142, 356.0897
4.886981, -0.06805022, 0.02643722, -0.04875988, 54.26695, 15.95699, 356.4443
4.903569, -0.07204028, 0.02852291, -0.04850036, 53.85262, 15.89159, 356.7451
4.920239, -0.07584151, 0.03048612, -0.04824298, 53.5149, 15.88847, 357.0527
4.936883, -0.07940191, 0.03229635, -0.04798911, 53.24575, 15.93111, 357.3558
4.95355, -0.08274953, 0.03398653, -0.04771291, 53.02395, 16.0207, 357.6922
4.970301, -0.08587945, 0.03557251, -0.04743503, 52.83307, 16.19036, 358.0925
4.987073, -0.08862951, 0.03708182, -0.04722627, 52.6353, 16.52975, 358.5681
5.00358, -0.0908712, 0.03849779, -0.0470928, 52.52976, 16.85683, 359.0212
5.020287, -0.09289943, 0.03955758, -0.0469088, 52.4729, 17.22566, 359.4479
5.036888, -0.09459397, 0.04031475, -0.04670342, 52.45692, 17.54334, 359.7746
5.053675, -0.09595789, 0.04082575, -0.04648673, 52.47655, 17.82718, 0.02532855
5.070355, -0.09704236, 0.04116308, -0.04628179, 52.51049, 18.11847, 0.2541173
5.086965, -0.0980531, 0.04141436, -0.04606589, 52.5103, 18.44452, 0.5138909
5.103632, -0.09910411, 0.04159893, -0.04581797, 52.50319, 18.6422, 0.6938437
5.120307, -0.09972765, 0.04158766, -0.04564116, 52.46683, 18.74222, 0.7840493
5.136921, -0.1000922, 0.04142335, -0.04551403, 52.40305, 18.71541, 0.7436043
5.153725, -0.1002961, 0.0411559, -0.04542457, 52.31779, 18.62143, 0.616882
5.170256, -0.1004166, 0.04082033, -0.04533656, 52.24421, 18.57693, 0.5096469
5.186898, -0.1003932, 0.04033239, -0.04521494, 52.20341, 18.65691, 0.5283521
5.203692, -0.1001474, 0.0395917, -0.04502748, 52.24783, 18.85421, 0.6499976
5.220284, -0.1000612, 0.03894701, -0.04466634, 52.33328, 19.04658, 0.7741165
5.236952, -0.09997323, 0.03829909, -0.04420356, 52.42808, 19.18896, 0.8539874
5.25373, -0.09986204, 0.03765311, -0.04365092, 52.52031, 19.29266, 0.9085374
5.270292, -0.09973824, 0.03703016, -0.04300462, 52.6128, 19.39041, 0.9763157
5.286883, -0.09952365, 0.03633295, -0.04230391, 52.70689, 19.46247, 1.061685
5.303634, -0.09914514, 0.03549786, -0.04161549, 52.84439, 19.56797, 1.16765
5.320301, -0.09889456, 0.03483821, -0.04082991, 53.00283, 19.66856, 1.275108
5.336922, -0.09867364, 0.03428487, -0.04007357, 53.13168, 19.73512, 1.340531
5.35378, -0.09845439, 0.03381822, -0.03940359, 53.21748, 19.77064, 1.361175
5.370264, -0.09822922, 0.03342553, -0.03881929, 53.26248, 19.78901, 1.353749
5.38695, -0.09793361, 0.03298835, -0.03829955, 53.26136, 19.74571, 1.303456
5.403655, -0.09751202, 0.0324607, -0.03783175, 53.2644, 19.67226, 1.232899
5.420337, -0.09718026, 0.0321467, -0.03737462, 53.25945, 19.61142, 1.182924
5.436969, -0.09684111, 0.03191167, -0.03692276, 53.27241, 19.60494, 1.176832
5.453629, -0.0964506, 0.03169005, -0.03647675, 53.30553, 19.60639, 1.174023
5.470273, -0.09599103, 0.03145453, -0.03604751, 53.35888, 19.58837, 1.147696
5.486938, -0.09552071, 0.03116449, -0.03561136, 53.41924, 19.5296, 1.099012
5.504856, -0.09511882, 0.03080976, -0.03514463, 53.47429, 19.44776, 1.04024
5.521486, -0.09467236, 0.03061201, -0.03479953, 53.50586, 19.33831, 0.9754776
5.538214, -0.09423345, 0.03051009, -0.03454195, 53.51896, 19.22367, 0.9199215
5.554744, -0.09379476, 0.03047033, -0.0343908, 53.52898, 19.15399, 0.8817576
5.57133, -0.09335993, 0.03047307, -0.03435169, 53.5345, 19.1187, 0.834784
5.587987, -0.09298395, 0.03034004, -0.03436634, 53.53907, 19.08553, 0.7852399
5.604469, -0.0927159, 0.02994466, -0.03439782, 53.55166, 19.08321, 0.7527334
5.62123, -0.09253505, 0.02987589, -0.03443942, 53.55253, 19.08974, 0.7489891
5.638186, -0.09243807, 0.02993705, -0.03447583, 53.53086, 19.08868, 0.7619787
5.654721, -0.09238677, 0.03001085, -0.03448868, 53.50274, 19.03085, 0.7393901
5.671796, -0.09233901, 0.03004916, -0.03449411, 53.48135, 18.93608, 0.6731527
5.687989, -0.09222119, 0.03009782, -0.03459316, 53.46461, 18.8737, 0.606226
5.704779, -0.09198192, 0.030165, -0.0348273, 53.43259, 18.86347, 0.5508937
5.72126, -0.09181528, 0.03012548, -0.03492343, 53.41298, 18.82679, 0.4801277
5.73798, -0.0916504, 0.03001216, -0.03493793, 53.41501, 18.77019, 0.4118469
5.755064, -0.09146032, 0.02985113, -0.03491611, 53.44112, 18.70545, 0.3411368
5.771604, -0.09127192, 0.02967631, -0.03490664, 53.47117, 18.64879, 0.2802396
5.788297, -0.09098186, 0.02945851, -0.03483463, 53.48763, 18.6304, 0.2564896
5.80481, -0.09046578, 0.02912367, -0.03460824, 53.4781, 18.60298, 0.2206162
5.821466, -0.09012663, 0.02887652, -0.03463939, 53.48203, 18.59657, 0.198645
5.837997, -0.08978653, 0.02861959, -0.03478949, 53.52119, 18.63205, 0.1877449
5.854866, -0.08942217, 0.02835904, -0.03500855, 53.58152, 18.68682, 0.1749792
5.871583, -0.08908384, 0.02814989, -0.03526935, 53.62807, 18.73342, 0.1643398
5.888173, -0.08877212, 0.02799008, -0.03552509, 53.64214, 18.75385, 0.1542846
5.904688, -0.08844644, 0.02781824, -0.03572524, 53.6498, 18.76505, 0.1370604
5.921506, -0.0882556, 0.02776881, -0.03593725, 53.6618, 18.79315, 0.1700935
5.937826, -0.08815329, 0.02780255, -0.03614347, 53.68103, 18.8533, 0.2423924
5.954791, -0.08811883, 0.02788968, -0.03635284, 53.69323, 18.90478, 0.3111681
5.971415, -0.08813877, 0.02802368, -0.03658369, 53.68532, 18.91562, 0.344297
5.98841, -0.08808164, 0.02809071, -0.03674072, 53.63839, 18.88462, 0.346123
6.004647, -0.0878457, 0.02800496, -0.03674229, 53.57266, 18.85543, 0.3494726
6.021211, -0.08791136, 0.02814372, -0.03687731, 53.51939, 18.8395, 0.382944
6.037978, -0.08808504, 0.02832065, -0.03700768, 53.49492, 18.83282, 0.4351432
6.055359, -0.08829212, 0.02849638, -0.03712748, 53.47879, 18.83681, 0.4909621
6.071272, -0.08850206, 0.02866351, -0.03724222, 53.46008, 18.86022, 0.5567573
6.088348, -0.08867796, 0.02879445, -0.0372849, 53.43405, 18.85665, 0.5991876
6.104862, -0.0887889, 0.02885886, -0.03719882, 53.42182, 18.82442, 0.6094043
6.121716, -0.08883266, 0.02886979, -0.03717371, 53.4268, 18.78422, 0.6044452
6.138535, -0.08879414, 0.02882212, -0.03718186, 53.45247, 18.76526, 0.5904545
6.155367, -0.08868113, 0.02872834, -0.03722495, 53.48846, 18.76555, 0.566974
6.171637, -0.08851896, 0.02860643, -0.03728736, 53.5239, 18.7639, 0.5353394
6.18807, -0.08834627, 0.02844762, -0.03732803, 53.55883, 18.75185, 0.5096481
6.204938, -0.08815788, 0.02824306, -0.03732265, 53.61229, 18.7216, 0.4703969
6.221537, -0.08786476, 0.02806976, -0.03736352, 53.67311, 18.68955, 0.4143003
6.238015, -0.0874873, 0.02793508, -0.03748215, 53.72901, 18.68174, 0.3375565
6.255316, -0.08706772, 0.02786113, -0.03767043, 53.77523, 18.72264, 0.2743291
6.271603, -0.08666362, 0.02790334, -0.03791437, 53.77655, 18.79235, 0.2469169
6.28816, -0.08624412, 0.02803337, -0.03824403, 53.7551, 18.86828, 0.2437135
6.304654, -0.08571869, 0.02816764, -0.03869281, 53.7416, 18.98018, 0.2579657
6.321143, -0.085116, 0.02829266, -0.03911211, 53.76061, 19.14727, 0.2925958
6.337695, -0.08438876, 0.0284069, -0.03959997, 53.79911, 19.32541, 0.2960764
6.354662, -0.08358052, 0.02857041, -0.04018763, 53.80877, 19.46219, 0.2424219
6.371443, -0.08278453, 0.0288461, -0.04086204, 53.76737, 19.60265, 0.2078245
6.388373, -0.08205087, 0.02928049, -0.041711, 53.67524, 19.76245, 0.2154397
6.404796, -0.0813542, 0.0298037, -0.04275606, 53.576, 19.91743, 0.2269892
6.421519, -0.08063227, 0.03026452, -0.04357851, 53.49239, 20.05663, 0.2395003
6.438531, -0.0799146, 0.03071378, -0.04431093, 53.42589, 20.21914, 0.2699348
6.455576, -0.07923715, 0.0311964, -0.04500188, 53.35827, 20.42614, 0.3376335
6.47205, -0.0786119, 0.03170438, -0.04565233, 53.27943, 20.63469, 0.4189049
6.488984, -0.0781011, 0.03221259, -0.04623729, 53.19413, 20.79688, 0.476796
6.505557, -0.07774829, 0.03269197, -0.04674384, 53.13909, 20.94659, 0.5208383
6.522433, -0.07724845, 0.03302496, -0.04720438, 53.10559, 21.06105, 0.539392
6.538981, -0.07667735, 0.03324464, -0.04762473, 53.08775, 21.14472, 0.5215061
6.556023, -0.07608671, 0.03337923, -0.04800084, 53.08352, 21.20645, 0.482019
6.57247, -0.07551698, 0.03345777, -0.04833409, 53.09304, 21.26566, 0.4502197
6.588715, -0.07498138, 0.03350805, -0.04865041, 53.10426, 21.33456, 0.4371169
6.605272, -0.07431712, 0.03333795, -0.04902096, 53.10213, 21.41108, 0.4238017
6.622534, -0.07371923, 0.033243, -0.04938823, 53.10052, 21.46447, 0.3774395
6.639089, -0.07312198, 0.03313361, -0.04973321, 53.11063, 21.50821, 0.3154717
6.655922, -0.07252097, 0.03298765, -0.0500192, 53.14925, 21.54279, 0.2555324
6.672443, -0.07191297, 0.0328348, -0.05027769, 53.19858, 21.57378, 0.1995666
6.688976, -0.07130298, 0.03272175, -0.0505596, 53.23115, 21.61172, 0.1445612
6.705832, -0.07063234, 0.03245718, -0.05076363, 53.25065, 21.66644, 0.09458624
6.723382, -0.07001279, 0.03233835, -0.05104279, 53.27294, 21.70603, 0.03393942
6.738672, -0.06942964, 0.03229012, -0.05135192, 53.29631, 21.74194, 359.97
6.755469, -0.06891783, 0.032333, -0.05168576, 53.30196, 21.80592, 359.9397
6.772517, -0.0685024, 0.03247502, -0.05203304, 53.27037, 21.87224, 359.9359
6.789124, -0.06817464, 0.03268681, -0.05237913, 53.20311, 21.92639, 359.9428
6.805472, -0.06792868, 0.03295689, -0.05281554, 53.14286, 21.99081, 359.9777
6.821963, -0.0677254, 0.03314359, -0.05311611, 53.11278, 22.04554, 0.006777651
6.838079, -0.06755839, 0.03326883, -0.05336178, 53.10491, 22.09923, 0.02856191
6.854748, -0.06745456, 0.03337317, -0.05358558, 53.09764, 22.15521, 0.05117923
6.871447, -0.06743886, 0.03347183, -0.05378401, 53.07267, 22.2006, 0.08281073
6.888381, -0.06742366, 0.03356102, -0.05403043, 53.03618, 22.19657, 0.0944005
6.904632, -0.06731069, 0.03362295, -0.05440031, 53.00474, 22.17647, 0.09262061
6.922371, -0.06730526, 0.03351697, -0.05460108, 53.00352, 22.14991, 0.06988911
6.938616, -0.06731328, 0.03327492, -0.05471986, 53.03454, 22.10975, 0.02299367
6.955699, -0.067304, 0.0329185, -0.05479617, 53.08265, 22.04379, 359.9468
6.972245, -0.06725384, 0.03245524, -0.05485398, 53.13883, 21.94335, 359.8289
6.988908, -0.06709182, 0.03185869, -0.05493467, 53.21365, 21.80322, 359.6619
7.00541, -0.0667968, 0.03115712, -0.05505789, 53.31137, 21.66672, 359.4878
7.022083, -0.06661683, 0.0304508, -0.05511622, 53.41818, 21.53845, 359.3295
7.038645, -0.06650935, 0.02975957, -0.05515722, 53.5147, 21.3976, 359.1732
7.056003, -0.06645523, 0.02909428, -0.0552078, 53.59632, 21.22676, 358.9976
7.07243, -0.06645692, 0.02847804, -0.05528049, 53.65451, 21.04406, 358.8178
7.089345, -0.06651862, 0.02792108, -0.05536466, 53.67987, 20.84379, 358.6399
7.105587, -0.06660995, 0.02727358, -0.05542594, 53.6853, 20.59888, 358.4554
7.122222, -0.0667561, 0.02674685, -0.0554805, 53.67777, 20.34813, 358.2749
7.139022, -0.06690502, 0.0262673, -0.05555693, 53.68003, 20.1414, 358.109
7.15582, -0.0670373, 0.02580377, -0.0556411, 53.71032, 19.99468, 357.9667
7.172087, -0.06716662, 0.0253704, -0.0557101, 53.75289, 19.87567, 357.8483
7.188858, -0.06730708, 0.02504281, -0.0557926, 53.79429, 19.75752, 357.7433
7.206264, -0.0674529, 0.02485861, -0.05592277, 53.83596, 19.62497, 357.6306
7.222368, -0.06754816, 0.02457528, -0.05604712, 53.87595, 19.48139, 357.5002
7.238764, -0.06763046, 0.02433752, -0.05623575, 53.87756, 19.37143, 357.3835
7.255903, -0.06771658, 0.02417821, -0.05647877, 53.83131, 19.26978, 357.2732
7.272123, -0.06777722, 0.02402909, -0.0567067, 53.78317, 19.14147, 357.1448
7.289166, -0.06779196, 0.02372238, -0.05689479, 53.78605, 19.03039, 357.0295
7.305736, -0.06776664, 0.02317885, -0.0570785, 53.83095, 18.96545, 356.9417
7.322531, -0.06769601, 0.02281879, -0.05727908, 53.8715, 18.8941, 356.8391
7.33894, -0.06760466, 0.02254422, -0.05751791, 53.88011, 18.79304, 356.7059
7.35597, -0.0674922, 0.02231779, -0.05777102, 53.87659, 18.69699, 356.5735
7.371593, -0.06734502, 0.02209058, -0.05800139, 53.89368, 18.60719, 356.4441
7.387884, -0.06717277, 0.02184458, -0.05819322, 53.94202, 18.51355, 356.3215
7.40467, -0.06702811, 0.02154673, -0.0584068, 53.99036, 18.42091, 356.2233
7.421726, -0.06689794, 0.0213178, -0.05861021, 54.0174, 18.32228, 356.1287
7.438149, -0.06675336, 0.02110275, -0.05884624, 54.03689, 18.19782, 355.9958
7.454704, -0.06661516, 0.02087984, -0.05911719, 54.08368, 18.085, 355.8516
7.472264, -0.0665545, 0.02072273, -0.05938144, 54.18469, 18.08464, 355.8451
7.48884, -0.06649008, 0.02062933, -0.05963211, 54.30814, 18.20702, 356.0239
7.505186, -0.06624671, 0.02045236, -0.05989691, 54.41354, 18.21523, 356.1797
7.521707, -0.06570381, 0.02040108, -0.06046145, 54.44635, 18.07065, 356.1557
7.53803, -0.06478648, 0.0203055, -0.06126537, 54.41735, 17.84545, 355.9808
7.555002, -0.0635266, 0.02002038, -0.06205469, 54.3023, 17.31183, 355.5432
7.571284, -0.06191159, 0.01937511, -0.06259494, 54.07673, 16.18887, 354.6485
7.588481, -0.06004389, 0.01823983, -0.06261928, 53.84108, 14.25525, 353.1616
7.606053, -0.05817775, 0.01681787, -0.06203863, 53.64155, 11.84345, 351.4283
7.622206, -0.05634521, 0.01498806, -0.0609659, 53.44758, 9.358365, 349.7703
7.637622, -0.0545791, 0.01308328, -0.05974355, 53.32467, 7.308225, 348.4655
7.655847, -0.05270471, 0.01118063, -0.05870927, 53.4037, 6.143258, 347.6708
7.673911, -0.05062608, 0.009168305, -0.05793307, 53.75764, 5.704772, 347.1727
7.688315, -0.04838865, 0.007094502, -0.05733363, 54.34138, 5.642176, 346.7281
7.705145, -0.04617124, 0.005183352, -0.05687125, 54.98832, 5.699248, 346.249
7.721986, -0.04416352, 0.003323834, -0.05669802, 55.55894, 5.810615, 345.8158
7.738374, -0.04252984, 0.001865245, -0.05674896, 55.93366, 5.965442, 345.5294
7.755212, -0.04131636, 0.00084069, -0.05691546, 56.10157, 6.044685, 345.3328
7.771541, -0.04046943, 0.0001787357, -0.05716567, 56.11765, 6.041369, 345.1837
7.790678, -0.03991062, -0.0002389575, -0.05752172, 56.07881, 6.09896, 345.1223
7.804913, -0.03956671, -0.0004991405, -0.05798075, 56.05551, 6.308652, 345.1721
7.821793, -0.03926192, -0.0004401195, -0.05852734, 56.05469, 6.617269, 345.3131
7.838787, -0.03902233, -0.000145711, -0.05909289, 56.05154, 6.949385, 345.5139
7.856287, -0.03882087, 0.0003610626, -0.05969352, 56.01912, 7.30533, 345.7721
7.873521, -0.03861542, 0.001053497, -0.06035615, 55.94011, 7.677018, 346.0653
7.890297, -0.03834188, 0.001791413, -0.06114507, 55.82229, 7.98537, 346.3296
7.905878, -0.03794722, 0.002472598, -0.06213207, 55.70107, 8.251723, 346.5723
7.922019, -0.03704862, 0.004059602, -0.06386946, 55.53648, 8.96291, 347.1412
7.937902, -0.03639714, 0.004732662, -0.0648257, 55.44028, 9.262726, 347.2822
7.95492, -0.03564271, 0.005258165, -0.06578219, 55.34603, 9.455275, 347.2989
7.971284, -0.03475195, 0.005487885, -0.0667349, 55.25743, 9.600107, 347.2795
7.988375, -0.03369986, 0.00532544, -0.06770245, 55.16946, 9.741287, 347.2744
8.005195, -0.03285855, 0.005452972, -0.06854014, 55.07608, 9.863827, 347.2648
8.022017, -0.0321088, 0.005637206, -0.06928874, 54.97269, 9.984383, 347.2565
8.038783, -0.03144295, 0.005790722, -0.06991577, 54.8639, 10.0596, 347.2273
8.05594, -0.03090409, 0.005883768, -0.07037345, 54.77666, 10.08556, 347.1953
8.072201, -0.03053972, 0.005926136, -0.07063189, 54.73155, 10.09249, 347.204
8.088829, -0.03036431, 0.005730897, -0.07049802, 54.74691, 10.23392, 347.3654
8.105518, -0.03039241, 0.005865594, -0.07058828, 54.78331, 10.72955, 347.8251
8.122946, -0.03070362, 0.00641792, -0.07097228, 54.71482, 11.62274, 348.6368
8.138544, -0.03130988, 0.007444914, -0.07169905, 54.40068, 12.7849, 349.715
8.155854, -0.03218186, 0.008883107, -0.0727142, 53.71432, 13.89063, 350.8177
8.172023, -0.03323805, 0.01037082, -0.07360964, 52.71057, 14.4584, 351.5826
8.188702, -0.03441888, 0.01153036, -0.07390782, 51.58656, 14.35528, 351.9714
8.205364, -0.03553377, 0.01233264, -0.07376658, 50.59066, 13.62229, 351.9999
8.222437, -0.03670433, 0.01286369, -0.07315152, 49.70916, 12.50626, 351.9347
8.238698, -0.03783352, 0.01325254, -0.07242086, 48.82095, 11.15104, 351.7513
8.255922, -0.03865, 0.01345291, -0.0718497, 47.88657, 9.58425, 351.2648
8.272364, -0.03894255, 0.0133572, -0.07140762, 47.16015, 8.044478, 350.5552
8.288786, -0.03863578, 0.01292397, -0.07105488, 46.86605, 6.929986, 349.8817
8.305618, -0.03798844, 0.01198767, -0.07075629, 47.0747, 6.403401, 349.3526
8.322786, -0.03703697, 0.01074827, -0.07064924, 47.69706, 6.510154, 349.0505
8.3386, -0.03577948, 0.009226017, -0.07081982, 48.67626, 7.242723, 348.9713
8.35587, -0.03406907, 0.007316063, -0.07127028, 50.16751, 8.986568, 349.3208
8.372365, -0.03199296, 0.004800748, -0.07170022, 52.15236, 11.37271, 350.0035
8.389479, -0.02984865, 0.001736742, -0.07190777, 54.25002, 13.67178, 350.7719
8.405313, -0.02787501, -0.001534679, -0.07196274, 56.03928, 15.10726, 351.0988
8.423097, -0.0262527, -0.004572051, -0.07203598, 57.25842, 15.63556, 350.9484
8.43872, -0.02509728, -0.007015164, -0.07220582, 57.89631, 15.65576, 350.6201
8.455727, -0.02446977, -0.008811731, -0.07238076, 58.1149, 15.39876, 350.3246
8.472677, -0.02428215, -0.01007332, -0.07250205, 58.03551, 14.85021, 350.0005
8.488015, -0.02446964, -0.01084085, -0.07260314, 57.68763, 14.00178, 349.6228
8.505309, -0.02494293, -0.01096854, -0.07288355, 57.15339, 13.12939, 349.3209
8.521546, -0.0255326, -0.01060909, -0.07342981, 56.59193, 12.54858, 349.2413
8.53785, -0.02609757, -0.009993769, -0.0742085, 56.13963, 12.2878, 349.3288
8.554666, -0.02656665, -0.00926169, -0.07515874, 55.80449, 12.20906, 349.4522
8.571348, -0.02704798, -0.008496479, -0.07622658, 55.50693, 12.15565, 349.502
8.588792, -0.02771902, -0.007704944, -0.07734541, 55.12764, 12.00754, 349.4597
8.605109, -0.02832822, -0.006591927, -0.07846963, 54.59452, 11.61945, 349.2691
8.621954, -0.02907647, -0.005225778, -0.07955217, 53.87447, 10.97533, 348.9654
8.638848, -0.03001252, -0.003613986, -0.08061785, 52.99196, 10.23698, 348.6731
8.656893, -0.03106912, -0.001865789, -0.08167291, 52.06424, 9.570167, 348.4696
8.672405, -0.03207744, -4.654811E-05, -0.08251856, 51.23494, 9.06543, 348.3539
8.689242, -0.03293962, 0.001808472, -0.08296096, 50.53685, 8.658448, 348.2612
8.705525, -0.03383951, 0.003296465, -0.08354051, 49.98505, 8.292719, 348.1514
8.723011, -0.03477861, 0.004600296, -0.08406862, 49.55569, 8.020547, 348.1007
8.738791, -0.03575989, 0.005835097, -0.08453707, 49.17937, 7.847307, 348.1331
8.75633, -0.03673035, 0.006997792, -0.08494312, 48.84296, 7.756234, 348.2289
8.772169, -0.03760576, 0.007993944, -0.08525607, 48.58871, 7.71096, 348.3318
8.789136, -0.03826828, 0.00817893, -0.08423678, 48.44785, 7.700721, 348.4029
8.805903, -0.03885704, 0.00857494, -0.08395982, 48.38029, 7.736931, 348.4719
8.822203, -0.03939382, 0.008964124, -0.08388615, 48.35152, 7.799054, 348.5371
8.838844, -0.03992149, 0.009286173, -0.08382103, 48.34616, 7.855477, 348.6097
8.857004, -0.0404359, 0.009511991, -0.08371751, 48.35649, 7.897671, 348.6828
8.872535, -0.04091638, 0.009614367, -0.08357716, 48.38387, 7.91293, 348.7313
8.88962, -0.04136305, 0.009300847, -0.08286197, 48.43689, 7.929389, 348.7583
8.905667, -0.04173244, 0.009048026, -0.08252963, 48.51553, 7.929453, 348.7326
8.921387, -0.0420666, 0.008760761, -0.08232825, 48.62495, 7.952517, 348.6927
8.937991, -0.04241733, 0.008432708, -0.08215971, 48.76386, 7.991808, 348.6636
8.956868, -0.04280121, 0.00810397, -0.08202428, 48.91418, 8.079837, 348.6805
8.973095, -0.04309603, 0.007592173, -0.08165571, 49.08088, 8.204748, 348.7217
8.98972, -0.04317745, 0.00674643, -0.08079925, 49.25384, 8.32287, 348.7411
9.004857, -0.04339755, 0.006212484, -0.08049539, 49.40772, 8.418819, 348.7329
9.021482, -0.04367904, 0.005832825, -0.08037969, 49.54898, 8.54681, 348.7667
9.037919, -0.04396559, 0.005532493, -0.08034043, 49.69651, 8.729162, 348.8565
9.055016, -0.0441791, 0.005237007, -0.080348, 49.87099, 8.970702, 348.9774
9.071594, -0.04432633, 0.0048244, -0.0801679, 50.07647, 9.217332, 349.0766
9.088145, -0.0444649, 0.004236251, -0.07961484, 50.29943, 9.441751, 349.1318
9.104774, -0.04446802, 0.003746181, -0.07949536, 50.5253, 9.670258, 349.182
9.121381, -0.04443198, 0.003324211, -0.07953272, 50.72325, 9.888594, 349.2407
9.138046, -0.04437547, 0.002951637, -0.07964091, 50.87753, 10.05682, 349.2773
9.155037, -0.04432021, 0.002623383, -0.07979538, 50.98043, 10.17564, 349.2953
9.171326, -0.04430443, 0.002285168, -0.0799249, 51.05802, 10.27782, 349.3132
9.188211, -0.04437189, 0.001908142, -0.07998459, 51.11588, 10.41302, 349.3539
9.204606, -0.04439977, 0.001607693, -0.08018334, 51.16289, 10.54681, 349.3924
9.221526, -0.04440825, 0.001303721, -0.08037609, 51.20827, 10.62076, 349.392
9.238182, -0.0444087, 0.0009895142, -0.08051722, 51.26717, 10.64821, 349.3647
9.254872, -0.04442398, 0.0007101856, -0.08061958, 51.33324, 10.68419, 349.3594
9.271303, -0.04445712, 0.0004216433, -0.08066583, 51.40374, 10.73633, 349.3787
9.28823, -0.0444978, 6.749853E-05, -0.08065362, 51.47086, 10.77922, 349.3837
9.304835, -0.04450072, -0.0001733663, -0.08074981, 51.52318, 10.80113, 349.359
9.321579, -0.0444992, -0.0003049485, -0.08092473, 51.54137, 10.83231, 349.3352
9.338123, -0.04453026, -0.0003056265, -0.08114268, 51.51979, 10.87907, 349.346
9.354996, -0.04458266, -0.0002014451, -0.08137919, 51.47119, 10.933, 349.3851
9.371549, -0.04464256, -0.0001265506, -0.08152567, 51.43555, 11.01273, 349.452
9.388586, -0.04471486, -0.0002179146, -0.08146922, 51.43887, 11.12863, 349.5321
9.404831, -0.04472654, -0.0001329072, -0.08159046, 51.44717, 11.26927, 349.6119
9.42146, -0.04473947, 4.324317E-05, -0.08175953, 51.44178, 11.40304, 349.6841
9.43803, -0.04480866, 0.0002869479, -0.08189835, 51.41864, 11.52548, 349.7759
9.454985, -0.04495427, 0.000567864, -0.08195695, 51.38441, 11.61863, 349.8894
9.471692, -0.04513002, 0.0008395048, -0.08188983, 51.35052, 11.7047, 350.0209
9.488767, -0.04530818, 0.001087585, -0.08165681, 51.33833, 11.76511, 350.1454
9.505009, -0.04555155, 0.00131762, -0.08141097, 51.36375, 11.81668, 350.2668
9.521855, -0.04583557, 0.001542277, -0.08113692, 51.41094, 11.87547, 350.3975
9.538239, -0.04614219, 0.001780673, -0.08086929, 51.45533, 11.9376, 350.5215
9.555049, -0.04647126, 0.002024125, -0.08060937, 51.50409, 12.01431, 350.6461
9.571465, -0.04681564, 0.002179313, -0.08031224, 51.56861, 12.09179, 350.7589
9.588209, -0.04713219, 0.002202306, -0.07999821, 51.6375, 12.15704, 350.8376
9.604745, -0.04747956, 0.002315037, -0.0797368, 51.7175, 12.19638, 350.8834
9.621725, -0.04785149, 0.002442257, -0.07949629, 51.79997, 12.21931, 350.9066
9.638375, -0.04825067, 0.002570089, -0.07927388, 51.87018, 12.20521, 350.8915
9.654979, -0.04870456, 0.002717774, -0.07905851, 51.92028, 12.16655, 350.8618
9.671403, -0.04917022, 0.002912115, -0.07879871, 51.95981, 12.10227, 350.834
9.705194, -0.04959643, 0.003158986, -0.0784618, 51.98187, 12.02867, 350.8279
9.722471, -0.05019971, 0.003396682, -0.07809287, 52.00013, 11.95774, 350.8407
9.738168, -0.05088595, 0.003632728, -0.07764962, 52.03249, 11.8818, 350.8704
9.755286, -0.0516166, 0.003875159, -0.07714436, 52.07516, 11.80335, 350.9147
9.77151, -0.05236407, 0.004126284, -0.07661386, 52.12226, 11.73391, 350.9656
9.788063, -0.05307885, 0.004320044, -0.07602404, 52.17288, 11.66843, 351.0075
9.804958, -0.0537384, 0.004429482, -0.0753452, 52.21653, 11.61007, 351.0576
9.821712, -0.05453476, 0.004708692, -0.07476509, 52.25018, 11.58764, 351.1545
9.83815, -0.05540325, 0.005066564, -0.07418567, 52.27866, 11.57589, 351.2899
9.855015, -0.05628445, 0.005437929, -0.07358377, 52.30591, 11.52626, 351.4109
9.871584, -0.0571389, 0.005811879, -0.07299101, 52.31832, 11.44219, 351.4963
9.888251, -0.05793316, 0.006253246, -0.07245274, 52.30836, 11.36725, 351.5704
9.904676, -0.05863034, 0.006801128, -0.07197651, 52.29222, 11.28681, 351.6368
9.921621, -0.05937712, 0.007266395, -0.07150075, 52.27901, 11.2302, 351.7198
9.938008, -0.06008758, 0.00770162, -0.07107127, 52.25062, 11.18355, 351.792
9.954879, -0.06071366, 0.008099419, -0.07069325, 52.21827, 11.14019, 351.8432
9.971458, -0.06124096, 0.008452325, -0.07035584, 52.19933, 11.10427, 351.8806
9.988269, -0.06158943, 0.008735473, -0.07008974, 52.19105, 11.11968, 351.9379
10.00468, -0.06166178, 0.008896583, -0.06993574, 52.17318, 11.19356, 352.0185
10.02155, -0.0617687, 0.009163874, -0.06982388, 52.1569, 11.3052, 352.115
10.03828, -0.06179165, 0.00941887, -0.06971898, 52.1792, 11.42537, 352.2081
10.05502, -0.06171731, 0.009660858, -0.069635, 52.2303, 11.55613, 352.308
10.07156, -0.06155375, 0.009937502, -0.06963736, 52.26547, 11.7262, 352.4282
10.08827, -0.0613432, 0.01018442, -0.06954858, 52.26227, 11.88099, 352.5245
10.10472, -0.06112629, 0.01030635, -0.06914046, 52.22749, 12.00555, 352.5897
10.12161, -0.06081128, 0.01053753, -0.06911834, 52.19825, 12.12768, 352.6533
10.13806, -0.0604492, 0.01078938, -0.06921366, 52.18609, 12.25585, 352.7231
10.15506, -0.06006401, 0.01103992, -0.0693612, 52.1785, 12.3739, 352.7794
10.1714, -0.05967436, 0.01128745, -0.06954061, 52.1684, 12.48173, 352.8203
10.18814, -0.05945839, 0.01153595, -0.06963702, 52.15461, 12.55206, 352.8307
10.20476, -0.05958449, 0.01179749, -0.06956328, 52.13917, 12.6344, 352.8505
10.22138, -0.05946888, 0.01207539, -0.06969535, 52.11498, 12.71085, 352.8633
10.23816, -0.05932405, 0.01238397, -0.06990606, 52.06841, 12.76149, 352.8618
10.25498, -0.05920714, 0.01271599, -0.07014677, 52.00798, 12.81099, 352.8672
10.27144, -0.05912763, 0.01304665, -0.07038007, 51.93938, 12.8387, 352.8671
10.28827, -0.05919169, 0.01351175, -0.07077105, 51.87067, 12.86588, 352.8752
10.3049, -0.05947996, 0.0142117, -0.07146003, 51.81359, 12.89358, 352.881
10.32145, -0.05952941, 0.01455106, -0.07174188, 51.7925, 12.90119, 352.8735
10.33818, -0.05949043, 0.0147461, -0.0718733, 51.79119, 12.89416, 352.8578
10.35514, -0.05941484, 0.01488135, -0.07195672, 51.79464, 12.87896, 352.8361
10.3714, -0.05932382, 0.01499644, -0.07203347, 51.79165, 12.85852, 352.8101
10.38812, -0.05934, 0.01498345, -0.07180211, 51.79303, 12.84284, 352.7945
10.40489, -0.05956014, 0.0147199, -0.07099032, 51.79421, 12.83066, 352.7945
10.42146, -0.0595956, 0.01470987, -0.07078797, 51.7836, 12.84023, 352.8073
10.43837, -0.05954298, 0.01476838, -0.07079902, 51.76295, 12.84252, 352.8015
10.45499, -0.05943036, 0.01482644, -0.07087955, 51.74366, 12.82611, 352.7693
10.4715, -0.05928716, 0.01487667, -0.07097302, 51.73447, 12.81267, 352.7372
10.48815, -0.05912075, 0.01482177, -0.07093035, 51.72764, 12.81206, 352.7217
10.50478, -0.05890413, 0.0145541, -0.07064883, 51.71236, 12.83084, 352.7109
10.52185, -0.05869911, 0.01455532, -0.07065408, 51.68587, 12.87592, 352.7066
10.53792, -0.05850562, 0.01467253, -0.07073475, 51.64954, 12.94443, 352.7308
10.5551, -0.05830376, 0.01485312, -0.07081758, 51.59406, 13.00721, 352.7636
10.57151, -0.05805887, 0.0150571, -0.07088159, 51.53128, 13.05756, 352.7874
10.58816, -0.05771604, 0.01528236, -0.07093, 51.49611, 13.10233, 352.7964
10.60502, -0.05726592, 0.01555495, -0.07099125, 51.49541, 13.15832, 352.8127
10.62169, -0.05686841, 0.01574573, -0.07098883, 51.50467, 13.22359, 352.8402
10.63822, -0.05648977, 0.01593391, -0.07100169, 51.49033, 13.2811, 352.8643
10.65485, -0.05611964, 0.01614535, -0.07106712, 51.44853, 13.34904, 352.8942
10.67151, -0.05575314, 0.01637959, -0.07118748, 51.38973, 13.43836, 352.9394
10.68832, -0.05537953, 0.01666894, -0.07138996, 51.31919, 13.53184, 352.9758
10.70477, -0.05500035, 0.01705051, -0.07168739, 51.23395, 13.59676, 352.9782
10.72152, -0.05458692, 0.01730493, -0.07197831, 51.15565, 13.6499, 352.9641
10.73811, -0.05418013, 0.01750055, -0.07227021, 51.08824, 13.68946, 352.9355
10.75505, -0.05380562, 0.01768822, -0.07257842, 51.00861, 13.72584, 352.9041
10.77158, -0.05346987, 0.01788051, -0.07289805, 50.91762, 13.75468, 352.8679
10.7883, -0.0531943, 0.01804469, -0.07320975, 50.84455, 13.8068, 352.8489
10.805, -0.05301107, 0.01815397, -0.07348112, 50.80648, 13.88803, 352.8638
10.82204, -0.05284813, 0.01830031, -0.07371199, 50.78189, 13.99399, 352.8988
10.83814, -0.05272058, 0.01846125, -0.07391834, 50.74932, 14.08733, 352.9243
10.85502, -0.05264169, 0.01863034, -0.07409394, 50.70718, 14.16784, 352.947
10.87164, -0.05262695, 0.01880052, -0.07420967, 50.67552, 14.25259, 352.9965
10.88822, -0.05266498, 0.01892986, -0.07427213, 50.65123, 14.33667, 353.0717
10.90477, -0.05274162, 0.01893444, -0.07427932, 50.6454, 14.3853, 353.1556
10.92167, -0.05280915, 0.01902532, -0.07427191, 50.64473, 14.45046, 353.2355
10.93906, -0.05285064, 0.01912349, -0.07427157, 50.65314, 14.51674, 353.3021
10.95506, -0.05286167, 0.01920724, -0.07428582, 50.66203, 14.56931, 353.347
10.97165, -0.05284938, 0.01927208, -0.07432309, 50.67304, 14.59867, 353.3678
10.98839, -0.05274416, 0.01929365, -0.07441819, 50.68006, 14.62172, 353.3591
11.00487, -0.05248989, 0.01927295, -0.07457517, 50.67012, 14.64395, 353.3267
11.02164, -0.05243755, 0.01935398, -0.07474995, 50.64152, 14.68044, 353.3256
11.03828, -0.05249878, 0.01948896, -0.07490902, 50.59669, 14.72113, 353.3558
11.05522, -0.05259145, 0.01962137, -0.07502967, 50.55372, 14.73963, 353.3826
11.07166, -0.05267284, 0.01971094, -0.07508879, 50.54516, 14.73549, 353.3981
11.08861, -0.05274814, 0.01972508, -0.0751012, 50.57685, 14.74733, 353.4237
11.10544, -0.05285972, 0.01966943, -0.07511091, 50.60807, 14.78095, 353.4695
11.12182, -0.05295505, 0.0197845, -0.07519673, 50.59922, 14.82345, 353.5185
11.13823, -0.05303917, 0.01999978, -0.07533063, 50.54649, 14.84463, 353.5523
11.15513, -0.05310997, 0.02026797, -0.07546309, 50.48238, 14.85207, 353.5794
11.17176, -0.05317864, 0.02055859, -0.07555336, 50.43663, 14.86107, 353.6183
11.18819, -0.05329375, 0.02077265, -0.075551, 50.41558, 14.89163, 353.6803
11.20495, -0.05351186, 0.02082758, -0.07542502, 50.39463, 14.93573, 353.7568
11.22156, -0.05365428, 0.02110456, -0.07540494, 50.35294, 14.94654, 353.8042
11.23832, -0.05377483, 0.02146714, -0.07540406, 50.29832, 14.91848, 353.8191
11.25478, -0.05390466, 0.02187075, -0.07538446, 50.25187, 14.86992, 353.8192
11.27163, -0.05407237, 0.02232688, -0.07535809, 50.21255, 14.8476, 353.8454
11.2884, -0.05430348, 0.02289873, -0.07540939, 50.15696, 14.82687, 353.8892
11.30491, -0.05460201, 0.02361127, -0.07561314, 50.08397, 14.80815, 353.9535
11.32168, -0.05495327, 0.0242588, -0.07566141, 50.00577, 14.80194, 354.0327
11.3381, -0.05532916, 0.02487468, -0.07564439, 49.93675, 14.7963, 354.115
11.355, -0.05571916, 0.02545452, -0.07559052, 49.88874, 14.80507, 354.2138
11.37151, -0.05610709, 0.02599926, -0.07553718, 49.84455, 14.81192, 354.3092
11.38831, -0.05649018, 0.02653441, -0.07555063, 49.78099, 14.79494, 354.3761
11.4051, -0.05688287, 0.02707556, -0.07565258, 49.71005, 14.76958, 354.4242
11.42169, -0.05721269, 0.02752375, -0.07568288, 49.65793, 14.74546, 354.468
11.43813, -0.05751188, 0.02792178, -0.07567525, 49.6302, 14.7462, 354.5324
11.45485, -0.05777822, 0.02828387, -0.07566088, 49.61518, 14.75945, 354.5985
11.4717, -0.05800322, 0.02861604, -0.07566557, 49.58981, 14.75141, 354.6308
11.48822, -0.05813818, 0.02894041, -0.07572944, 49.55181, 14.70843, 354.6224
11.50504, -0.05815391, 0.02930994, -0.075871, 49.5074, 14.66924, 354.6205
11.52152, -0.05834749, 0.02966894, -0.07591371, 49.45364, 14.63261, 354.6256
11.53827, -0.05863531, 0.03003636, -0.07590395, 49.38776, 14.56286, 354.6207
11.55511, -0.05899674, 0.0304162, -0.07584985, 49.31607, 14.46246, 354.6071
11.57157, -0.05944604, 0.03083985, -0.07576889, 49.23614, 14.38399, 354.6277
11.58818, -0.06009688, 0.03140871, -0.07569062, 49.12923, 14.32887, 354.6719
11.60493, -0.06105604, 0.032148, -0.07557912, 49.00973, 14.25603, 354.7092
11.62193, -0.06181082, 0.03264422, -0.07537897, 48.90778, 14.16709, 354.7423
11.63811, -0.06249215, 0.03300394, -0.07509165, 48.83026, 14.07525, 354.7819
11.65516, -0.06310394, 0.03325051, -0.07474142, 48.7719, 13.96613, 354.8015
11.67213, -0.06363177, 0.03339502, -0.07434977, 48.73145, 13.85351, 354.8016
11.68817, -0.06418324, 0.03355303, -0.07396719, 48.71698, 13.75624, 354.7962
11.70513, -0.06488621, 0.03386301, -0.07365935, 48.71671, 13.69213, 354.8082
11.72254, -0.06531417, 0.03393111, -0.0732407, 48.71868, 13.6194, 354.8216
11.7384, -0.06559463, 0.03390219, -0.07277035, 48.7157, 13.52556, 354.8273
11.75513, -0.06574731, 0.03380892, -0.07227927, 48.72837, 13.43837, 354.8289
11.77156, -0.06577759, 0.03367009, -0.07179079, 48.77079, 13.38449, 354.8289
11.78841, -0.06572339, 0.03340037, -0.07129796, 48.83934, 13.38495, 354.8578
11.80482, -0.06562769, 0.03292095, -0.07079507, 48.90699, 13.43018, 354.925
11.82164, -0.06552034, 0.03275108, -0.07038052, 48.94728, 13.46005, 354.9817
11.83841, -0.06539336, 0.03270706, -0.07003765, 48.96866, 13.47033, 355.0177
11.85509, -0.06525475, 0.03272498, -0.06976612, 48.98433, 13.48208, 355.0424
11.87147, -0.0651142, 0.03277417, -0.06956977, 49.01122, 13.51712, 355.0681
11.88822, -0.06468891, 0.03251284, -0.06950895, 49.03362, 13.57054, 355.0957
11.90509, -0.06370153, 0.03159577, -0.06964286, 49.02067, 13.59639, 355.0918
11.92156, -0.06331645, 0.03139423, -0.06978062, 48.98128, 13.60435, 355.0661
11.93824, -0.06315768, 0.03143381, -0.06994025, 48.93555, 13.61439, 355.0446
11.95502, -0.06310603, 0.03154794, -0.07010622, 48.90121, 13.64288, 355.0477
11.97158, -0.06310473, 0.03169106, -0.07028705, 48.86857, 13.68736, 355.0675
11.98856, -0.06312411, 0.03184804, -0.07043527, 48.82531, 13.71414, 355.0779
12.00502, -0.06316488, 0.03202425, -0.07048094, 48.77956, 13.7131, 355.071
12.02159, -0.06319175, 0.03216126, -0.07058754, 48.75695, 13.71732, 355.0699
12.03813, -0.06322973, 0.03228435, -0.07071501, 48.7492, 13.7538, 355.097
12.05511, -0.06328896, 0.03241121, -0.0708497, 48.73737, 13.79904, 355.1447
12.07163, -0.06335001, 0.03253568, -0.07098303, 48.72018, 13.82855, 355.1906
12.08822, -0.06346446, 0.03267671, -0.07106602, 48.70602, 13.87332, 355.249
12.10485, -0.06370304, 0.03283717, -0.07104841, 48.70757, 13.93526, 355.3179
12.12167, -0.0637638, 0.03295429, -0.07114997, 48.72006, 14.00253, 355.3833
12.13837, -0.06374246, 0.03306525, -0.07130963, 48.73469, 14.07281, 355.4436
12.15505, -0.06367436, 0.03319056, -0.07150973, 48.73767, 14.13868, 355.495
12.17147, -0.06356506, 0.03333214, -0.0717399, 48.72802, 14.19821, 355.5373
12.18839, -0.06341654, 0.03354191, -0.07204344, 48.71027, 14.24686, 355.565
12.20487, -0.06324565, 0.0338657, -0.07245572, 48.69654, 14.29223, 355.5838
12.22168, -0.06303768, 0.03409134, -0.07274814, 48.68935, 14.35788, 355.6223
12.23828, -0.06281196, 0.03430862, -0.07300697, 48.67635, 14.43504, 355.6729
12.25543, -0.06256878, 0.0345335, -0.07326302, 48.64629, 14.49666, 355.7132
12.27185, -0.06230039, 0.03473844, -0.07351381, 48.61244, 14.53282, 355.7283
12.28851, -0.06197625, 0.03496693, -0.07380175, 48.59377, 14.56104, 355.7322
12.30538, -0.06155935, 0.0352773, -0.0741799, 48.57883, 14.59, 355.7285
12.32211, -0.06121085, 0.03545591, -0.0744548, 48.55735, 14.60715, 355.7066
12.3384, -0.06090138, 0.03556386, -0.07465418, 48.54278, 14.59649, 355.6726
12.35542, -0.06061682, 0.03562059, -0.07478928, 48.54665, 14.57516, 355.6389
12.37152, -0.0603381, 0.03563895, -0.07489162, 48.56163, 14.5508, 355.5971
12.38842, -0.06000406, 0.03564208, -0.07505549, 48.57496, 14.52134, 355.5347
12.40488, -0.0595825, 0.03566111, -0.07534215, 48.58086, 14.48037, 355.4556
12.42174, -0.05927765, 0.0356462, -0.07550953, 48.59279, 14.45438, 355.3921
12.43826, -0.05903438, 0.03562484, -0.07563887, 48.60306, 14.43434, 355.3446
12.45516, -0.05882594, 0.03559572, -0.07575578, 48.60818, 14.40586, 355.3008
12.47181, -0.05863623, 0.03555329, -0.07586388, 48.61586, 14.37898, 355.263
12.48841, -0.05850853, 0.0354402, -0.07598428, 48.62529, 14.3497, 355.2239
12.5048, -0.05850262, 0.03520747, -0.07614539, 48.62986, 14.30515, 355.1648
12.52178, -0.05838995, 0.03503338, -0.0762479, 48.64147, 14.24379, 355.081
12.53819, -0.0582777, 0.03486863, -0.07631394, 48.65339, 14.17321, 354.9934
12.55488, -0.05820213, 0.03470535, -0.07635637, 48.66402, 14.11471, 354.92
12.5725, -0.05815967, 0.03452038, -0.07636607, 48.6788, 14.05009, 354.8466
12.58847, -0.05816574, 0.03417507, -0.07630952, 48.69775, 13.96729, 354.7561
12.60504, -0.05824354, 0.03356468, -0.07615448, 48.72219, 13.88221, 354.6578
12.62183, -0.05827396, 0.03317324, -0.07602769, 48.75558, 13.80141, 354.56
12.63839, -0.05829309, 0.03284056, -0.07589713, 48.78448, 13.71655, 354.456
12.65525, -0.05830457, 0.03252117, -0.07574551, 48.80588, 13.63855, 354.3595
12.67152, -0.05829082, 0.03217809, -0.07554321, 48.8357, 13.55684, 354.2633
12.68838, -0.05830656, 0.03187286, -0.07529239, 48.89822, 13.48971, 354.1928
12.70517, -0.05842104, 0.03168971, -0.07503189, 48.99533, 13.45278, 354.1599
12.7218, -0.05840838, 0.03140065, -0.07469159, 49.08574, 13.43952, 354.1489
12.73847, -0.05835214, 0.03113151, -0.07434073, 49.14444, 13.42759, 354.1467
12.75515, -0.05828076, 0.03089951, -0.07397464, 49.18744, 13.40051, 354.1474
12.77152, -0.05818537, 0.03069389, -0.07359982, 49.24261, 13.38929, 354.1659
12.78845, -0.05804298, 0.03045816, -0.07323672, 49.30762, 13.4066, 354.1905
12.80506, -0.05783002, 0.03014426, -0.07290614, 49.35713, 13.4197, 354.1788
12.82161, -0.05757273, 0.0299906, -0.07271851, 49.36909, 13.41158, 354.1372
12.83859, -0.05731577, 0.02992904, -0.0726165, 49.35683, 13.40893, 354.0999
12.85505, -0.05709079, 0.0299247, -0.07255004, 49.33913, 13.41861, 354.0833
12.87204, -0.05690026, 0.02994353, -0.07249177, 49.32288, 13.4225, 354.0727
12.88866, -0.05674137, 0.03001113, -0.07246873, 49.3144, 13.42401, 354.0571
12.9056, -0.05663547, 0.03016399, -0.07249381, 49.31776, 13.43645, 354.0399
12.92255, -0.05654055, 0.03023369, -0.07246733, 49.31507, 13.44359, 354.0217
12.93879, -0.05650588, 0.03029018, -0.07239913, 49.29574, 13.42711, 354.011
12.95584, -0.0565244, 0.03033856, -0.0722921, 49.27164, 13.38469, 353.997
12.9718, -0.05656813, 0.03037104, -0.07216003, 49.25825, 13.35558, 353.9926
12.9885, -0.05660994, 0.03036379, -0.072042, 49.25871, 13.33837, 353.9845
13.00523, -0.05666006, 0.03031073, -0.07195712, 49.27501, 13.31537, 353.9746
13.02177, -0.05674409, 0.03028354, -0.07177617, 49.29458, 13.286, 353.9799
13.0382, -0.05685684, 0.03028307, -0.07156517, 49.30685, 13.24504, 353.9941
13.0551, -0.05695045, 0.03029342, -0.07137714, 49.31515, 13.20829, 353.9993
13.07179, -0.05700696, 0.03030439, -0.07123635, 49.31889, 13.17589, 353.9828
13.08857, -0.05706264, 0.03028714, -0.07112032, 49.32517, 13.16511, 353.9699
13.10588, -0.05716138, 0.03020638, -0.07098785, 49.33036, 13.18065, 353.9924
13.12209, -0.05723167, 0.03023416, -0.07090802, 49.31546, 13.17756, 354.0056
13.13866, -0.05725474, 0.03030186, -0.07087885, 49.2863, 13.15444, 353.9857
13.15568, -0.05725388, 0.03039416, -0.07087529, 49.25717, 13.14104, 353.9588
13.17178, -0.05728611, 0.03051103, -0.07085401, 49.23716, 13.14068, 353.958
13.1887, -0.05734612, 0.03061209, -0.07076877, 49.2221, 13.1577, 353.994
13.2053, -0.05738602, 0.03062064, -0.070596, 49.20441, 13.17804, 354.043
13.2219, -0.05745342, 0.03070697, -0.07050724, 49.18069, 13.18433, 354.0727
13.23849, -0.05751783, 0.03080764, -0.07044884, 49.16022, 13.2004, 354.1006
13.25525, -0.05756462, 0.03089588, -0.07040341, 49.14881, 13.23413, 354.1328
13.27219, -0.05758286, 0.030956, -0.07036579, 49.1395, 13.25581, 354.1518
13.28853, -0.05758166, 0.0309889, -0.07038355, 49.12941, 13.26229, 354.1485
13.30573, -0.05758938, 0.03101952, -0.07050068, 49.11627, 13.27738, 354.138
13.3226, -0.05758709, 0.03104934, -0.07055001, 49.10583, 13.30888, 354.1444
13.33843, -0.05761521, 0.03108126, -0.07055865, 49.09702, 13.33777, 354.162
13.35521, -0.05769342, 0.03111959, -0.07053139, 49.09325, 13.36205, 354.1942
13.37237, -0.05781009, 0.03115926, -0.07047921, 49.09641, 13.39229, 354.2367
13.38882, -0.05795177, 0.03121317, -0.07041497, 49.10194, 13.41645, 354.2717
13.40533, -0.05813102, 0.03132582, -0.07036624, 49.11145, 13.44786, 354.3189
13.42203, -0.05839262, 0.03143189, -0.07028209, 49.11076, 13.49253, 354.3945
13.43835, -0.05871704, 0.03154539, -0.07016362, 49.09775, 13.53945, 354.4958
13.45518, -0.05904666, 0.03163266, -0.070005, 49.09032, 13.56909, 354.5966
13.47156, -0.05932192, 0.03166599, -0.0698302, 49.10241, 13.58642, 354.6767
13.48862, -0.05954378, 0.03168711, -0.0696917, 49.12083, 13.61511, 354.7309
13.50487, -0.05976257, 0.03177259, -0.06961016, 49.12274, 13.65332, 354.7681
13.52177, -0.05989945, 0.03179796, -0.06957947, 49.10621, 13.67601, 354.7905
13.53846, -0.05998915, 0.03178306, -0.06956878, 49.08211, 13.67344, 354.7981
13.55577, -0.06002713, 0.0317344, -0.0695671, 49.05611, 13.65939, 354.796
13.57366, -0.06000711, 0.03165657, -0.06956947, 49.0369, 13.65479, 354.7926
13.58835, -0.05993403, 0.03149308, -0.06959711, 49.02734, 13.65895, 354.7816
13.60524, -0.0598125, 0.03120959, -0.06967829, 49.02018, 13.66451, 354.7621
13.62192, -0.05962503, 0.03102269, -0.06969043, 49.0108, 13.66461, 354.7387
13.63853, -0.05938414, 0.03086289, -0.06966376, 48.99283, 13.65786, 354.7125
13.65634, -0.05909793, 0.03068018, -0.06957138, 48.97729, 13.61153, 354.6696
13.67193, -0.05878338, 0.03046228, -0.06939365, 48.97206, 13.52793, 354.614
13.68877, -0.05848751, 0.03016854, -0.06910559, 49.00884, 13.45919, 354.5788
13.70587, -0.05826575, 0.02980302, -0.06874618, 49.07026, 13.43507, 354.5735
13.72271, -0.05802464, 0.02956316, -0.06848425, 49.12725, 13.43566, 354.5697
13.73863, -0.05783384, 0.02944776, -0.06830115, 49.14536, 13.40188, 354.5475
13.75556, -0.05772734, 0.0294756, -0.06819418, 49.1186, 13.35695, 354.5415
13.77231, -0.05766657, 0.02963808, -0.06818697, 49.04405, 13.31121, 354.5429
13.78854, -0.0575797, 0.02984492, -0.06825691, 48.92171, 13.21955, 354.4855
13.80548, -0.05745681, 0.03002983, -0.06832568, 48.74078, 12.98287, 354.3029
13.82189, -0.05733528, 0.03042805, -0.06846322, 48.4935, 12.6627, 354.0752
13.8385, -0.05724243, 0.03100048, -0.06865425, 48.2025, 12.36069, 353.8751
13.85656, -0.05715624, 0.03167308, -0.06888058, 47.90194, 12.09196, 353.6973
13.87177, -0.0570593, 0.03236747, -0.06911473, 47.64476, 11.85827, 353.5329
13.88877, -0.05697476, 0.0330595, -0.06936745, 47.44033, 11.68491, 353.3921
13.91115, -0.0569495, 0.03373835, -0.0696601, 47.2713, 11.60573, 353.2979
13.92215, -0.05688708, 0.03443694, -0.0700043, 47.12324, 11.63015, 353.2661
13.93882, -0.05682994, 0.03510461, -0.0703304, 46.98975, 11.6679, 353.2577
13.95602, -0.05677583, 0.03568223, -0.07059139, 46.87827, 11.67497, 353.2542
13.97208, -0.05669963, 0.03613856, -0.07078922, 46.80198, 11.68053, 353.2622
13.98884, -0.05656138, 0.03644383, -0.0709912, 46.76869, 11.71868, 353.2872
14.00596, -0.05633535, 0.03657579, -0.07125712, 46.77912, 11.78313, 353.3249
14.02645, -0.05606509, 0.03659282, -0.07142588, 46.81079, 11.84945, 353.3641
14.03859, -0.0557162, 0.0364749, -0.07157581, 46.84867, 11.87287, 353.3573
14.05558, -0.05527638, 0.03624235, -0.07175086, 46.89589, 11.88264, 353.3065
14.07225, -0.05479343, 0.03594304, -0.07194135, 46.96756, 11.90849, 353.2509
14.08886, -0.05431684, 0.03554642, -0.07210372, 47.04375, 11.9637, 353.2187
14.10511, -0.05387483, 0.03499302, -0.07218995, 47.10384, 12.02699, 353.2028
14.12211, -0.05349533, 0.03472401, -0.07238909, 47.12827, 12.0828, 353.1949
14.13848, -0.05319976, 0.03461771, -0.07261129, 47.13254, 12.131, 353.1983
14.15545, -0.05298789, 0.03462905, -0.07282396, 47.13109, 12.17486, 353.2125
14.17191, -0.05285093, 0.03475264, -0.07303962, 47.12438, 12.22245, 353.2261
14.18843, -0.05278411, 0.03499768, -0.07329474, 47.1064, 12.2808, 353.2454
14.20505, -0.05278696, 0.03539287, -0.07361838, 47.06598, 12.32697, 353.2636
14.22162, -0.05292109, 0.03600366, -0.07391937, 46.99941, 12.39587, 353.3091
14.23838, -0.05315585, 0.03682895, -0.07423705, 46.91406, 12.4815, 353.3736
14.25521, -0.05348348, 0.0378903, -0.07460715, 46.77941, 12.55663, 353.4399
14.27181, -0.0539014, 0.03920491, -0.07506444, 46.56678, 12.59894, 353.496
14.28844, -0.05441536, 0.04074109, -0.07564463, 46.29287, 12.61645, 353.529
14.30511, -0.05503138, 0.04246028, -0.07636128, 46.02285, 12.66681, 353.5716
14.32168, -0.05561934, 0.04431679, -0.07705261, 45.81036, 12.7959, 353.6737
14.3385, -0.05616449, 0.04625099, -0.07769011, 45.76094, 13.14834, 353.9057
14.35548, -0.05649702, 0.04811852, -0.07826918, 45.99006, 13.79305, 354.1965
14.37168, -0.05653272, 0.04983529, -0.07876739, 46.48984, 14.62992, 354.464
14.3888, -0.05645741, 0.05153196, -0.07921425, 47.07875, 15.22781, 354.5331
14.4049, -0.05647647, 0.05338853, -0.07976445, 47.65604, 15.54441, 354.4627
14.42166, -0.05659843, 0.05528293, -0.08020061, 48.26216, 15.67025, 354.3285
14.43834, -0.05679566, 0.05730907, -0.08072047, 48.85634, 15.52126, 354.0392
14.45559, -0.05707741, 0.05957691, -0.08135322, 49.34272, 14.97536, 353.5475
14.47217, -0.05751661, 0.06220631, -0.08214968, 49.63916, 14.03383, 352.8634
14.48913, -0.05821422, 0.06537604, -0.08319556, 49.72301, 13.07463, 352.2921
14.50522, -0.05918375, 0.0691788, -0.08461649, 49.615, 12.46472, 352.0562
14.52176, -0.0602851, 0.07356806, -0.08636755, 49.3309, 12.17159, 352.1018
14.53889, -0.0615069, 0.0782748, -0.08817758, 48.9535, 11.8924, 352.2472
14.5562, -0.06279413, 0.08307473, -0.08986406, 48.58095, 11.4579, 352.3696
14.57209, -0.06406881, 0.08796632, -0.09155212, 48.27034, 11.18541, 352.6497
14.58917, -0.06524676, 0.09287283, -0.0934139, 47.96458, 11.19781, 353.077
14.60566, -0.0663138, 0.0975593, -0.0953775, 47.7068, 11.42435, 353.5702
14.62222, -0.06715037, 0.1021961, -0.09755383, 47.54186, 11.73573, 354.0377
14.63855, -0.06782734, 0.1065983, -0.09977873, 47.46919, 11.9957, 354.4326
14.65613, -0.068369, 0.1106965, -0.1020071, 47.44732, 12.03487, 354.6587
14.67221, -0.0687261, 0.1145747, -0.104395, 47.37492, 11.9215, 354.7293
14.68893, -0.06887516, 0.1179855, -0.1070267, 47.30782, 11.91222, 354.7677
14.7062, -0.06880154, 0.1206079, -0.1098844, 47.369, 12.17661, 354.8544
14.7227, -0.06845304, 0.1233504, -0.1127806, 47.57431, 12.58149, 354.919
14.7389, -0.0680155, 0.1259133, -0.1156363, 47.77885, 12.74337, 354.8069
14.7554, -0.06753976, 0.1282095, -0.1184525, 47.97115, 12.63507, 354.5116
14.77186, -0.06702861, 0.1303397, -0.121354, 48.15791, 12.53838, 354.2089
14.78839, -0.06656805, 0.1322782, -0.1243797, 48.28946, 12.53679, 353.9288
14.80534, -0.066358, 0.1339649, -0.1273593, 48.40275, 12.64581, 353.7371
14.8222, -0.06612503, 0.1358791, -0.1303468, 48.51938, 12.76842, 353.6392
14.8391, -0.06593391, 0.1378507, -0.1333199, 48.60413, 12.80514, 353.5406
14.86266, -0.06570046, 0.1398729, -0.1364252, 48.62468, 12.83323, 353.4115
14.87192, -0.06538121, 0.1419029, -0.1397275, 48.61034, 12.88298, 353.2253
14.88891, -0.06502929, 0.1437375, -0.1430159, 48.59696, 13.02389, 353.056
14.90637, -0.06472138, 0.1451934, -0.1460544, 48.53134, 13.16038, 352.8883
14.92184, -0.06456903, 0.1471978, -0.1495957, 48.41253, 13.29597, 352.7693
14.93884, -0.06454057, 0.1494586, -0.1533964, 48.22784, 13.43819, 352.6929
14.96254, -0.06453855, 0.1518923, -0.1574713, 47.92133, 13.5772, 352.599
14.97194, -0.06451386, 0.1543963, -0.1617623, 47.51855, 13.73173, 352.476
14.98936, -0.06455246, 0.1567881, -0.1661725, 47.06069, 13.91186, 352.3419
