1.992019, -0.003740928, -0.2348299, 0.1910585, 0, 0, 0, 0.0856, 0.0856 
2.003446, -0.003784421, -0.2351919, 0.1912757, 0, 0, 0, 0.0856, 0.0856 
2.020132, -0.003520742, -0.2368357, 0.1916183, 0, 0, 0, 0.0856, 0.0856 
2.036782, -0.00393416, -0.2364264, 0.1918925, 0, 0, 0, 0.0856, 0.0856 
2.053476, -0.003962385, -0.2369244, 0.1920573, 0, 0, 0, 0.0856, 0.0856 
2.070136, -0.00410076, -0.2366638, 0.191964, 0, 0, 0, 0.0856, 0.0856 
2.086752, -0.00397071, -0.2364569, 0.1919394, 0, 0, 0, 0.0856, 0.0856 
2.103414, -0.003904743, -0.2362583, 0.1919353, 0, 0, 0, 0.0856, 0.0856 
2.120146, -0.003873678, -0.2363077, 0.1920747, 0, 0, 0, 0.0856, 0.0856 
2.13673, -0.003896507, -0.2358976, 0.191889, 0, 0, 0, 0.0856, 0.0856 
2.153409, -0.003681451, -0.2366302, 0.1914037, 0, 0, 0, 0.0856, 0.0856 
2.170089, -0.003655496, -0.2361419, 0.190845, 0, 0, 0, 0.0856, 0.0856 
2.18678, -0.003606709, -0.2363191, 0.1910639, 0, 0, 0, 0.0856, 0.0856 
2.203467, -0.003497633, -0.2364258, 0.1912822, 0, 0, 0, 0.0856, 0.0856 
2.220183, -0.003369157, -0.2360992, 0.1910951, 0, 0, 0, 0.0856, 0.0856 
2.236751, -0.003426304, -0.2361293, 0.1911224, 0, 0, 0, 0.0856, 0.0856 
2.253509, -0.003696267, -0.2361648, 0.1906372, 0, 0, 0, 0.0856, 0.0856 
2.270088, -0.003699956, -0.2361317, 0.1906642, 0, 0, 0, 0.0856, 0.0856 
2.286731, -0.003686886, -0.2358995, 0.1906626, 0, 0, 0, 0.0856, 0.0856 
2.303549, -0.003561792, -0.2349058, 0.1899977, 0, 0, 0, 0.0856, 0.0856 
2.320175, -0.003265689, -0.2343689, 0.1896448, 0, 0, 0, 0.0856, 0.0856 
2.336805, -0.003215828, -0.2332168, 0.1887097, 0, 0, 0, 0.0856, 0.0856 
2.353539, -0.003345842, -0.2338016, 0.1884297, 0, 0, 0, 0.0856, 0.0856 
2.370172, -0.003269017, -0.2340502, 0.1883529, 0, 0, 0, 0.0856, 0.0856 
2.38685, -0.003252202, -0.2341844, 0.1884216, 0, 0, 0, 0.0856, 0.0856 
2.403482, -0.002619112, -0.2358581, 0.1896184, 0, 0, 0, 0.0856, 0.0856 
2.420147, -0.002686017, -0.2362408, 0.1899074, 0, 0, 0, 0.0856, 0.0856 
2.436949, -0.003161215, -0.2363638, 0.1910851, 0, 0, 0, 0.0856, 0.0856 
2.453496, -0.003235872, -0.2387801, 0.1927367, 0, 0, 0, 0.0856, 0.0856 
2.470148, -0.003436344, -0.2390006, 0.1928422, 0, 0, 0, 0.0856, 0.0856 
2.486741, -0.003422669, -0.2358295, 0.1897008, 0, 0, 0, 0.0856, 0.0856 
2.503521, -0.003316886, -0.2361956, 0.1900453, 0, 0, 0, 0.0856, 0.0856 
2.520117, -0.003304603, -0.2366099, 0.1904474, 0, 0, 0, 0.0856, 0.0856 
2.536789, -0.003006072, -0.2362379, 0.1902735, 0, 0, 0, 0.0856, 0.0856 
2.553396, -0.002848271, -0.2352287, 0.1891182, 0, 0, 0, 0.0856, 0.0856 
2.570167, -0.002619226, -0.2356946, 0.1894658, 0, 0, 0, 0.0856, 0.0856 
2.586766, -0.00236214, -0.2363575, 0.1900058, 0, 0, 0, 0.0856, 0.0856 
2.603551, -0.003112988, -0.2384417, 0.1923361, 0, 0, 0, 0.0856, 0.0856 
2.620136, -0.003375486, -0.2386033, 0.1926578, 0, 0, 0, 0.0856, 0.0856 
2.636898, -0.002994753, -0.235899, 0.1900523, 0, 0, 0, 0.0856, 0.0856 
2.653496, -0.002203373, -0.2347898, 0.1883003, 0, 0, 0, 0.0856, 0.0856 
2.670149, -0.002087692, -0.2344801, 0.1876834, 0, 0, 0, 0.0856, 0.0856 
2.686902, -0.002290871, -0.2344043, 0.1877071, 0, 0, 0, 0.0856, 0.0856 
2.703457, -0.001923328, -0.2352624, 0.1875896, 0, 0, 0, 0.0856, 0.0856 
2.720153, -0.002144227, -0.2349902, 0.1878632, 0, 0, 0, 0.0856, 0.0856 
2.736887, -0.001694266, -0.235659, 0.1880929, 0, 0, 0, 0.0856, 0.0856 
2.753456, -0.002198595, -0.2350436, 0.1880811, 0, 0, 0, 0.0856, 0.0856 
2.770154, -0.002300129, -0.2352464, 0.188342, 0, 0, 0, 0.0856, 0.0856 
2.786782, -0.002273199, -0.2359114, 0.1887403, 0, 0, 0, 0.0856, 0.0856 
2.803489, -0.002562831, -0.2350627, 0.1883165, 0, 0, 0, 0.0856, 0.0856 
2.820144, -0.002417919, -0.2353162, 0.1882114, 0, 0, 0, 0.0856, 0.0856 
2.836869, -0.001972496, -0.2357974, 0.1884797, 0, 0, 0, 0.0856, 0.0856 
2.853486, -0.002563124, -0.2347295, 0.1884611, 0, 0, 0, 0.0856, 0.0856 
2.870135, -0.003084893, -0.235349, 0.1898723, 0, 0, 0, 0.0856, 0.0856 
2.886784, -0.003339322, -0.2355347, 0.1904564, 0, 0, 0, 0.0856, 0.0856 
2.903458, -0.003295265, -0.2362092, 0.1911049, 0, 0, 0, 0.0856, 0.0856 
2.920106, -0.003062661, -0.2355541, 0.190016, 0, 0, 0, 0.0856, 0.0856 
2.936823, -0.002541705, -0.2360207, 0.1894933, 0, 0, 0, 0.0856, 0.0856 
2.953468, -0.002642421, -0.234638, 0.1884378, 0, 0, 0, 0.0856, 0.0856 
2.970141, -0.002542499, -0.2346401, 0.1880829, 0, 0, 0, 0.0856, 0.0856 
2.986796, -0.002948916, -0.2345403, 0.1886771, 0, 0, 0, 0.0856, 0.0856 
3.003522, -0.0031297, -0.2344809, 0.1890824, 0, 0, 0, 0.0856, 0.0856 
3.020211, -0.003053136, -0.2344796, 0.1891041, 0, 0, 0, 0.0856, 0.0856 
3.036845, -0.003123973, -0.2346424, 0.1900366, 0, 0, 0, 0.0856, 0.0856 
3.053496, -0.002700731, -0.2348823, 0.1894364, 0, 0, 0, 0.0856, 0.0856 
3.070184, -0.002337929, -0.2354878, 0.1895216, 0, 0, 0, 0.0856, 0.0856 
3.086924, -0.002688911, -0.2341715, 0.189046, 0, 0, 0, 0.0856, 0.0856 
3.103527, -0.002985433, -0.2341927, 0.1894872, 0, 0, 0, 0.0856, 0.0856 
3.120255, -0.003048237, -0.2347283, 0.189771, 0, 0, 0, 0.0856, 0.0856 
3.136855, -0.003295314, -0.2343655, 0.1898395, 0, 0, 0, 0.0856, 0.0856 
3.153472, -0.00315284, -0.2357428, 0.1911042, 0, 0, 0, 0.0856, 0.0856 
3.170263, -0.003421854, -0.2369616, 0.1927684, 0, 0, 0, 0.0856, 0.0856 
3.186863, -0.003904719, -0.2377247, 0.193733, 0, 0, 0, 0.0856, 0.0856 
3.203516, -0.004072161, -0.2373793, 0.1931792, 0, 0, 0, 0.0856, 0.0856 
3.220426, -0.003683262, -0.2350591, 0.1907821, 0, 0, 0, 0.0856, 0.0856 
3.237041, -0.003428996, -0.234143, 0.1899023, 0, 0, 0, 0.0856, 0.0856 
3.253482, -0.002880266, -0.2339727, 0.1887839, 0, 0, 0, 0.0856, 0.0856 
3.270188, -0.002852421, -0.234171, 0.1887641, 0, 0, 0, 0.0856, 0.0856 
3.286869, -0.003402947, -0.2348844, 0.1893587, 0, 0, 0, 0.0856, 0.0856 
3.303589, -0.003560403, -0.2338366, 0.1888831, 0, 0, 0, 0.0856, 0.0856 
3.320201, -0.003546754, -0.2332705, 0.1887294, 0, 0, 0, 0.0856, 0.0856 
3.336908, -0.002697296, -0.2331257, 0.188071, 0, 0, 0, 0.0856, 0.0856 
3.353519, -0.001938567, -0.2330674, 0.1872018, 0, 0, 0, 0.0856, 0.0856 
3.370159, -0.001743726, -0.2340048, 0.1879232, 0, 0, 0, 0.0856, 0.0856 
3.386819, -0.001278512, -0.2352291, 0.188807, 0, 0, 0, 0.0856, 0.0856 
3.403487, -0.001624294, -0.2347785, 0.1884377, 0, 0, 0, 0.0856, 0.0856 
3.420222, -0.00131562, -0.235175, 0.1887993, 0, 0, 0, 0.0856, 0.0856 
3.436985, -0.001204453, -0.2353188, 0.1887324, 0, 0, 0, 0.0856, 0.0856 
3.453562, -0.001551468, -0.2355852, 0.1893263, 0, 0, 0, 0.0856, 0.0856 
3.470215, -0.001499861, -0.2363328, 0.1903146, 0, 0, 0, 0.0856, 0.0856 
3.486899, -0.001972489, -0.234095, 0.1882824, 0, 0, 0, 0.0856, 0.0856 
3.503619, -0.001884177, -0.2331134, 0.1871078, 0, 0, 0, 0.0856, 0.0856 
3.520166, -0.001541663, -0.2330134, 0.1866632, 0, 0, 0, 0.0856, 0.0856 
3.536926, -0.001772061, -0.2336508, 0.1876629, 0, 0, 0, 0.0856, 0.0856 
3.553624, -0.001403838, -0.2345846, 0.1888693, 0, 0, 0, 0.0856, 0.0856 
3.570225, -0.001645815, -0.2333374, 0.1877981, 0, 0, 0, 0.0856, 0.0856 
3.586938, -0.001132667, -0.2336393, 0.1878209, 0, 0, 0, 0.0856, 0.0856 
3.603599, -0.001216467, -0.2325662, 0.1867425, 0, 0, 0, 0.0856, 0.0856 
3.620246, -0.001297615, -0.2323846, 0.1866597, 0, 0, 0, 0.0856, 0.0856 
3.636905, -0.0006410033, -0.2325749, 0.1864238, 0, 0, 0, 0.0856, 0.0856 
3.653609, -0.0009938665, -0.2322725, 0.1863791, 0, 0, 0, 0.0856, 0.0856 
3.67014, -0.001251072, -0.2321734, 0.1863437, 0, 0, 0, 0.0856, 0.0856 
3.687128, -0.001024101, -0.2320494, 0.1858826, 0, 0, 0, 0.0856, 0.0856 
3.703647, -0.0005567595, -0.2326434, 0.1862987, 0, 0, 0, 0.0856, 0.0856 
3.72022, -0.0008133836, -0.2321203, 0.1860695, 0, 0, 0, 0.0856, 0.0856 
3.73684, -0.000630632, -0.2328578, 0.1867648, 0, 0, 0, 0.0856, 0.0856 
3.75365, -0.0007446408, -0.2335826, 0.188017, 0, 0, 0, 0.0856, 0.0856 
3.770149, -0.00131917, -0.2339719, 0.1883059, 0, 0, 0, 0.0856, 0.0856 
3.78681, -0.0009368286, -0.2350439, 0.188609, 0, 0, 0, 0.0856, 0.0856 
3.803599, -0.0002244711, -0.232496, 0.1857776, 0, 0, 0, 0.0856, 0.0856 
3.820216, 1.819432E-05, -0.2316324, 0.1849725, 0, 0, 0, 0.0856, 0.0856 
3.836896, 0.0005038902, -0.2322073, 0.1850579, 0, 0, 0, 0.0856, 0.0856 
3.85352, 0.0002353787, -0.2317669, 0.1850728, 0, 0, 0, 0.0856, 0.0856 
3.87029, 6.683171E-05, -0.2332341, 0.1865225, 0, 0, 0, 0.0856, 0.0856 
3.886907, -0.0005951151, -0.2343053, 0.1878526, 0, 0, 0, 0.0856, 0.0856 
3.903574, -0.0006697252, -0.2327902, 0.1863354, 0, 0, 0, 0.0856, 0.0856 
3.920199, -0.0003621504, -0.2323274, 0.1853142, 0, 0, 0, 0.0856, 0.0856 
3.936851, -0.0004788861, -0.2324283, 0.1851873, 0, 0, 0, 0.0856, 0.0856 
3.9537, -0.0004836991, -0.2321716, 0.1854941, 0, 0, 0, 0.0856, 0.0856 
3.970315, -0.00035844, -0.2319348, 0.185404, 0, 0, 0, 0.0856, 0.0856 
3.986944, -0.0006258115, -0.2320911, 0.1852559, 0, 0, 0, 0.0856, 0.0856 
4.003634, -0.001217574, -0.232522, 0.1860134, 0, 0, 0, 0.0856, 0.0856 
4.020277, -0.001559172, -0.2325637, 0.1865536, 0, 0, 0, 0.0856, 0.0856 
4.036889, -0.001489826, -0.2342604, 0.1882682, 0, 0, 0, 0.0856, 0.0856 
4.053499, -0.001920637, -0.2356688, 0.1902373, 0, 0, 0, 0.0856, 0.0856 
4.070291, -0.001688816, -0.2330156, 0.1872004, 0, 0, 0, 0.0856, 0.0856 
4.086963, -0.001664162, -0.2318746, 0.1857985, 0, 0, 0, 0.0856, 0.0856 
4.103501, -0.001632508, -0.2317964, 0.1856263, 0, 0, 0, 0.0856, 0.0856 
4.120217, -0.00180193, -0.2319304, 0.1858596, 0, 0, 0, 0.0856, 0.0856 
4.136844, -0.001872748, -0.2321702, 0.1861825, 0, 0, 0, 0.0856, 0.0856 
4.153646, -0.001962807, -0.2319867, 0.1861318, 0, 0, 0, 0.0856, 0.0856 
4.170297, -0.002074108, -0.2320429, 0.1863431, 0, 0, 0, 0.0856, 0.0856 
4.186924, -0.002535526, -0.2321165, 0.1863484, 0, 0, 0, 0.0856, 0.0856 
4.203534, -0.002701819, -0.2323649, 0.1866295, 0, 0, 0, 0.0856, 0.0856 
4.220171, -0.002768017, -0.232315, 0.1866081, 0, 0, 0, 0.0856, 0.0856 
4.236924, -0.002887063, -0.2324739, 0.1869103, 0, 0, 0, 0.0856, 0.0856 
4.253532, -0.003041059, -0.2326203, 0.187177, 0, 0, 0, 0.0856, 0.0856 
4.270261, -0.003150295, -0.2326476, 0.1872605, 0, 0, 0, 0.0856, 0.0856 
4.286959, -0.003337521, -0.2329436, 0.1871587, 0, 0, 0, 0.0856, 0.0856 
4.303606, -0.003366297, -0.2327196, 0.18679, 0, 0, 0, 0.0856, 0.0856 
4.320253, -0.003387494, -0.2326953, 0.1867864, 0, 0, 0, 0.0856, 0.0856 
4.337, -0.003536515, -0.2326838, 0.1869528, 0, 0, 0, 0.0856, 0.0856 
4.353629, -0.003744258, -0.2329253, 0.1874449, 0, 0, 0, 0.0856, 0.0856 
4.370205, -0.00388046, -0.2331956, 0.1879277, 0, 0, 0, 0.0856, 0.0856 
4.386901, -0.004157672, -0.2338495, 0.1886247, 0, 0, 0, 0.0856, 0.0856 
4.403628, -0.004046768, -0.2337742, 0.1885622, 0, 0, 0, 0.0856, 0.0856 
4.420261, -0.004198495, -0.2338977, 0.1885927, 0, 0, 0, 0.0856, 0.0856 
4.436937, -0.004304015, -0.2339776, 0.1884208, 0, 0, 0, 0.0856, 0.0856 
4.45359, -0.00436294, -0.2342962, 0.1885657, 0, 0, 0, 0.0856, 0.0856 
4.470298, -0.004259676, -0.2344536, 0.1885225, 0, 0, 0, 0.0856, 0.0856 
4.486997, -0.004026765, -0.234076, 0.1881522, 0, 0, 0, 0.0856, 0.0856 
4.503534, -0.003837569, -0.23389, 0.1879095, 0, 0, 0, 0.0856, 0.0856 
4.520331, -0.003799146, -0.2337699, 0.1877595, 0, 0, 0, 0.0856, 0.0856 
4.536942, -0.003713035, -0.2348125, 0.1878005, 0, 0, 0, 0.0856, 0.0856 
4.553525, -0.003839168, -0.233945, 0.1877445, 0, 0, 0, 0.0856, 0.0856 
4.570249, -0.003476105, -0.2346992, 0.187556, 0, 0, 0, 0.0856, 0.0856 
4.586914, -0.00340804, -0.2333965, 0.1867809, 0, 0, 0, 0.0856, 0.0856 
4.603647, -0.003513646, -0.2327217, 0.1861989, 0, 0, 0, 0.0856, 0.0856 
4.620267, -0.003768905, -0.2325373, 0.1864447, 0, 0, 0, 0.0856, 0.0856 
4.63689, -0.004337305, -0.2326147, 0.1872412, 0, 0, 0, 0.0856, 0.0856 
4.653568, -0.004724124, -0.2324169, 0.1875478, 0, 0, 0, 0.0856, 0.0856 
4.670233, -0.004817389, -0.232991, 0.1883589, 0, 0, 0, 0.0856, 0.0856 
4.686923, -0.004317755, -0.2328909, 0.1877123, 0, 0, 0, 0.0856, 0.0856 
4.703663, -0.00370566, -0.2333911, 0.1876786, 0, 0, 0, 0.0856, 0.0856 
4.720416, -0.004135648, -0.2329234, 0.1874053, 0, 0, 0, 0.0856, 0.0856 
4.736979, -0.004454471, -0.2339719, 0.1888657, 0, 0, 0, 0.0856, 0.0856 
4.753595, -0.004741222, -0.2335303, 0.1887067, 0, 0, 0, 0.0856, 0.0856 
4.770276, -0.004463322, -0.2328933, 0.1885654, 0, 0, 0, 0.0856, 0.0856 
4.786978, -0.004259899, -0.2329309, 0.1888426, 0, 0, 0, 0.0856, 0.0856 
4.803619, -0.004209466, -0.2331192, 0.1891165, 0, 0, 0, 0.0856, 0.0856 
4.820249, -0.00323071, -0.2358842, 0.1913772, 0, 0, 0, 0.0856, 0.0856 
4.83699, -0.003473341, -0.235432, 0.1911632, 0, 0, 0, 0.0856, 0.0856 
4.853546, -0.003224488, -0.2368941, 0.1926045, 0, 0, 0, 0.0856, 0.0856 
4.870386, -0.003178492, -0.2369563, 0.1933535, 0, 0, 0, 0.0856, 0.0856 
4.886981, -0.003046878, -0.2374887, 0.1935045, 0, 0, 0, 0.0856, 0.0856 
4.903569, -0.003177345, -0.2370815, 0.1926859, 0, 0, 0, 0.0856, 0.0856 
4.920239, -0.003401071, -0.237301, 0.1927982, 0, 0, 0, 0.0856, 0.0856 
4.936883, -0.003965214, -0.2361116, 0.1918374, 0, 0, 0, 0.0856, 0.0856 
4.95355, -0.004280023, -0.2350499, 0.1908515, 0, 0, 0, 0.0856, 0.0856 
4.970301, -0.003913388, -0.2342672, 0.1902056, 0, 0, 0, 0.0856, 0.0856 
4.987073, -0.003274344, -0.234263, 0.1898898, 0, 0, 0, 0.0856, 0.0856 
5.00358, -0.003354996, -0.2347529, 0.1902406, 0, 0, 0, 0.0856, 0.0856 
5.020287, -0.003062144, -0.2360201, 0.1908407, 0, 0, 0, 0.0856, 0.0856 
5.036888, -0.003042325, -0.2364175, 0.1913333, 0, 0, 0, 0.0856, 0.0856 
5.053675, -0.002606854, -0.2381318, 0.1931271, 0, 0, 0, 0.0856, 0.0856 
5.070355, -0.001772918, -0.2399419, 0.1949856, 0, 0, 0, 0.0856, 0.0856 
5.086965, -0.002283759, -0.2397684, 0.195172, 0, 0, 0, 0.0856, 0.0856 
5.103632, -0.002489828, -0.239809, 0.1952677, 0, 0, 0, 0.0856, 0.0856 
5.120307, -0.00257463, -0.2398854, 0.195446, 0, 0, 0, 0.0856, 0.0856 
5.136921, -0.002791204, -0.2393557, 0.1951569, 0, 0, 0, 0.0856, 0.0856 
5.153725, -0.002904832, -0.2389145, 0.1947421, 0, 0, 0, 0.0856, 0.0856 
5.170256, -0.002206743, -0.239566, 0.1948443, 0, 0, 0, 0.0856, 0.0856 
5.186898, -0.002341412, -0.2388715, 0.1937651, 0, 0, 0, 0.0856, 0.0856 
5.203692, -0.002887122, -0.2369422, 0.192135, 0, 0, 0, 0.0856, 0.0856 
5.220284, -0.003239386, -0.2355832, 0.1908118, 0, 0, 0, 0.0856, 0.0856 
5.236952, -0.003664255, -0.2337119, 0.1892893, 0, 0, 0, 0.0856, 0.0856 
5.25373, -0.003924049, -0.2326974, 0.1884054, 0, 0, 0, 0.0856, 0.0856 
5.270292, -0.003870159, -0.2327632, 0.1883506, 0, 0, 0, 0.0856, 0.0856 
5.286883, -0.003353104, -0.233897, 0.1885696, 0, 0, 0, 0.0856, 0.0856 
5.303634, -0.002938263, -0.2338367, 0.1885479, 0, 0, 0, 0.0856, 0.0856 
5.320301, -0.004656769, -0.228834, 0.1852679, 0, 0, 0, 0.0856, 0.0856 
5.336922, -0.00438115, -0.230998, 0.1872369, 0, 0, 0, 0.0856, 0.0856 
5.35378, -0.004085205, -0.2324373, 0.1889235, 0, 0, 0, 0.0856, 0.0856 
5.370264, -0.005196795, -0.2316544, 0.1900717, 0, 0, 0, 0.0856, 0.0856 
5.38695, -0.005223349, -0.2328415, 0.1925556, 0, 0, 0, 0.0856, 0.0856 
5.403655, -0.005113497, -0.2338166, 0.1947939, 0, 0, 0, 0.0856, 0.0856 
5.420337, -0.005272135, -0.2338571, 0.1961301, 0, 0, 0, 0.0856, 0.0856 
5.436969, -0.005608588, -0.2334224, 0.1969794, 0, 0, 0, 0.0856, 0.0856 
5.453629, -0.005498916, -0.2347637, 0.1992469, 0, 0, 0, 0.0856, 0.0856 
5.470273, -0.006318741, -0.2340796, 0.1990777, 0, 0, 0, 0.0856, 0.0856 
5.486938, -0.006759681, -0.2346025, 0.1999555, 0, 0, 0, 0.0856, 0.0856 
5.504856, -0.007604234, -0.2324117, 0.1993581, 0, 0, 0, 0.0856, 0.0856 
5.521486, -0.007926852, -0.2312391, 0.2000257, 0, 0, 0, 0.0856, 0.0856 
5.538214, -0.007603891, -0.2318031, 0.2022522, 0, 0, 0, 0.0856, 0.0856 
5.554744, -0.007502235, -0.2330124, 0.2049645, 0, 0, 0, 0.0856, 0.0856 
5.57133, -0.008837983, -0.2328902, 0.2062261, 0, 0, 0, 0.0856, 0.0856 
5.587987, -0.01244563, -0.2362365, 0.2107153, 0, 0, 0, 0.0856, 0.0856 
5.604469, -0.02073245, -0.2326217, 0.2081224, 0, 0, 0, 0.0856, 0.0856 
5.62123, -0.02360492, -0.2279787, 0.2033526, 0, 0, 0, 0.0856, 0.0856 
5.638186, -0.02486423, -0.2262103, 0.2004407, 0, 0, 0, 0.0856, 0.0856 
5.654721, -0.02781373, -0.2267409, 0.197992, 0, 0, 0, 0.0856, 0.0856 
5.671796, -0.03329692, -0.2247687, 0.1926638, 0, 0, 0, 0.0856, 0.0856 
5.687989, -0.03666103, -0.2254605, 0.1894603, 0, 0, 0, 0.0856, 0.0856 
5.704779, -0.03731892, -0.2258897, 0.1860453, 0, 0, 0, 0.0856, 0.0856 
5.72126, -0.03538216, -0.2280388, 0.1839881, 0, 0, 0, 0.0856, 0.0856 
5.73798, -0.03239003, -0.2291604, 0.181469, 0, 0, 0, 0.0856, 0.0856 
5.755064, -0.02767259, -0.2313669, 0.1803542, 0, 0, 0, 0.0856, 0.0856 
5.771604, -0.02095406, -0.2341656, 0.1804364, 0, 0, 0, 0.0856, 0.0856 
5.788297, -0.01276137, -0.2365021, 0.1810657, 0, 0, 0, 0.0856, 0.0856 
5.80481, -0.004032478, -0.2373207, 0.180981, 0, 0, 0, 0.0856, 0.0856 
5.821466, 0.004687965, -0.2370304, 0.1803964, 0, 0, 0, 0.0856, 0.0856 
5.837997, 0.01226773, -0.2353604, 0.1793377, 0, 0, 0, 0.0856, 0.0856 
5.854866, 0.01727667, -0.2327235, 0.1777446, 0, 0, 0, 0.0856, 0.0856 
5.871583, 0.02065695, -0.2325437, 0.178261, 0, 0, 0, 0.0856, 0.0856 
5.888173, 0.02312516, -0.2332549, 0.1792887, 0, 0, 0, 0.0856, 0.0856 
5.904688, 0.02550777, -0.2350206, 0.1810445, 0, 0, 0, 0.0856, 0.0856 
5.921506, 0.02646347, -0.2355362, 0.1814195, 0, 0, 0, 0.0856, 0.0856 
5.937826, 0.02568289, -0.2346153, 0.1801124, 0, 0, 0, 0.0856, 0.0856 
5.954791, 0.02540468, -0.2341968, 0.1790257, 0, 0, 0, 0.0856, 0.0856 
5.971415, 0.02677732, -0.2347008, 0.1785863, 0, 0, 0, 0.0856, 0.0856 
5.98841, 0.02976205, -0.2374329, 0.1788987, 0, 0, 0, 0.0856, 0.0856 
6.004647, 0.02974731, -0.2358556, 0.1764651, 0, 0, 0, 0.0856, 0.0856 
6.021211, 0.02942456, -0.234872, 0.1744027, 0, 0, 0, 0.0856, 0.0856 
6.037978, 0.02908932, -0.2349206, 0.1733524, 0, 0, 0, 0.0856, 0.0856 
6.055359, 0.02916116, -0.235424, 0.1728947, 0, 0, 0, 0.0856, 0.0856 
6.071272, 0.02832641, -0.2362667, 0.1733435, 0, 0, 0, 0.0856, 0.0856 
6.088348, 0.02874086, -0.2396841, 0.1762629, 0, 0, 0, 0.0856, 0.0856 
6.104862, 0.03091449, -0.2458718, 0.1807602, 0, 0, 0, 0.0856, 0.0856 
6.121716, 0.03275558, -0.2511756, 0.1843978, 0, 0, 0, 0.0856, 0.0856 
6.138535, 0.03207844, -0.2516154, 0.1848077, 0, 0, 0, 0.0856, 0.0856 
6.155367, 0.03225075, -0.2533934, 0.1860174, 0, 0, 0, 0.0856, 0.0856 
6.171637, 0.03263124, -0.2555243, 0.1874789, 0, 0, 0, 0.0856, 0.0856 
6.18807, 0.03293947, -0.2578451, 0.189249, 0, 0, 0, 0.0856, 0.0856 
6.204938, 0.03434422, -0.2610911, 0.191835, 0, 0, 0, 0.0856, 0.0856 
6.221537, 0.03562228, -0.2643811, 0.1939185, 0, 0, 0, 0.0856, 0.0856 
6.238015, 0.02645862, -0.2347758, 0.1678092, 0, 0, 0, 0.0856, 0.0856 
6.255316, 0.03271054, -0.2533574, 0.1839325, 0, 0, 0, 0.0856, 0.0856 
6.271603, 0.02508689, -0.227486, 0.1617178, 0, 0, 0, 0.0856, 0.0856 
8.505309, 0.01305746, -0.222285, 0.1209576, 0, 0, 0, 0.0856, 0.0856 
9.037919, -0.009118695, -0.2176267, 0.1083832, 0, 0, 0, 0.0856, 0.0856 
9.055016, -0.009334296, -0.2163148, 0.1073217, 0, 0, 0, 0.0856, 0.0856 
9.071594, -0.009649161, -0.2164731, 0.1087538, 0, 0, 0, 0.0856, 0.0856 
9.088145, -0.0092181, -0.2182465, 0.1109355, 0, 0, 0, 0.0856, 0.0856 
9.104774, -0.008799016, -0.2184576, 0.1108238, 0, 0, 0, 0.0856, 0.0856 
9.121381, -0.008529626, -0.2195256, 0.1116039, 0, 0, 0, 0.0856, 0.0856 
9.138046, -0.00832548, -0.2209811, 0.1116287, 0, 0, 0, 0.0856, 0.0856 
9.155037, -0.007706158, -0.2230498, 0.1118263, 0, 0, 0, 0.0856, 0.0856 
9.171326, -0.006356411, -0.2265132, 0.1135848, 0, 0, 0, 0.0856, 0.0856 
9.188211, -0.004875742, -0.2301773, 0.1162649, 0, 0, 0, 0.0856, 0.0856 
9.204606, -0.003495082, -0.2337117, 0.118566, 0, 0, 0, 0.0856, 0.0856 
9.221526, -0.00308492, -0.2326442, 0.1166478, 0, 0, 0, 0.0856, 0.0856 
9.238182, -0.003192604, -0.2314991, 0.1141516, 0, 0, 0, 0.0856, 0.0856 
9.254872, -0.003384292, -0.2311789, 0.1111137, 0, 0, 0, 0.0856, 0.0856 
9.271303, -0.004285797, -0.2315074, 0.1079147, 0, 0, 0, 0.0856, 0.0856 
9.28823, -0.005208287, -0.2324396, 0.1059122, 0, 0, 0, 0.0856, 0.0856 
9.304835, -0.004782103, -0.2301646, 0.1035453, 0, 0, 0, 0.0856, 0.0856 
9.321579, -0.003696457, -0.2280936, 0.1025555, 0, 0, 0, 0.0856, 0.0856 
9.338123, -0.00255318, -0.2260096, 0.1014522, 0, 0, 0, 0.0856, 0.0856 
9.354996, -0.002031241, -0.2246938, 0.1004748, 0, 0, 0, 0.0856, 0.0856 
9.371549, -0.002432901, -0.2246682, 0.09923638, 0, 0, 0, 0.0856, 0.0856 
9.388586, -0.003489926, -0.224243, 0.09754418, 0, 0, 0, 0.0856, 0.0856 
9.404831, -0.003827762, -0.2256466, 0.09746781, 0, 0, 0, 0.0856, 0.0856 
9.42146, -0.003144331, -0.2260862, 0.09703954, 0, 0, 0, 0.0856, 0.0856 
9.43803, -0.002121385, -0.2256918, 0.0967183, 0, 0, 0, 0.0856, 0.0856 
9.454985, -0.001316182, -0.2259753, 0.09705416, 0, 0, 0, 0.0856, 0.0856 
9.471692, -0.001644354, -0.2246258, 0.0974087, 0, 0, 0, 0.0856, 0.0856 
9.488767, -0.002352979, -0.2241454, 0.09827429, 0, 0, 0, 0.0856, 0.0856 
9.505009, -0.002628375, -0.2244988, 0.09969731, 0, 0, 0, 0.0856, 0.0856 
9.521855, -0.002351977, -0.2248749, 0.1014428, 0, 0, 0, 0.0856, 0.0856 
9.538239, -0.002165422, -0.2251783, 0.1032986, 0, 0, 0, 0.0856, 0.0856 
9.555049, -0.002350368, -0.2260754, 0.1053762, 0, 0, 0, 0.0856, 0.0856 
9.571465, -0.002837207, -0.2282369, 0.1076171, 0, 0, 0, 0.0856, 0.0856 
9.588209, -0.004758637, -0.2280554, 0.1081522, 0, 0, 0, 0.0856, 0.0856 
9.604745, -0.006987888, -0.2285808, 0.1086871, 0, 0, 0, 0.0856, 0.0856 
9.621725, -0.008802574, -0.2305987, 0.1107148, 0, 0, 0, 0.0856, 0.0856 
9.638375, -0.01171195, -0.2289668, 0.1115701, 0, 0, 0, 0.0856, 0.0856 
9.654979, -0.01367392, -0.2276386, 0.1137566, 0, 0, 0, 0.0856, 0.0856 
9.671403, -0.01491505, -0.2268711, 0.1168883, 0, 0, 0, 0.0856, 0.0856 
9.705194, -0.01634394, -0.2257082, 0.1193523, 0, 0, 0, 0.0856, 0.0856 
9.722471, -0.0179425, -0.2250886, 0.1218325, 0, 0, 0, 0.0856, 0.0856 
9.738168, -0.01945449, -0.2242217, 0.1243086, 0, 0, 0, 0.0856, 0.0856 
9.755286, -0.02064232, -0.2233365, 0.1271576, 0, 0, 0, 0.0856, 0.0856 
9.77151, -0.02154668, -0.2222095, 0.1300947, 0, 0, 0, 0.0856, 0.0856 
9.788063, -0.02230286, -0.2216099, 0.1333417, 0, 0, 0, 0.0856, 0.0856 
9.804958, -0.0231462, -0.221194, 0.1364475, 0, 0, 0, 0.0856, 0.0856 
9.821712, -0.02373251, -0.2208075, 0.1395468, 0, 0, 0, 0.0856, 0.0856 
9.83815, -0.02438578, -0.2207062, 0.1428138, 0, 0, 0, 0.0856, 0.0856 
9.855015, -0.02528503, -0.2201547, 0.1453184, 0, 0, 0, 0.0856, 0.0856 
9.871584, -0.02588192, -0.2204122, 0.1478821, 0, 0, 0, 0.0856, 0.0856 
9.888251, -0.02751551, -0.2197478, 0.1474477, 0, 0, 0, 0.0856, 0.0856 
9.904676, -0.02946943, -0.2189662, 0.145144, 0, 0, 0, 0.0856, 0.0856 
9.921621, -0.03075473, -0.2197736, 0.1438031, 0, 0, 0, 0.0856, 0.0856 
9.938008, -0.03076746, -0.2214226, 0.1438195, 0, 0, 0, 0.0856, 0.0856 
9.954879, -0.03040554, -0.2221029, 0.1433721, 0, 0, 0, 0.0856, 0.0856 
9.971458, -0.02942342, -0.2217958, 0.1426755, 0, 0, 0, 0.0856, 0.0856 
9.988269, -0.02739304, -0.2211549, 0.1424694, 0, 0, 0, 0.0856, 0.0856 
10.00468, -0.02496681, -0.219757, 0.1424268, 0, 0, 0, 0.0856, 0.0856 
10.02155, -0.02212296, -0.2177985, 0.1424688, 0, 0, 0, 0.0856, 0.0856 
10.03828, -0.01879485, -0.2157924, 0.1427833, 0, 0, 0, 0.0856, 0.0856 
10.05502, -0.01495734, -0.2137029, 0.1433173, 0, 0, 0, 0.0856, 0.0856 
10.07156, -0.0104907, -0.21257, 0.144953, 0, 0, 0, 0.0856, 0.0856 
10.08827, -0.005737286, -0.2117941, 0.1473212, 0, 0, 0, 0.0856, 0.0856 
10.10472, -0.0009063408, -0.2105372, 0.1490226, 0, 0, 0, 0.0856, 0.0856 
10.12161, 0.003929291, -0.209431, 0.1508473, 0, 0, 0, 0.0856, 0.0856 
10.13806, 0.007738624, -0.2067972, 0.151067, 0, 0, 0, 0.0856, 0.0856 
10.15506, 0.0116318, -0.2043736, 0.151375, 0, 0, 0, 0.0856, 0.0856 
10.1714, 0.01553754, -0.2027668, 0.1516641, 0, 0, 0, 0.0856, 0.0856 
10.18814, 0.0189111, -0.2012936, 0.1520567, 0, 0, 0, 0.0856, 0.0856 
10.20476, 0.02156267, -0.1983376, 0.1519153, 0, 0, 0, 0.0856, 0.0856 
10.22138, 0.0224294, -0.1916883, 0.1494422, 0, 0, 0, 0.0856, 0.0856 
10.23816, 0.02499508, -0.1871519, 0.1498289, 0, 0, 0, 0.0856, 0.0856 
10.25498, 0.02929582, -0.1853133, 0.1519763, 0, 0, 0, 0.0856, 0.0856 
10.27144, 0.03322294, -0.1835137, 0.1524272, 0, 0, 0, 0.0856, 0.0856 
10.28827, 0.03672532, -0.1815919, 0.1530032, 0, 0, 0, 0.0856, 0.0856 
10.3049, 0.03756684, -0.1763424, 0.1504623, 0, 0, 0, 0.0856, 0.0856 
10.32145, 0.03940698, -0.1725906, 0.1502296, 0, 0, 0, 0.0856, 0.0856 
10.33818, 0.04230567, -0.1709575, 0.1507077, 0, 0, 0, 0.0856, 0.0856 
10.35514, 0.04621873, -0.1715171, 0.1518712, 0, 0, 0, 0.0856, 0.0856 
10.3714, 0.0496961, -0.1720278, 0.1524014, 0, 0, 0, 0.0856, 0.0856 
10.38812, 0.05166436, -0.1718658, 0.1539253, 0, 0, 0, 0.0856, 0.0856 
10.40489, 0.05386415, -0.171143, 0.1557614, 0, 0, 0, 0.0856, 0.0856 
10.42146, 0.05410434, -0.168336, 0.1534429, 0, 0, 0, 0.0856, 0.0856 
10.43837, 0.05512149, -0.1667751, 0.151835, 0, 0, 0, 0.0856, 0.0856 
10.45499, 0.05699078, -0.166242, 0.1526882, 0, 0, 0, 0.0856, 0.0856 
10.4715, 0.05611864, -0.1637702, 0.1514525, 0, 0, 0, 0.0856, 0.0856 
10.48815, 0.05432857, -0.1599327, 0.1500159, 0, 0, 0, 0.0856, 0.0856 
10.50478, 0.05379646, -0.1567279, 0.1496707, 0, 0, 0, 0.0856, 0.0856 
10.52185, 0.05565004, -0.1557374, 0.1513471, 0, 0, 0, 0.0856, 0.0856 
10.53792, 0.05864853, -0.1555547, 0.1534636, 0, 0, 0, 0.0856, 0.0856 
10.5551, 0.05963641, -0.1540343, 0.1538704, 0, 0, 0, 0.0856, 0.0856 
10.57151, 0.05757802, -0.1494006, 0.1516319, 0, 0, 0, 0.0856, 0.0856 
10.58816, 0.05687107, -0.1459153, 0.1518684, 0, 0, 0, 0.0856, 0.0856 
10.60502, 0.05894092, -0.1449373, 0.1550981, 0, 0, 0, 0.0856, 0.0856 
10.62169, 0.06115074, -0.1449992, 0.1565677, 0, 0, 0, 0.0856, 0.0856 
10.63822, 0.06354896, -0.1445895, 0.1578418, 0, 0, 0, 0.0856, 0.0856 
10.65485, 0.06456245, -0.1442637, 0.1587582, 0, 0, 0, 0.0856, 0.0856 
10.67151, 0.06105739, -0.1407007, 0.1543401, 0, 0, 0, 0.0856, 0.0856 
10.68832, 0.06063027, -0.1396709, 0.1547396, 0, 0, 0, 0.0856, 0.0856 
10.70477, 0.06027938, -0.1393083, 0.1537231, 0, 0, 0, 0.0856, 0.0856 
10.72152, 0.06154811, -0.1407094, 0.1543085, 0, 0, 0, 0.0856, 0.0856 
10.73811, 0.06296672, -0.1418377, 0.1547417, 0, 0, 0, 0.0856, 0.0856 
10.75505, 0.06390569, -0.1422612, 0.1561694, 0, 0, 0, 0.0856, 0.0856 
10.77158, 0.06142599, -0.1402851, 0.1537194, 0, 0, 0, 0.0856, 0.0856 
10.7883, 0.05925835, -0.1389055, 0.1523491, 0, 0, 0, 0.0856, 0.0856 
10.805, 0.05763762, -0.1384285, 0.151422, 0, 0, 0, 0.0856, 0.0856 
10.82204, 0.05768839, -0.1396224, 0.152595, 0, 0, 0, 0.0856, 0.0856 
10.83814, 0.05743002, -0.1406294, 0.1531546, 0, 0, 0, 0.0856, 0.0856 
10.85502, 0.0568276, -0.1414805, 0.1541901, 0, 0, 0, 0.0856, 0.0856 
10.87164, 0.05487825, -0.1416998, 0.1538159, 0, 0, 0, 0.0856, 0.0856 
10.88822, 0.05343075, -0.1432674, 0.1549996, 0, 0, 0, 0.0856, 0.0856 
10.90477, 0.05184564, -0.1451959, 0.1560054, 0, 0, 0, 0.0856, 0.0856 
10.92167, 0.04911305, -0.1465789, 0.1555612, 0, 0, 0, 0.0856, 0.0856 
10.93906, 0.04595167, -0.1480814, 0.1546255, 0, 0, 0, 0.0856, 0.0856 
10.95506, 0.04278786, -0.1496825, 0.1534536, 0, 0, 0, 0.0856, 0.0856 
10.97165, 0.04057477, -0.1518237, 0.1536392, 0, 0, 0, 0.0856, 0.0856 
10.98839, 0.03778672, -0.1525255, 0.1527123, 0, 0, 0, 0.0856, 0.0856 
11.00487, 0.0341584, -0.1521365, 0.1508956, 0, 0, 0, 0.0856, 0.0856 
11.02164, 0.03127487, -0.1522128, 0.1509566, 0, 0, 0, 0.0856, 0.0856 
11.03828, 0.02929718, -0.1535067, 0.1528623, 0, 0, 0, 0.0856, 0.0856 
11.05522, 0.02653498, -0.1539328, 0.1520257, 0, 0, 0, 0.0856, 0.0856 
11.07166, 0.02501917, -0.1565201, 0.1534648, 0, 0, 0, 0.0856, 0.0856 
11.08861, 0.0232074, -0.1592363, 0.1551351, 0, 0, 0, 0.0856, 0.0856 
11.10544, 0.01977059, -0.1595215, 0.1553308, 0, 0, 0, 0.0856, 0.0856 
11.12182, 0.01505892, -0.1583365, 0.1539004, 0, 0, 0, 0.0856, 0.0856 
11.13823, 0.01079689, -0.1587419, 0.15295, 0, 0, 0, 0.0856, 0.0856 
11.15513, 0.006973367, -0.1603267, 0.151497, 0, 0, 0, 0.0856, 0.0856 
11.17176, 0.004764054, -0.1646215, 0.1534405, 0, 0, 0, 0.0856, 0.0856 
11.18819, 0.00176296, -0.167539, 0.155426, 0, 0, 0, 0.0856, 0.0856 
11.20495, -0.002003685, -0.1681822, 0.1566998, 0, 0, 0, 0.0856, 0.0856 
11.22156, -0.006542388, -0.167641, 0.1557753, 0, 0, 0, 0.0856, 0.0856 
11.23832, -0.0105254, -0.1681937, 0.1552103, 0, 0, 0, 0.0856, 0.0856 
11.25478, -0.01341112, -0.1695401, 0.1561894, 0, 0, 0, 0.0856, 0.0856 
11.27163, -0.01707095, -0.167072, 0.1552342, 0, 0, 0, 0.0856, 0.0856 
11.2884, -0.02031412, -0.1633857, 0.154835, 0, 0, 0, 0.0856, 0.0856 
11.30491, -0.02301221, -0.1608056, 0.1558022, 0, 0, 0, 0.0856, 0.0856 
11.32168, -0.02508972, -0.1600157, 0.1575079, 0, 0, 0, 0.0856, 0.0856 
11.3381, -0.02664889, -0.1600178, 0.1597003, 0, 0, 0, 0.0856, 0.0856 
11.355, -0.02780264, -0.1589589, 0.1617136, 0, 0, 0, 0.0856, 0.0856 
11.37151, -0.02959573, -0.1551583, 0.1614799, 0, 0, 0, 0.0856, 0.0856 
11.38831, -0.03072602, -0.1512964, 0.1621283, 0, 0, 0, 0.0856, 0.0856 
11.4051, -0.03170543, -0.1476079, 0.1628203, 0, 0, 0, 0.0856, 0.0856 
11.42169, -0.03277608, -0.1443696, 0.1634616, 0, 0, 0, 0.0856, 0.0856 
11.43813, -0.03351075, -0.1430555, 0.1656968, 0, 0, 0, 0.0856, 0.0856 
11.45485, -0.03422252, -0.1428146, 0.1682115, 0, 0, 0, 0.0856, 0.0856 
11.4717, -0.03450923, -0.1424212, 0.1704315, 0, 0, 0, 0.0856, 0.0856 
11.48822, -0.03442426, -0.140839, 0.1714455, 0, 0, 0, 0.0856, 0.0856 
11.50504, -0.03424393, -0.1384235, 0.1718669, 0, 0, 0, 0.0856, 0.0856 
11.52152, -0.03392397, -0.1366932, 0.1725788, 0, 0, 0, 0.0856, 0.0856 
11.53827, -0.03389477, -0.1355509, 0.1729077, 0, 0, 0, 0.0856, 0.0856 
11.55511, -0.03361176, -0.1360663, 0.173527, 0, 0, 0, 0.0856, 0.0856 
11.57157, -0.03283781, -0.1371634, 0.1744443, 0, 0, 0, 0.0856, 0.0856 
11.58818, -0.03172797, -0.1383028, 0.1767017, 0, 0, 0, 0.0856, 0.0856 
11.60493, -0.03028716, -0.1372834, 0.1763362, 0, 0, 0, 0.0856, 0.0856 
11.62193, -0.02872235, -0.1383604, 0.1764897, 0, 0, 0, 0.0856, 0.0856 
11.63811, -0.02739727, -0.1402012, 0.1757882, 0, 0, 0, 0.0856, 0.0856 
11.65516, -0.02522634, -0.1448237, 0.1776029, 0, 0, 0, 0.0856, 0.0856 
11.67213, -0.02324106, -0.1462591, 0.1775644, 0, 0, 0, 0.0856, 0.0856 
11.68817, -0.02126149, -0.1439532, 0.1753202, 0, 0, 0, 0.0856, 0.0856 
11.70513, -0.01823394, -0.1415254, 0.1740143, 0, 0, 0, 0.0856, 0.0856 
11.72254, -0.01503299, -0.1393712, 0.1723337, 0, 0, 0, 0.0856, 0.0856 
11.7384, -0.01129256, -0.1409856, 0.1732613, 0, 0, 0, 0.0856, 0.0856 
11.75513, -0.00702801, -0.1429012, 0.1747365, 0, 0, 0, 0.0856, 0.0856 
11.77156, -0.003455203, -0.1423014, 0.1743548, 0, 0, 0, 0.0856, 0.0856 
11.78841, -0.001112394, -0.1393563, 0.1715439, 0, 0, 0, 0.0856, 0.0856 
11.80482, 0.001702115, -0.1384136, 0.1708381, 0, 0, 0, 0.0856, 0.0856 
11.82164, 0.004024051, -0.1391605, 0.1696944, 0, 0, 0, 0.0856, 0.0856 
11.83841, 0.006391235, -0.1409167, 0.1686193, 0, 0, 0, 0.0856, 0.0856 
11.85509, 0.008449838, -0.1417531, 0.1674998, 0, 0, 0, 0.0856, 0.0856 
11.87147, 0.00902915, -0.1394909, 0.1637914, 0, 0, 0, 0.0856, 0.0856 
11.88822, 0.009451889, -0.137211, 0.1588549, 0, 0, 0, 0.0856, 0.0856 
11.90509, 0.009735294, -0.1371705, 0.1549375, 0, 0, 0, 0.0856, 0.0856 
11.92156, 0.01059516, -0.1394195, 0.1517829, 0, 0, 0, 0.0856, 0.0856 
11.93824, 0.0123146, -0.1418223, 0.1493887, 0, 0, 0, 0.0856, 0.0856 
11.95502, 0.01379495, -0.142322, 0.1474958, 0, 0, 0, 0.0856, 0.0856 
11.97158, 0.01466342, -0.140114, 0.1445628, 0, 0, 0, 0.0856, 0.0856 
11.98856, 0.01618944, -0.1384994, 0.1420887, 0, 0, 0, 0.0856, 0.0856 
12.00502, 0.01789659, -0.1378971, 0.138965, 0, 0, 0, 0.0856, 0.0856 
12.02159, 0.02001401, -0.1385177, 0.1369939, 0, 0, 0, 0.0856, 0.0856 
12.03813, 0.02179441, -0.1381356, 0.1352781, 0, 0, 0, 0.0856, 0.0856 
12.05511, 0.02315509, -0.1361479, 0.1335211, 0, 0, 0, 0.0856, 0.0856 
12.07163, 0.02466411, -0.1334463, 0.131896, 0, 0, 0, 0.0856, 0.0856 
12.08822, 0.02579512, -0.129792, 0.1298646, 0, 0, 0, 0.0856, 0.0856 
12.10485, 0.02724846, -0.1256075, 0.1281249, 0, 0, 0, 0.0856, 0.0856 
12.12167, 0.02943802, -0.1215978, 0.1275463, 0, 0, 0, 0.0856, 0.0856 
12.13837, 0.03232384, -0.1185072, 0.1281313, 0, 0, 0, 0.0856, 0.0856 
12.15505, 0.03538417, -0.1167618, 0.1294296, 0, 0, 0, 0.0856, 0.0856 
12.17147, 0.03863099, -0.1166788, 0.1314328, 0, 0, 0, 0.0856, 0.0856 
12.18839, 0.04299206, -0.1189231, 0.1351967, 0, 0, 0, 0.0856, 0.0856 
12.20487, 0.04591623, -0.1203715, 0.1370183, 0, 0, 0, 0.0856, 0.0856 
12.22168, 0.0486947, -0.1220532, 0.139133, 0, 0, 0, 0.0856, 0.0856 
12.23828, 0.05004834, -0.1242185, 0.1407351, 0, 0, 0, 0.0856, 0.0856 
12.25543, 0.05232854, -0.1282962, 0.1434005, 0, 0, 0, 0.0856, 0.0856 
12.27185, 0.0547103, -0.1331242, 0.1464341, 0, 0, 0, 0.0856, 0.0856 
12.28851, 0.05695079, -0.1377158, 0.1500937, 0, 0, 0, 0.0856, 0.0856 
12.30538, 0.05711721, -0.1398186, 0.1515047, 0, 0, 0, 0.0856, 0.0856 
12.32211, 0.05889902, -0.142943, 0.1551329, 0, 0, 0, 0.0856, 0.0856 
12.3384, 0.0568321, -0.1429989, 0.1542088, 0, 0, 0, 0.0856, 0.0856 
12.35542, 0.05542658, -0.1449337, 0.1549222, 0, 0, 0, 0.0856, 0.0856 
12.37152, 0.05353374, -0.1478515, 0.1558199, 0, 0, 0, 0.0856, 0.0856 
12.38842, 0.05112787, -0.1514697, 0.1567366, 0, 0, 0, 0.0856, 0.0856 
12.40488, 0.04879599, -0.1553949, 0.1579965, 0, 0, 0, 0.0856, 0.0856 
12.42174, 0.0464145, -0.1590241, 0.1596731, 0, 0, 0, 0.0856, 0.0856 
12.43826, 0.04298431, -0.1605678, 0.1594338, 0, 0, 0, 0.0856, 0.0856 
12.45516, 0.04117079, -0.1641694, 0.1610679, 0, 0, 0, 0.0856, 0.0856 
12.47181, 0.03851618, -0.1676162, 0.1617755, 0, 0, 0, 0.0856, 0.0856 
12.48841, 0.03596122, -0.1722069, 0.1624741, 0, 0, 0, 0.0856, 0.0856 
12.5048, 0.0340725, -0.1783832, 0.1635094, 0, 0, 0, 0.0856, 0.0856 
12.52178, 0.0327039, -0.1847275, 0.1645014, 0, 0, 0, 0.0856, 0.0856 
12.53819, 0.03149754, -0.19033, 0.1661246, 0, 0, 0, 0.0856, 0.0856 
12.55488, 0.02867198, -0.1917702, 0.1653532, 0, 0, 0, 0.0856, 0.0856 
12.5725, 0.02685332, -0.1930667, 0.164941, 0, 0, 0, 0.0856, 0.0856 
12.58847, 0.02634432, -0.195357, 0.1644796, 0, 0, 0, 0.0856, 0.0856 
12.60504, 0.02715405, -0.1989618, 0.1647014, 0, 0, 0, 0.0856, 0.0856 
12.62183, 0.02818567, -0.2026255, 0.1658543, 0, 0, 0, 0.0856, 0.0856 
12.63839, 0.02839034, -0.2042349, 0.1669512, 0, 0, 0, 0.0856, 0.0856 
12.65525, 0.02863818, -0.2041713, 0.1674803, 0, 0, 0, 0.0856, 0.0856 
12.67152, 0.02950667, -0.204246, 0.1676489, 0, 0, 0, 0.0856, 0.0856 
12.68838, 0.03002491, -0.2035066, 0.1658145, 0, 0, 0, 0.0856, 0.0856 
12.70517, 0.03059698, -0.2031468, 0.1647127, 0, 0, 0, 0.0856, 0.0856 
12.7218, 0.03011587, -0.2015995, 0.1641116, 0, 0, 0, 0.0856, 0.0856 
12.73847, 0.02877552, -0.1990241, 0.1635457, 0, 0, 0, 0.0856, 0.0856 
12.75515, 0.02808588, -0.1974604, 0.1633891, 0, 0, 0, 0.0856, 0.0856 
12.77152, 0.02847791, -0.1979007, 0.1636191, 0, 0, 0, 0.0856, 0.0856 
12.78845, 0.02904185, -0.1990914, 0.1629107, 0, 0, 0, 0.0856, 0.0856 
12.80506, 0.02963655, -0.200847, 0.1620863, 0, 0, 0, 0.0856, 0.0856 
12.82161, 0.02904371, -0.2017057, 0.1611669, 0, 0, 0, 0.0856, 0.0856 
12.83859, 0.02686867, -0.2006858, 0.1599124, 0, 0, 0, 0.0856, 0.0856 
12.85505, 0.0243197, -0.19898, 0.1587632, 0, 0, 0, 0.0856, 0.0856 
12.87204, 0.02259229, -0.1982182, 0.158156, 0, 0, 0, 0.0856, 0.0856 
12.88866, 0.02164905, -0.1980234, 0.1571168, 0, 0, 0, 0.0856, 0.0856 
12.9056, 0.02151426, -0.198748, 0.1566328, 0, 0, 0, 0.0856, 0.0856 
12.92255, 0.02165404, -0.1996551, 0.1569293, 0, 0, 0, 0.0856, 0.0856 
12.93879, 0.021235, -0.199154, 0.1567023, 0, 0, 0, 0.0856, 0.0856 
12.95584, 0.02078919, -0.198222, 0.1565591, 0, 0, 0, 0.0856, 0.0856 
12.9718, 0.02085197, -0.1978994, 0.1570899, 0, 0, 0, 0.0856, 0.0856 
12.9885, 0.02101936, -0.1977428, 0.1573298, 0, 0, 0, 0.0856, 0.0856 
13.00523, 0.02093342, -0.1970274, 0.1570365, 0, 0, 0, 0.0856, 0.0856 
13.02177, 0.02073469, -0.1966022, 0.1572067, 0, 0, 0, 0.0856, 0.0856 
13.0382, 0.02050344, -0.1961673, 0.1572783, 0, 0, 0, 0.0856, 0.0856 
13.0551, 0.02058577, -0.1963374, 0.1576439, 0, 0, 0, 0.0856, 0.0856 
13.07179, 0.02069641, -0.1961075, 0.1575127, 0, 0, 0, 0.0856, 0.0856 
13.08857, 0.02086712, -0.1963894, 0.1577464, 0, 0, 0, 0.0856, 0.0856 
13.10588, 0.02046513, -0.195905, 0.1575583, 0, 0, 0, 0.0856, 0.0856 
13.12209, 0.01919607, -0.1943563, 0.1570241, 0, 0, 0, 0.0856, 0.0856 
13.13866, 0.0177637, -0.1924993, 0.1569389, 0, 0, 0, 0.0856, 0.0856 
13.15568, 0.01679778, -0.191279, 0.1578457, 0, 0, 0, 0.0856, 0.0856 
13.17178, 0.01644944, -0.1902454, 0.158478, 0, 0, 0, 0.0856, 0.0856 
13.1887, 0.01676128, -0.1899953, 0.1592112, 0, 0, 0, 0.0856, 0.0856 
13.2053, 0.01710009, -0.1895247, 0.1592781, 0, 0, 0, 0.0856, 0.0856 
13.2219, 0.01750062, -0.1893222, 0.1592552, 0, 0, 0, 0.0856, 0.0856 
13.23849, 0.01808361, -0.1893973, 0.1593442, 0, 0, 0, 0.0856, 0.0856 
13.25525, 0.01873773, -0.1892881, 0.1595143, 0, 0, 0, 0.0856, 0.0856 
13.27219, 0.01892263, -0.1885603, 0.159362, 0, 0, 0, 0.0856, 0.0856 
13.28853, 0.0184961, -0.1879983, 0.1597775, 0, 0, 0, 0.0856, 0.0856 
13.30573, 0.01713232, -0.1861894, 0.1598409, 0, 0, 0, 0.0856, 0.0856 
13.3226, 0.01579129, -0.1845188, 0.1605113, 0, 0, 0, 0.0856, 0.0856 
13.33843, 0.0149433, -0.18315, 0.1611595, 0, 0, 0, 0.0856, 0.0856 
13.35521, 0.01520301, -0.1829612, 0.162007, 0, 0, 0, 0.0856, 0.0856 
13.37237, 0.0163115, -0.1835348, 0.1627184, 0, 0, 0, 0.0856, 0.0856 
13.38882, 0.01665569, -0.183146, 0.1626821, 0, 0, 0, 0.0856, 0.0856 
13.40533, 0.01614405, -0.181975, 0.1629202, 0, 0, 0, 0.0856, 0.0856 
13.42203, 0.01538512, -0.1810838, 0.1634732, 0, 0, 0, 0.0856, 0.0856 
13.43835, 0.01571054, -0.1821163, 0.1647734, 0, 0, 0, 0.0856, 0.0856 
13.45518, 0.01712672, -0.1838018, 0.1656427, 0, 0, 0, 0.0856, 0.0856 
13.47156, 0.0188776, -0.1853244, 0.1660557, 0, 0, 0, 0.0856, 0.0856 
13.48862, 0.02022608, -0.1860533, 0.1660761, 0, 0, 0, 0.0856, 0.0856 
13.50487, 0.02101572, -0.1858375, 0.1652762, 0, 0, 0, 0.0856, 0.0856 
13.52177, 0.02134825, -0.1864074, 0.1648928, 0, 0, 0, 0.0856, 0.0856 
13.53846, 0.0214701, -0.1874989, 0.1643937, 0, 0, 0, 0.0856, 0.0856 
13.55577, 0.02142697, -0.1887152, 0.1635847, 0, 0, 0, 0.0856, 0.0856 
13.57366, 0.02129654, -0.1894459, 0.1621311, 0, 0, 0, 0.0856, 0.0856 
13.58835, 0.02144551, -0.190849, 0.1614114, 0, 0, 0, 0.0856, 0.0856 
13.60524, 0.02134412, -0.1919144, 0.1606078, 0, 0, 0, 0.0856, 0.0856 
13.62192, 0.02113331, -0.1932649, 0.1601901, 0, 0, 0, 0.0856, 0.0856 
13.63853, 0.02113708, -0.1948984, 0.1605212, 0, 0, 0, 0.0856, 0.0856 
13.65634, 0.02046965, -0.1959079, 0.1595732, 0, 0, 0, 0.0856, 0.0856 
13.67193, 0.0197341, -0.1966712, 0.1587895, 0, 0, 0, 0.0856, 0.0856 
13.68877, 0.01867959, -0.197288, 0.1581007, 0, 0, 0, 0.0856, 0.0856 
13.70587, 0.01764012, -0.1981584, 0.157874, 0, 0, 0, 0.0856, 0.0856 
13.72271, 0.01667838, -0.199514, 0.1581149, 0, 0, 0, 0.0856, 0.0856 
13.73863, 0.01596189, -0.2011238, 0.1582633, 0, 0, 0, 0.0856, 0.0856 
13.75556, 0.01544567, -0.2027058, 0.1585687, 0, 0, 0, 0.0856, 0.0856 
13.77231, 0.01487849, -0.2044449, 0.1589824, 0, 0, 0, 0.0856, 0.0856 
13.78854, 0.01417206, -0.206062, 0.1593734, 0, 0, 0, 0.0856, 0.0856 
13.80548, 0.01366083, -0.2075313, 0.1599031, 0, 0, 0, 0.0856, 0.0856 
13.82189, 0.01328408, -0.2084635, 0.1598956, 0, 0, 0, 0.0856, 0.0856 
13.8385, 0.01279134, -0.2092603, 0.1597605, 0, 0, 0, 0.0856, 0.0856 
13.85656, 0.01219811, -0.2096002, 0.159296, 0, 0, 0, 0.0856, 0.0856 
13.87177, 0.01201589, -0.2095956, 0.1587517, 0, 0, 0, 0.0856, 0.0856 
13.88877, 0.01211297, -0.2091809, 0.1581945, 0, 0, 0, 0.0856, 0.0856 
13.91115, 0.01256199, -0.2088317, 0.1581715, 0, 0, 0, 0.0856, 0.0856 
13.92215, 0.01307024, -0.2082758, 0.1584988, 0, 0, 0, 0.0856, 0.0856 
13.93882, 0.01376759, -0.2078099, 0.1595196, 0, 0, 0, 0.0856, 0.0856 
13.95602, 0.01417091, -0.2058861, 0.1599929, 0, 0, 0, 0.0856, 0.0856 
13.97208, 0.01448554, -0.2036126, 0.1609685, 0, 0, 0, 0.0856, 0.0856 
13.98884, 0.01498206, -0.2013143, 0.1621593, 0, 0, 0, 0.0856, 0.0856 
14.00596, 0.01551652, -0.1985171, 0.1630549, 0, 0, 0, 0.0856, 0.0856 
14.02645, 0.01639265, -0.1962588, 0.1640892, 0, 0, 0, 0.0856, 0.0856 
14.03859, 0.01747184, -0.1941402, 0.1645608, 0, 0, 0, 0.0856, 0.0856 
14.05558, 0.0187202, -0.1921586, 0.1645923, 0, 0, 0, 0.0856, 0.0856 
14.07225, 0.02031405, -0.190965, 0.1650724, 0, 0, 0, 0.0856, 0.0856 
14.08886, 0.02143817, -0.1901906, 0.1657299, 0, 0, 0, 0.0856, 0.0856 
14.10511, 0.0212879, -0.1883155, 0.1660323, 0, 0, 0, 0.0856, 0.0856 
14.12211, 0.01995032, -0.1852261, 0.1660828, 0, 0, 0, 0.0856, 0.0856 
14.13848, 0.01903822, -0.1829559, 0.1668456, 0, 0, 0, 0.0856, 0.0856 
14.15545, 0.01864028, -0.1811434, 0.1673278, 0, 0, 0, 0.0856, 0.0856 
14.17191, 0.01889967, -0.180776, 0.1684208, 0, 0, 0, 0.0856, 0.0856 
14.18843, 0.01947934, -0.1812509, 0.1702873, 0, 0, 0, 0.0856, 0.0856 
14.20505, 0.02070846, -0.1835234, 0.1745526, 0, 0, 0, 0.0856, 0.0856 
14.22162, 0.0198203, -0.1827502, 0.1736961, 0, 0, 0, 0.0856, 0.0856 
14.23838, 0.01926012, -0.1844423, 0.1750578, 0, 0, 0, 0.0856, 0.0856 
14.25521, 0.01751789, -0.1850835, 0.1747228, 0, 0, 0, 0.0856, 0.0856 
14.27181, 0.01457986, -0.1839595, 0.1716869, 0, 0, 0, 0.0856, 0.0856 
14.28844, 0.01220054, -0.1838592, 0.1693608, 0, 0, 0, 0.0856, 0.0856 
14.30511, 0.01154619, -0.1866125, 0.1699126, 0, 0, 0, 0.0856, 0.0856 
14.32168, 0.0114204, -0.1898905, 0.1700407, 0, 0, 0, 0.0856, 0.0856 
14.3385, 0.01162873, -0.1940218, 0.1703576, 0, 0, 0, 0.0856, 0.0856 
14.35548, 0.01194267, -0.1988663, 0.1716173, 0, 0, 0, 0.0856, 0.0856 
14.37168, 0.009978622, -0.1992856, 0.1689266, 0, 0, 0, 0.0856, 0.0856 
14.3888, 0.00860022, -0.2009076, 0.1683791, 0, 0, 0, 0.0856, 0.0856 
14.4049, 0.00796045, -0.2033118, 0.1688898, 0, 0, 0, 0.0856, 0.0856 
14.42166, 0.007814221, -0.2053319, 0.1698895, 0, 0, 0, 0.0856, 0.0856 
14.43834, 0.00775503, -0.2063451, 0.1705081, 0, 0, 0, 0.0856, 0.0856 
14.45559, 0.009022024, -0.2112915, 0.1757637, 0, 0, 0, 0.0856, 0.0856 
14.47217, 0.01016811, -0.2149493, 0.1801245, 0, 0, 0, 0.0856, 0.0856 
14.48913, 0.01080016, -0.2155555, 0.1803159, 0, 0, 0, 0.0856, 0.0856 
14.50522, 0.01135267, -0.2166067, 0.1810913, 0, 0, 0, 0.0856, 0.0856 
14.52176, 0.01119468, -0.2178085, 0.1824858, 0, 0, 0, 0.0856, 0.0856 
14.53889, 0.01118122, -0.2199608, 0.1846024, 0, 0, 0, 0.0856, 0.0856 
14.5562, 0.011281, -0.2215671, 0.1855033, 0, 0, 0, 0.0856, 0.0856 
14.57209, 0.01121973, -0.2231915, 0.18668, 0, 0, 0, 0.0856, 0.0856 
14.58917, 0.01133059, -0.2239004, 0.1872558, 0, 0, 0, 0.0856, 0.0856 
14.60566, 0.01186439, -0.2266007, 0.1894433, 0, 0, 0, 0.0856, 0.0856 
14.62222, 0.01147242, -0.2279734, 0.1906571, 0, 0, 0, 0.0856, 0.0856 
14.63855, 0.01047372, -0.2279145, 0.1906417, 0, 0, 0, 0.0856, 0.0856 
14.65613, 0.01075992, -0.2308458, 0.1924814, 0, 0, 0, 0.0856, 0.0856 
14.67221, 0.01149319, -0.2332409, 0.1936955, 0, 0, 0, 0.0856, 0.0856 
14.68893, 0.01151939, -0.2316175, 0.18984, 0, 0, 0, 0.0856, 0.0856 
14.7062, 0.01113787, -0.2308111, 0.188187, 0, 0, 0, 0.0856, 0.0856 
14.7227, 0.01020499, -0.2319586, 0.1897009, 0, 0, 0, 0.0856, 0.0856 
14.7389, 0.009510413, -0.2341109, 0.1922977, 0, 0, 0, 0.0856, 0.0856 
14.7554, 0.00898359, -0.2332927, 0.1927101, 0, 0, 0, 0.0856, 0.0856 
14.77186, 0.007245898, -0.227629, 0.1894241, 0, 0, 0, 0.0856, 0.0856 
14.78839, 0.005715229, -0.2268956, 0.1896968, 0, 0, 0, 0.0856, 0.0856 
14.80534, 0.003999911, -0.2268923, 0.1908564, 0, 0, 0, 0.0856, 0.0856 
14.8222, 0.002215885, -0.2271983, 0.1924509, 0, 0, 0, 0.0856, 0.0856 
14.8391, 0.0006649718, -0.2272618, 0.1942226, 0, 0, 0, 0.0856, 0.0856 
14.86266, -3.710389E-05, -0.2275452, 0.1957507, 0, 0, 0, 0.0856, 0.0856 
14.87192, -0.001914747, -0.2269348, 0.1959125, 0, 0, 0, 0.0856, 0.0856 
14.88891, -0.003756624, -0.2258048, 0.1958144, 0, 0, 0, 0.0856, 0.0856 
14.90637, -0.004833616, -0.2268022, 0.1973649, 0, 0, 0, 0.0856, 0.0856 
14.92184, -0.005624328, -0.227025, 0.1978797, 0, 0, 0, 0.0856, 0.0856 
14.93884, -0.006097488, -0.2281064, 0.2000081, 0, 0, 0, 0.0856, 0.0856 
14.96254, -0.005712576, -0.2301493, 0.2024653, 0, 0, 0, 0.0856, 0.0856 
14.97194, -0.005806584, -0.2310938, 0.2038483, 0, 0, 0, 0.0856, 0.0856 
14.98936, -0.006491993, -0.2309049, 0.2036486, 0, 0, 0, 0.0856, 0.0856 
15.00634, -0.006633285, -0.2309238, 0.2033094, 0, 0, 0, 0.0856, 0.0856 
15.02293, -0.00665202, -0.2322927, 0.2044138, 0, 0, 0, 0.0856, 0.0856 
15.03915, -0.007519674, -0.229057, 0.2013923, 0, 0, 0, 0.0856, 0.0856 
15.05682, -0.007207431, -0.2294164, 0.2013816, 0, 0, 0, 0.0856, 0.0856 
15.07457, -0.006781757, -0.2303368, 0.2021358, 0, 0, 0, 0.0856, 0.0856 
15.09015, -0.007653769, -0.2271678, 0.199086, 0, 0, 0, 0.0856, 0.0856 
15.1061, -0.00776678, -0.2272453, 0.1991553, 0, 0, 0, 0.0856, 0.0856 
15.12295, -0.007660378, -0.2277897, 0.1997024, 0, 0, 0, 0.0856, 0.0856 
15.13898, -0.007224027, -0.2287946, 0.2011017, 0, 0, 0, 0.0856, 0.0856 
15.15668, -0.007963013, -0.2273383, 0.1993583, 0, 0, 0, 0.0856, 0.0856 
15.17338, -0.00839521, -0.2265031, 0.1983077, 0, 0, 0, 0.0856, 0.0856 
15.18898, -0.008674726, -0.2254848, 0.19688, 0, 0, 0, 0.0856, 0.0856 
15.20636, -0.008799829, -0.2254823, 0.1967041, 0, 0, 0, 0.0856, 0.0856 
15.22321, -0.008527715, -0.2258234, 0.1971313, 0, 0, 0, 0.0856, 0.0856 
15.24075, -0.008575764, -0.2251132, 0.1965604, 0, 0, 0, 0.0856, 0.0856 
15.25644, -0.008404549, -0.2256634, 0.1972228, 0, 0, 0, 0.0856, 0.0856 
15.27268, -0.008254688, -0.2261658, 0.197251, 0, 0, 0, 0.0856, 0.0856 
15.28917, -0.007988703, -0.2270899, 0.1973503, 0, 0, 0, 0.0856, 0.0856 
15.30622, -0.007825051, -0.2275734, 0.1977121, 0, 0, 0, 0.0856, 0.0856 
15.32279, -0.008692335, -0.2257701, 0.1962024, 0, 0, 0, 0.0856, 0.0856 
15.33882, -0.008302983, -0.2273359, 0.1977926, 0, 0, 0, 0.0856, 0.0856 
15.35625, -0.008343481, -0.2262901, 0.1968398, 0, 0, 0, 0.0856, 0.0856 
15.373, -0.008583907, -0.2256307, 0.1958664, 0, 0, 0, 0.0856, 0.0856 
15.38897, -0.008529458, -0.2257414, 0.195353, 0, 0, 0, 0.0856, 0.0856 
15.4059, -0.008402023, -0.2260766, 0.1957465, 0, 0, 0, 0.0856, 0.0856 
15.42204, -0.0083404, -0.22855, 0.1983819, 0, 0, 0, 0.0856, 0.0856 
15.43878, -0.008480348, -0.2319086, 0.2019495, 0, 0, 0, 0.0856, 0.0856 
15.45667, -0.008111332, -0.2308567, 0.2014018, 0, 0, 0, 0.0856, 0.0856 
15.47239, -0.007904723, -0.2322351, 0.2031154, 0, 0, 0, 0.0856, 0.0856 
15.48903, -0.009377476, -0.2262212, 0.1971432, 0, 0, 0, 0.0856, 0.0856 
15.50608, -0.009125885, -0.2280339, 0.1990119, 0, 0, 0, 0.0856, 0.0856 
15.52259, -0.008962605, -0.2303537, 0.2013331, 0, 0, 0, 0.0856, 0.0856 
15.5388, -0.008568779, -0.229924, 0.20063, 0, 0, 0, 0.0856, 0.0856 
15.55652, -0.008907489, -0.2274811, 0.1978799, 0, 0, 0, 0.0856, 0.0856 
15.57271, -0.009154662, -0.2270475, 0.1973384, 0, 0, 0, 0.0856, 0.0856 
15.58928, -0.009354386, -0.2269071, 0.1972873, 0, 0, 0, 0.0856, 0.0856 
15.60595, -0.009012591, -0.2282266, 0.1990517, 0, 0, 0, 0.0856, 0.0856 
15.62246, -0.008962933, -0.227483, 0.1989293, 0, 0, 0, 0.0856, 0.0856 
15.63899, -0.00895654, -0.2262978, 0.1976772, 0, 0, 0, 0.0856, 0.0856 
15.65622, -0.008816298, -0.2263376, 0.1976052, 0, 0, 0, 0.0856, 0.0856 
15.67243, -0.008891791, -0.2278592, 0.1986738, 0, 0, 0, 0.0856, 0.0856 
15.6889, -0.009314571, -0.2282343, 0.1984425, 0, 0, 0, 0.0856, 0.0856 
15.7063, -0.009321813, -0.2281065, 0.1982057, 0, 0, 0, 0.0856, 0.0856 
15.72221, -0.009174112, -0.2275195, 0.1977755, 0, 0, 0, 0.0856, 0.0856 
15.73898, -0.008878, -0.2270789, 0.1979754, 0, 0, 0, 0.0856, 0.0856 
15.75664, -0.008665852, -0.2278717, 0.1995481, 0, 0, 0, 0.0856, 0.0856 
15.77302, -0.008729737, -0.2293389, 0.2011776, 0, 0, 0, 0.0856, 0.0856 
15.78846, -0.009088486, -0.2280176, 0.1990562, 0, 0, 0, 0.0856, 0.0856 
15.80571, -0.009026475, -0.2276694, 0.1981293, 0, 0, 0, 0.0856, 0.0856 
15.82266, -0.008833561, -0.2277359, 0.1980363, 0, 0, 0, 0.0856, 0.0856 
15.83912, -0.008671328, -0.227365, 0.1975596, 0, 0, 0, 0.0856, 0.0856 
15.8564, -0.008412408, -0.2282657, 0.1985004, 0, 0, 0, 0.0856, 0.0856 
15.87224, -0.008432046, -0.2282803, 0.198256, 0, 0, 0, 0.0856, 0.0856 
15.88939, -0.008733282, -0.2287423, 0.1987834, 0, 0, 0, 0.0856, 0.0856 
15.91158, -0.008747034, -0.2291162, 0.1990274, 0, 0, 0, 0.0856, 0.0856 
15.92183, -0.008690424, -0.2290386, 0.1988417, 0, 0, 0, 0.0856, 0.0856 
15.939, -0.00868753, -0.2287346, 0.1987389, 0, 0, 0, 0.0856, 0.0856 
15.95623, -0.008463521, -0.2293471, 0.1997839, 0, 0, 0, 0.0856, 0.0856 
15.97228, -0.008639144, -0.2290146, 0.199645, 0, 0, 0, 0.0856, 0.0856 
15.98953, -0.008704795, -0.228887, 0.1994719, 0, 0, 0, 0.0856, 0.0856 
16.0061, -0.008743141, -0.2286026, 0.1992369, 0, 0, 0, 0.0856, 0.0856 
16.02255, -0.008648315, -0.2286149, 0.1993986, 0, 0, 0, 0.0856, 0.0856 
16.03937, -0.008603506, -0.2288964, 0.1998034, 0, 0, 0, 0.0856, 0.0856 
16.05604, -0.008562766, -0.229231, 0.2000373, 0, 0, 0, 0.0856, 0.0856 
16.07303, -0.008622639, -0.2307461, 0.2013139, 0, 0, 0, 0.0856, 0.0856 
16.08969, -0.008540949, -0.2299023, 0.200112, 0, 0, 0, 0.0856, 0.0856 
16.10611, -0.00841102, -0.2294304, 0.1994939, 0, 0, 0, 0.0856, 0.0856 
16.12258, -0.008365585, -0.229076, 0.1994378, 0, 0, 0, 0.0856, 0.0856 
16.13921, -0.008409771, -0.2290456, 0.1997845, 0, 0, 0, 0.0856, 0.0856 
16.15602, -0.008461099, -0.2290684, 0.1999489, 0, 0, 0, 0.0856, 0.0856 
16.17248, -0.00838926, -0.2292319, 0.2001018, 0, 0, 0, 0.0856, 0.0856 
16.18911, -0.008136806, -0.2305744, 0.2013769, 0, 0, 0, 0.0856, 0.0856 
16.20558, -0.007840301, -0.2319995, 0.2030196, 0, 0, 0, 0.0856, 0.0856 
16.22232, -0.007895354, -0.2303874, 0.2013559, 0, 0, 0, 0.0856, 0.0856 
16.23959, -0.00785869, -0.2297777, 0.2006233, 0, 0, 0, 0.0856, 0.0856 
16.25601, -0.007816454, -0.229707, 0.20047, 0, 0, 0, 0.0856, 0.0856 
16.27267, -0.007783853, -0.2297356, 0.2004749, 0, 0, 0, 0.0856, 0.0856 
16.28983, -0.007666812, -0.2301599, 0.2007616, 0, 0, 0, 0.0856, 0.0856 
16.30637, -0.007620417, -0.2303654, 0.2009446, 0, 0, 0, 0.0856, 0.0856 
16.3225, -0.007391217, -0.2311757, 0.2020317, 0, 0, 0, 0.0856, 0.0856 
16.33879, -0.007511834, -0.2306736, 0.2014318, 0, 0, 0, 0.0856, 0.0856 
16.35639, -0.00727698, -0.231396, 0.201948, 0, 0, 0, 0.0856, 0.0856 
16.37405, -0.007511035, -0.2318234, 0.202144, 0, 0, 0, 0.0856, 0.0856 
16.38913, -0.007697459, -0.2315496, 0.2016705, 0, 0, 0, 0.0856, 0.0856 
16.40596, -0.007803868, -0.2311727, 0.2013599, 0, 0, 0, 0.0856, 0.0856 
16.42266, -0.007781826, -0.2318693, 0.2019466, 0, 0, 0, 0.0856, 0.0856 
16.43902, -0.007835214, -0.2314151, 0.2017966, 0, 0, 0, 0.0856, 0.0856 
16.45602, -0.008097528, -0.2319196, 0.2027729, 0, 0, 0, 0.0856, 0.0856 
16.47236, -0.008047036, -0.2311699, 0.2020366, 0, 0, 0, 0.0856, 0.0856 
16.4891, -0.00792784, -0.2309414, 0.2015631, 0, 0, 0, 0.0856, 0.0856 
16.50594, -0.007868999, -0.2310435, 0.2016435, 0, 0, 0, 0.0856, 0.0856 
16.52256, -0.007874306, -0.23101, 0.201687, 0, 0, 0, 0.0856, 0.0856 
16.53875, -0.007830725, -0.2311813, 0.201889, 0, 0, 0, 0.0856, 0.0856 
16.556, -0.007830257, -0.2313244, 0.2020974, 0, 0, 0, 0.0856, 0.0856 
16.57252, -0.00786008, -0.2315526, 0.2023038, 0, 0, 0, 0.0856, 0.0856 
16.58881, -0.007854953, -0.2318763, 0.2022403, 0, 0, 0, 0.0856, 0.0856 
16.60573, -0.008082772, -0.2333412, 0.2031034, 0, 0, 0, 0.0856, 0.0856 
16.62269, -0.007798456, -0.2322517, 0.2022965, 0, 0, 0, 0.0856, 0.0856 
16.63844, -0.00756683, -0.2324744, 0.2030223, 0, 0, 0, 0.0856, 0.0856 
16.6562, -0.007688917, -0.232086, 0.2026135, 0, 0, 0, 0.0856, 0.0856 
16.67296, -0.007797189, -0.2318933, 0.2023424, 0, 0, 0, 0.0856, 0.0856 
16.68919, -0.007907219, -0.2316996, 0.2023423, 0, 0, 0, 0.0856, 0.0856 
16.70594, -0.007855308, -0.2318133, 0.202799, 0, 0, 0, 0.0856, 0.0856 
16.72227, -0.007700864, -0.2321449, 0.2032621, 0, 0, 0, 0.0856, 0.0856 
16.73898, -0.007669151, -0.2326707, 0.2035815, 0, 0, 0, 0.0856, 0.0856 
16.75629, -0.007843965, -0.2324988, 0.2032962, 0, 0, 0, 0.0856, 0.0856 
16.77291, -0.007983558, -0.2322822, 0.2029036, 0, 0, 0, 0.0856, 0.0856 
16.78898, -0.008273761, -0.2319626, 0.2024053, 0, 0, 0, 0.0856, 0.0856 
16.8058, -0.008269114, -0.2319807, 0.2023844, 0, 0, 0, 0.0856, 0.0856 
16.82234, -0.007948649, -0.2326405, 0.2026562, 0, 0, 0, 0.0856, 0.0856 
16.83914, -0.00791533, -0.2317483, 0.2021015, 0, 0, 0, 0.0856, 0.0856 
16.85613, -0.007781641, -0.2310584, 0.2017974, 0, 0, 0, 0.0856, 0.0856 
16.87244, -0.007552694, -0.2312341, 0.2020914, 0, 0, 0, 0.0856, 0.0856 
16.89056, -0.007371786, -0.2319827, 0.2027876, 0, 0, 0, 0.0856, 0.0856 
16.90547, -0.00733134, -0.2323346, 0.2029922, 0, 0, 0, 0.0856, 0.0856 
16.93828, -0.00730458, -0.2325518, 0.2029732, 0, 0, 0, 0.0856, 0.0856 
16.95431, -0.007276155, -0.2323971, 0.202832, 0, 0, 0, 0.0856, 0.0856 
